path,bytes
.gitignore,493
CITATION.cff,1031
LICENSE,1065
LICENSE-DATA,539
README.md,6081
code/_scratch/cycle_reduced_pre_dhist_backup.py,10604
code/_scratch/debug.py,1635
code/_scratch/health_probe.sh,2253
code/_scratch/plot_dmft_overlay.py,2043
code/_scratch/plot_final.py,1893
code/_scratch/rerun_N10000.sh,1298
code/_scratch/run_gpu_gated.sh,2580
code/_scratch/run_lowalpha.sh,770
code/_scratch/run_multiseed.sh,1130
code/_scratch/scratch_test_jvp.py,1854
code/_scratch/scratch_verify_jvp.py,1912
code/_scratch/scratch_verify_jvp_2.py,2419
code/_scratch/scratch_verify_jvp_3.py,1559
code/_scratch/test_eval.py,742
code/_scratch/test_eval2.py,765
code/_scratch/test_logic.py,683
code/_scratch/test_matmul.py,572
code/_scratch/test_repeat.py,838
code/_scratch/test_tile.py,851
code/campaigns/RUNBOOK.md,5544
code/campaigns/arclength.py,4318
code/campaigns/batch_dde.py,4030
code/campaigns/campaign_specs.py,5020
code/campaigns/couplings.py,4658
code/campaigns/dynamics.py,23294
code/campaigns/fold_refinement.py,3560
code/campaigns/lyapunov_stream.py,11266
code/campaigns/make_e34_bifurcation_schematic.py,21568
code/campaigns/mlx_preflight.py,1493
code/campaigns/n10_audit.py,7865
code/campaigns/n1_compare.py,8082
code/campaigns/n1_convergence_audit.py,13520
code/campaigns/n1_history_control.py,3253
code/campaigns/n1_overnight.py,14103
code/campaigns/n2_analyse.py,19282
code/campaigns/n2_local_laws.py,23657
code/campaigns/n3_reanalyse.py,13620
code/campaigns/n4_figures.py,19837
code/campaigns/n5a_analyse.py,9530
code/campaigns/n5a_delay_scan.py,8152
code/campaigns/n5b_long_delay.py,20863
code/campaigns/n5b_pinned_audit.py,6092
code/campaigns/n5b_pinned_refine.py,8958
code/campaigns/n5b_recovery_supervisor.py,5000
code/campaigns/n6_lyapunov_campaign.py,5075
code/campaigns/n7_correlations.py,9316
code/campaigns/n8_analyse.py,23052
code/campaigns/n8_highload.py,5452
code/campaigns/n9_stationarity.py,9771
code/campaigns/observables.py,4923
code/campaigns/patterns.py,1789
code/campaigns/plot_n1_multiseed_identity.py,13336
code/campaigns/plot_n1_static_dynamic_equality.py,9983
code/campaigns/plot_n6_multiseed_lyapunov.py,6458
code/campaigns/run.sh,1101
code/campaigns/run_next24h.py,9075
code/campaigns/run_workplan.py,2852
code/campaigns/static_thresholds.py,12646
code/campaigns/tests/smoke_n1.py,2142
code/campaigns/tests/test_core.py,5564
code/campaigns/v5_paths.py,5261
code/core/analytic_check.py,5964
code/core/audit_static_analysis.py,8808
code/core/build_report_html.py,8294
code/core/compare_boundaries.py,3682
code/core/config.py,4360
code/core/couplings.py,7588
code/core/cycle_figures.py,9418
code/core/cycle_reduced.py,12700
code/core/cycle_reduced_batch.py,5951
code/core/cycle_reduced_mlx.py,4747
code/core/dde_stability.py,18488
code/core/discrete_bridge.py,5837
code/core/fig2_physical_roots.py,6140
code/core/figs_wave_phasemap_v2.py,8328
code/core/find_critical_lambdas.py,2436
code/core/finite_size_scaling.py,9302
code/core/fixed_point.py,12375
code/core/floquet.py,7970
code/core/floquet_monodromy.py,7677
code/core/hopf_crossover_refine.py,6178
code/core/hopf_locus.py,6087
code/core/jacobian_spectrum.py,11488
code/core/job_monitor.py,5391
code/core/lambda_c_grid.py,10256
code/core/lambda_c_grid_v2.py,9280
code/core/layered_chain.py,22702
code/core/mhn_reduced.py,21101
code/core/multiseed_fold.py,5131
code/core/pacemaker_cycle.py,6741
code/core/pacemaker_scan.py,6768
code/core/phase_diagrams_mcmc.py,9464
code/core/plot_critical_lambda_vs_tau.py,4770
code/core/plot_hopf_margin.py,4179
code/core/plots.py,15937
code/core/reduced_spectrum.py,9529
code/core/regen_figs_english.py,6195
code/core/robust_branch.py,6502
code/core/run_N10000.py,10966
code/core/run_analysis.py,13957
code/core/run_grid.py,3975
code/core/run_validation.py,8197
code/core/simulate_dde.py,10105
code/core/stitch.py,1850
code/core/summary_lambdac_alpha.py,2547
code/experiments/e14_contraction_near_death.py,4188
code/experiments/e15_pinned_hopf_margin.py,6058
code/experiments/e17_hopf_birth.py,5643
code/experiments/e17b_identify_final_state.py,3831
code/experiments/e17c_fig_refit.py,3952
code/experiments/e18_figures.py,5615
code/experiments/e18_pilot.py,3781
code/experiments/e18_pilot2.py,2166
code/experiments/e18_pilot3.py,2813
code/experiments/e18_pilot4.py,2629
code/experiments/e18_pilot5.py,2973
code/experiments/e18_pilot6.py,2482
code/experiments/e18a_front_branch.py,9829
code/experiments/e18b_delayed_stability.py,4500
code/experiments/e18c_coexistence.py,5681
code/experiments/e18d_basins.py,7327
code/experiments/e18d_dtcheck.py,1511
code/experiments/e18d_pilot.py,3180
code/experiments/e19_pilot.py,4182
code/experiments/e19a_cycle_clock.py,9053
code/experiments/e19b_death.py,8045
code/experiments/e19c_slowing.py,8779
code/experiments/e19d_fixedpoint.py,5464
code/experiments/e20_common.py,12034
code/experiments/e20_figures.py,5108
code/experiments/e20_inspect.py,1667
code/experiments/e20_pilot.py,4474
code/experiments/e20a_basin_fractions.py,5196
code/experiments/e20a_hi.py,3069
code/experiments/e20b_metastability.py,6406
code/experiments/e21_figures.py,8687
code/experiments/e21a2_dissolution.py,9193
code/experiments/e21a_front_birth.py,14385
code/experiments/e21b_tau_independence.py,5402
code/experiments/e21c_tau_nature.py,7840
code/experiments/e21d_memory_fold_check.py,6954
code/experiments/e21e_figS_full.py,7741
code/experiments/e22_desync.py,20034
code/experiments/e23a_chaos_nature.py,23202
code/experiments/e23b_frontier.py,18225
code/experiments/e24_analysis.py,7542
code/experiments/e24_thresholds.py,8223
code/experiments/e24a_geometry.py,6310
code/experiments/e24e_spotchecks.py,3434
code/experiments/e25_deathshape.py,8330
code/experiments/e26_analysis.py,6918
code/experiments/e27_markov_thresholds.py,11108
code/experiments/e28_gpcircle_thresholds.py,10931
code/experiments/e29_cycle_vs_ghosts.py,14788
code/experiments/e29_fig.py,5025
code/experiments/e30_analysis.py,6441
code/experiments/e30_scaling_overnight.py,4915
code/experiments/e31_fixedpoint_census.py,6150
code/experiments/e32_alpha_lambda_basins.py,7952
code/experiments/e32_analysis.py,3537
code/experiments/e33_aging.py,8187
code/experiments/e33_analysis.py,4265
code/experiments/e33_vs_alpha.py,4069
code/experiments/e34_ET0_figures.py,8886
code/experiments/e34_ET0prime_figures.py,9353
code/experiments/e34_ET1pp_figures.py,10966
code/experiments/e34_ET1prime_figures.py,8213
code/experiments/e34_alive_ladder.py,10720
code/experiments/e34_bifurcation_figure.py,10420
code/experiments/e34_branch_diagram.py,8530
code/experiments/e34_certif_tune.py,4451
code/experiments/e34_chain_closure.py,19271
code/experiments/e34_circle_figure.py,7701
code/experiments/e34_circle_trajectories.py,9902
code/experiments/e34_cycle_uniqueness.py,16053
code/experiments/e34_dwell_profile.py,5262
code/experiments/e34_dwell_seed_test.py,8144
code/experiments/e34_et1_boundary_diag.py,7835
code/experiments/e34_et1pp_followup.py,21630
code/experiments/e34_first_results.py,17360
code/experiments/e34_lib.py,48625
code/experiments/e34_necklace_wu_n2000.py,12505
code/experiments/e34_segment_scan.py,6304
code/experiments/e34_snic_closure.py,10923
code/experiments/e34_snic_figures.py,9271
code/experiments/e34_test_deflation.py,8348
code/experiments/e34_threshold_table.py,27646
code/experiments/e34_threshold_table_audit.py,4908
code/experiments/e34_twin_fold.py,12192
code/experiments/e34_uniqueness_merge.py,4445
code/experiments/e34a_census.py,31654
code/experiments/e34b_edge_tracking.py,57959
code/experiments/e35_analysis.py,28562
code/experiments/e35_dynamics.py,19169
code/experiments/e35_runtime.py,8954
code/experiments/e35_video_tools.py,19089
code/experiments/e35b_factorial_pilot.py,11959
code/experiments/e35c_synthetic_video_poc.py,16413
code/experiments/e35d0_make_figure.py,7231
code/experiments/e35d0_readout_diagnostics.py,17220
code/experiments/e35v1_bench.py,6347
code/experiments/e35v1_common.py,14971
code/experiments/e35v1_design.py,16885
code/experiments/e35v1_eval.py,11076
code/experiments/e35v1_figures.py,12981
code/experiments/e36_postprocess.py,46926
code/experiments/e36a2_delay.py,40736
code/experiments/e36a_regimes.py,31249
code/experiments/e36bench.py,3965
code/experiments/e37_arrest_in_time.py,4002
code/experiments/e37_e27_reconciliation.py,3513
code/experiments/e37_figure_doseresponse.py,7428
code/experiments/e37_figure_traces.py,7829
code/experiments/e37_modern_k_markov.py,9774
code/figures/build_panels.py,32338
code/figures/make_source_contact_sheet.py,3778
code/figures/v2/common2.py,2083
code/figures/v2/compose05.py,2998
code/figures/v2/p_chaos.py,10198
code/figures/v2/p_floquet.py,2990
code/figures/v2/p_model.py,7779
data/1_static_bifurcation/data/E17_hopf_birth.npz,449054
data/1_static_bifurcation/data/N10000_summary.npz,1804
data/1_static_bifurcation/data/finite_size_scaling_a0.050_tau10_b20.0.npz,1286
data/1_static_bifurcation/data/fold_N10000_a0.01.npz,1448
data/1_static_bifurcation/data/fold_N10000_a0.03.npz,1448
data/1_static_bifurcation/data/fold_N10000_a0.05.npz,1448
data/1_static_bifurcation/data/fold_N10000_a0.1.npz,1556
data/1_static_bifurcation/data/fold_N2000_a0.1.npz,1556
data/1_static_bifurcation/data/hopf_crossover_a0.07.npz,3380
data/1_static_bifurcation/data/lambda_c_grid.npz,2826
data/1_static_bifurcation/data/lambda_c_grid_N10000.npz,2826
data/1_static_bifurcation/data/lambda_c_grid_v2_N2000.npz,7390
data/1_static_bifurcation/data/large_tau/lambda_c_grid_v2_N2000.npz,3774
data/1_static_bifurcation/data/large_tau2/lambda_c_grid_v2_N2000.npz,3204
data/2_recall_cycle_snic/E34_ET1pp_RESULTS.md,15926
data/2_recall_cycle_snic/E34_INVARIANT_CIRCLE_RESULTS.md,20083
data/2_recall_cycle_snic/E34_RESULTS.json,8106
data/2_recall_cycle_snic/E34_RESULTS.md,6502
data/2_recall_cycle_snic/data/E11_floquet_spectra_N500.npz,2124
data/2_recall_cycle_snic/data/E29_cycle_ghosts.npz,2806538
data/2_recall_cycle_snic/data/E34/E34_ET0_RESULTS.md,26292
data/2_recall_cycle_snic/data/E34/E34_ET0_log_20260724T124628_553306.txt,1918
data/2_recall_cycle_snic/data/E34/E34_ET0_log_20260724T124822_763937.txt,5229
data/2_recall_cycle_snic/data/E34/E34_ET0_results_20260724T124628_553306.npz,8102
data/2_recall_cycle_snic/data/E34/E34_ET0_results_20260724T124822_763937.npz,15678
data/2_recall_cycle_snic/data/E34/E34_ET0_summary_20260724T124628_553306.json,3057
data/2_recall_cycle_snic/data/E34/E34_ET0_summary_20260724T124822_763937.json,7760
data/2_recall_cycle_snic/data/E34/E34_ET0prime_log_20260724T131345_987829.txt,2860
data/2_recall_cycle_snic/data/E34/E34_ET0prime_results_20260724T131345_987829.npz,9077
data/2_recall_cycle_snic/data/E34/E34_ET0prime_summary_20260724T131345_987829.json,4696
data/2_recall_cycle_snic/data/E34/E34_ET1pp_followup_arc_mu28_20260727T161330.json,864
data/2_recall_cycle_snic/data/E34/E34_ET1pp_followup_arc_mu28_20260727T161433.json,2089
data/2_recall_cycle_snic/data/E34/E34_ET1pp_followup_cycle_mu91_20260727T162314.json,1324
data/2_recall_cycle_snic/data/E34/E34_ET1pp_followup_land_mu1_20260727T161540.json,919
data/2_recall_cycle_snic/data/E34/E34_ET1pp_followup_land_mu1_20260727T162050.json,1074
data/2_recall_cycle_snic/data/E34/E34_ET1pp_followup_loc_mu91_20260727T162424.json,353
data/2_recall_cycle_snic/data/E34/E34_ET1pp_followup_recell_mu28_20260727T162643.json,2113
data/2_recall_cycle_snic/data/E34/E34_ET1pp_wu_log_20260727T153812.txt,545
data/2_recall_cycle_snic/data/E34/E34_ET1pp_wu_log_20260727T153907.txt,951
data/2_recall_cycle_snic/data/E34/E34_ET1pp_wu_log_20260727T154356.txt,6300
data/2_recall_cycle_snic/data/E34/E34_ET1pp_wu_results_20260727T153812.npz,5454
data/2_recall_cycle_snic/data/E34/E34_ET1pp_wu_results_20260727T153907.npz,7866
data/2_recall_cycle_snic/data/E34/E34_ET1pp_wu_results_20260727T154356.npz,17361
data/2_recall_cycle_snic/data/E34/E34_ET1pp_wu_summary_20260727T153812.json,806
data/2_recall_cycle_snic/data/E34/E34_ET1pp_wu_summary_20260727T153907.json,2166
data/2_recall_cycle_snic/data/E34/E34_ET1pp_wu_summary_20260727T154356.json,13792
data/2_recall_cycle_snic/data/E34/E34_ET1prime_boundary_diag_20260725T142427.json,6733
data/2_recall_cycle_snic/data/E34/E34_ET1prime_boundary_diag_20260725T142427.npz,5346
data/2_recall_cycle_snic/data/E34/E34_ET1prime_log_20260724T133605_474205.txt,1925
data/2_recall_cycle_snic/data/E34/E34_ET1prime_log_20260724T135716_401628.txt,2052
data/2_recall_cycle_snic/data/E34/E34_ET1prime_results_20260724T133605_474205.npz,5818
data/2_recall_cycle_snic/data/E34/E34_ET1prime_results_20260724T135716_401628.npz,6938
data/2_recall_cycle_snic/data/E34/E34_ET1prime_summary_20260724T133605_474205.json,2778
data/2_recall_cycle_snic/data/E34/E34_ET1prime_summary_20260724T135716_401628.json,3263
data/2_recall_cycle_snic/data/E34/E34_alive_ladder_20260729T205206.json,3644
data/2_recall_cycle_snic/data/E34/E34_alive_ladder_20260729T205358.json,1425
data/2_recall_cycle_snic/data/E34/E34_alive_ladder_20260729T212158.json,62272
data/2_recall_cycle_snic/data/E34/E34_branch_diagram_mu22_20260730T231120.json,38494
data/2_recall_cycle_snic/data/E34/E34_branch_diagram_mu91_20260730T231350.json,81894
data/2_recall_cycle_snic/data/E34/E34_branch_diagram_mu91_20260730T231700.json,33032
data/2_recall_cycle_snic/data/E34/E34_branch_diagram_mu96_20260730T231140.json,30713
data/2_recall_cycle_snic/data/E34/E34_branch_diagram_mu9_20260730T230731.json,712
data/2_recall_cycle_snic/data/E34/E34_branch_diagram_mu9_20260730T230848.json,25948
data/2_recall_cycle_snic/data/E34/E34_certif_tune_20260727T154226.json,998
data/2_recall_cycle_snic/data/E34/E34_chain_lam0.212122_smoke_20260729T205636.json,1632
data/2_recall_cycle_snic/data/E34/E34_chain_lam0.222122_mu28d010_20260729T205934.json,923
data/2_recall_cycle_snic/data/E34/E34_chain_lam0.227122_mu28d005_20260729T205933.json,923
data/2_recall_cycle_snic/data/E34/E34_chain_lam0.298819_bead3_20260729T213725.json,1691
data/2_recall_cycle_snic/data/E34/E34_chain_lam0.298819_bead49_20260729T214657.json,990
data/2_recall_cycle_snic/data/E34/E34_chain_lam0.298819_mu22robust_20260729T214025.json,3438
data/2_recall_cycle_snic/data/E34/E34_chain_lam0.298819_shardA_20260729T212243.json,8619
data/2_recall_cycle_snic/data/E34/E34_chain_lam0.298819_shardB_20260729T212243.json,7240
data/2_recall_cycle_snic/data/E34/E34_chain_lam0.298819_twin22_20260729T221315.json,1867
data/2_recall_cycle_snic/data/E34/E34_chain_lam0.298819_v2shardA_20260730T012955.json,30364
data/2_recall_cycle_snic/data/E34/E34_chain_lam0.298819_v2shardB_20260730T012955.json,28321
data/2_recall_cycle_snic/data/E34/E34_chain_lam0.303500_n5_20260729T214657.json,7424
data/2_recall_cycle_snic/data/E34/E34_chain_lam0.303500_twin996_20260729T221546.json,3384
data/2_recall_cycle_snic/data/E34/E34_chain_lam0.303500_v2n5_20260730T015732.json,28561
data/2_recall_cycle_snic/data/E34/E34_chain_lam0.306000_n4_20260729T214726.json,5997
data/2_recall_cycle_snic/data/E34/E34_chain_lam0.306000_tgtsmoke_20260730T012449.json,4797
data/2_recall_cycle_snic/data/E34/E34_chain_lam0.306000_twin9a_20260729T221315.json,1797
data/2_recall_cycle_snic/data/E34/E34_chain_lam0.306000_v2n4_20260730T012955.json,21250
data/2_recall_cycle_snic/data/E34/E34_chain_lam0.307629_20260729T212243.json,3126
data/2_recall_cycle_snic/data/E34/E34_circle_traj_circle1_20260730T211413.json,1497
data/2_recall_cycle_snic/data/E34/E34_circle_traj_circle1_20260730T211413.npz,1792499
data/2_recall_cycle_snic/data/E34/E34_circle_traj_circle2_20260730T211432.json,2879
data/2_recall_cycle_snic/data/E34/E34_circle_traj_twins_20260730T211345.json,2955
data/2_recall_cycle_snic/data/E34/E34_circle_traj_twins_20260730T211345.npz,647399
data/2_recall_cycle_snic/data/E34/E34_cycle_uniqueness_MERGED_lam0.330000.json,3445
data/2_recall_cycle_snic/data/E34/E34_cycle_uniqueness_MERGED_lam0.350000.json,3421
data/2_recall_cycle_snic/data/E34/E34_cycle_uniqueness_lam0.328500_periodscan_20260730T231058.json,827
data/2_recall_cycle_snic/data/E34/E34_cycle_uniqueness_lam0.328500_periodscan_20260730T231058.npz,184449
data/2_recall_cycle_snic/data/E34/E34_cycle_uniqueness_lam0.330000_L33s1_20260730T224716.json,26754
data/2_recall_cycle_snic/data/E34/E34_cycle_uniqueness_lam0.330000_L33s2_20260730T224716.json,25453
data/2_recall_cycle_snic/data/E34/E34_cycle_uniqueness_lam0.330000_L33s3_20260730T224716.json,26211
data/2_recall_cycle_snic/data/E34/E34_cycle_uniqueness_lam0.330000_L33zfixa_20260731T095058.json,2845
data/2_recall_cycle_snic/data/E34/E34_cycle_uniqueness_lam0.330000_L33zfixa_20260731T095058.npz,553622
data/2_recall_cycle_snic/data/E34/E34_cycle_uniqueness_lam0.330000_L33zfixb_20260731T095058.json,2052
data/2_recall_cycle_snic/data/E34/E34_cycle_uniqueness_lam0.330000_L33zfixb_20260731T095058.npz,369017
data/2_recall_cycle_snic/data/E34/E34_cycle_uniqueness_lam0.330000_periodscan_20260730T231736.json,819
data/2_recall_cycle_snic/data/E34/E34_cycle_uniqueness_lam0.330000_periodscan_20260730T231736.npz,184487
data/2_recall_cycle_snic/data/E34/E34_cycle_uniqueness_lam0.335000_periodscan_20260730T232328.json,822
data/2_recall_cycle_snic/data/E34/E34_cycle_uniqueness_lam0.335000_periodscan_20260730T232328.npz,182578
data/2_recall_cycle_snic/data/E34/E34_cycle_uniqueness_lam0.340000_periodscan_20260730T232908.json,868
data/2_recall_cycle_snic/data/E34/E34_cycle_uniqueness_lam0.340000_periodscan_20260730T232908.npz,181323
data/2_recall_cycle_snic/data/E34/E34_cycle_uniqueness_lam0.350000_C1_20260731T003221.json,13999
data/2_recall_cycle_snic/data/E34/E34_cycle_uniqueness_lam0.350000_C2_20260731T003221.json,13834
data/2_recall_cycle_snic/data/E34/E34_cycle_uniqueness_lam0.350000_C3_20260731T003221.json,13287
data/2_recall_cycle_snic/data/E34/E34_cycle_uniqueness_lam0.350000_C4_20260731T003221.json,12003
data/2_recall_cycle_snic/data/E34/E34_cycle_uniqueness_lam0.350000_C5_20260731T003221.json,12116
data/2_recall_cycle_snic/data/E34/E34_cycle_uniqueness_lam0.350000_C6_20260731T003221.json,13262
data/2_recall_cycle_snic/data/E34/E34_cycle_uniqueness_lam0.350000_L35s1_20260730T224716.json,20199
data/2_recall_cycle_snic/data/E34/E34_cycle_uniqueness_lam0.350000_L35s2_20260730T224716.json,19584
data/2_recall_cycle_snic/data/E34/E34_cycle_uniqueness_lam0.350000_L35s3_20260730T224716.json,18445
data/2_recall_cycle_snic/data/E34/E34_cycle_uniqueness_lam0.350000_L35s4_20260730T224716.json,19135
data/2_recall_cycle_snic/data/E34/E34_cycle_uniqueness_lam0.350000_L35zctla_20260731T002357.json,2093
data/2_recall_cycle_snic/data/E34/E34_cycle_uniqueness_lam0.350000_L35zctla_20260731T002357.npz,358139
data/2_recall_cycle_snic/data/E34/E34_cycle_uniqueness_lam0.350000_L35zctlb_20260731T002357.json,2009
data/2_recall_cycle_snic/data/E34/E34_cycle_uniqueness_lam0.350000_L35zctlb_20260731T002357.npz,358034
data/2_recall_cycle_snic/data/E34/E34_cycle_uniqueness_lam0.350000_L35zfixa_20260731T002357.json,2044
data/2_recall_cycle_snic/data/E34/E34_cycle_uniqueness_lam0.350000_L35zfixa_20260731T002357.npz,358066
data/2_recall_cycle_snic/data/E34/E34_cycle_uniqueness_lam0.350000_L35zfixb_20260731T002357.json,1935
data/2_recall_cycle_snic/data/E34/E34_cycle_uniqueness_lam0.350000_L35zfixb_20260731T002357.npz,358105
data/2_recall_cycle_snic/data/E34/E34_cycle_uniqueness_lam0.350000_pilot3_20260730T220625.json,1406
data/2_recall_cycle_snic/data/E34/E34_cycle_uniqueness_lam0.350000_pilot3_20260730T220625.npz,1313
data/2_recall_cycle_snic/data/E34/E34_cycle_uniqueness_lam0.350000_pilot4_20260730T221034.json,2235
data/2_recall_cycle_snic/data/E34/E34_cycle_uniqueness_lam0.350000_pilot4_20260730T221034.npz,3871
data/2_recall_cycle_snic/data/E34/E34_cycle_uniqueness_lam0.350000_pilot5_20260730T221542.json,2345
data/2_recall_cycle_snic/data/E34/E34_cycle_uniqueness_lam0.350000_pilot5_20260730T221542.npz,3879
data/2_recall_cycle_snic/data/E34/E34_cycle_uniqueness_lam0.350000_pilot6_20260730T222048.json,2612
data/2_recall_cycle_snic/data/E34/E34_cycle_uniqueness_lam0.350000_pilot6_20260730T222048.npz,537053
data/2_recall_cycle_snic/data/E34/E34_cycle_uniqueness_lam0.350000_pilot7_20260730T222546.json,2731
data/2_recall_cycle_snic/data/E34/E34_cycle_uniqueness_lam0.350000_pilot7_20260730T222546.npz,537096
data/2_recall_cycle_snic/data/E34/E34_cycle_uniqueness_lam0.350000_pilot_20260730T215908.json,1084
data/2_recall_cycle_snic/data/E34/E34_cycle_uniqueness_lam0.350000_pilot_20260730T215908.npz,2048
data/2_recall_cycle_snic/data/E34/E34_cycle_uniqueness_lam0.360000_periodscan_20260730T233502.json,859
data/2_recall_cycle_snic/data/E34/E34_cycle_uniqueness_lam0.360000_periodscan_20260730T233502.npz,176925
data/2_recall_cycle_snic/data/E34/E34_cycle_uniqueness_lam0.380000_periodscan_20260730T234043.json,823
data/2_recall_cycle_snic/data/E34/E34_cycle_uniqueness_lam0.380000_periodscan_20260730T234043.npz,173183
data/2_recall_cycle_snic/data/E34/E34_cycle_uniqueness_lam0.400000_periodscan_20260730T234646.json,845
data/2_recall_cycle_snic/data/E34/E34_cycle_uniqueness_lam0.400000_periodscan_20260730T234646.npz,169869
data/2_recall_cycle_snic/data/E34/E34_deflation_test_20260727T152525.json,719
data/2_recall_cycle_snic/data/E34/E34_dwell_seed_test_20260727T153607.json,3138
data/2_recall_cycle_snic/data/E34/E34_segment_lam0.298819_mu22_nu27_20260730T211912.json,4373
data/2_recall_cycle_snic/data/E34/E34_segment_lam0.306000_mu9_nu22_20260730T212032.json,4379
data/2_recall_cycle_snic/data/E34/E34_snic_closure_mu91_d0.005_20260729T205005.json,496
data/2_recall_cycle_snic/data/E34/E34_snic_closure_mu91_d0.005_20260729T205005.npz,7857
data/2_recall_cycle_snic/data/E34/E34_snic_closure_mu91_d0.005_20260729T205209.json,560
data/2_recall_cycle_snic/data/E34/E34_snic_closure_mu91_d0.005_20260729T205209.npz,24722
data/2_recall_cycle_snic/data/E34/E34_snic_closure_mu91_d0.01_20260729T205208.json,562
data/2_recall_cycle_snic/data/E34/E34_snic_closure_mu91_d0.01_20260729T205208.npz,24254
data/2_recall_cycle_snic/data/E34/E34_snic_closure_mu91_d0.02_20260729T210058.json,510
data/2_recall_cycle_snic/data/E34/E34_snic_closure_mu91_d0.02_20260729T210058.npz,18082
data/2_recall_cycle_snic/data/E34/E34_threshold_table_audit_20260727T161647.json,35139
data/2_recall_cycle_snic/data/E34/E34_threshold_table_audit_20260727T162013.json,85504
data/2_recall_cycle_snic/data/E34/E34_thresholds_N400_P20_s42_20260723T190123_282253.npz,16506
data/2_recall_cycle_snic/data/E34/E34_thresholds_N400_P20_s42_20260723T191104_587960.npz,70022
data/2_recall_cycle_snic/data/E34/E34_twin_fold_lam0.298819_mu22_20260730T224226.json,1444
data/2_recall_cycle_snic/data/E34/E34_twin_fold_lam0.303500_mu96_20260730T224624.json,1427
data/2_recall_cycle_snic/data/E34/E34_twin_fold_lam0.306000_mu9_20260730T223816.json,1438
data/2_recall_cycle_snic/data/E34/E34a_census_20260723T191129_596021.npz,6789
data/2_recall_cycle_snic/data/E34/E34a_census_20260723T191854_621183.npz,5756
data/2_recall_cycle_snic/data/E34/E34a_census_20260723T191922_621256.npz,7309
data/2_recall_cycle_snic/data/E34/E34a_events_20260723T191129_596021.jsonl,2056
data/2_recall_cycle_snic/data/E34/E34a_events_20260723T191854_621183.jsonl,1206
data/2_recall_cycle_snic/data/E34/E34a_events_20260723T191922_621256.jsonl,2399
data/2_recall_cycle_snic/data/E34/E34a_heartbeat_20260723T191129_596021.json,352
data/2_recall_cycle_snic/data/E34/E34a_heartbeat_20260723T191854_621183.json,352
data/2_recall_cycle_snic/data/E34/E34a_heartbeat_20260723T191922_621256.json,352
data/2_recall_cycle_snic/data/E34/E34a_manifest_20260723T191129_596021.json,1430
data/2_recall_cycle_snic/data/E34/E34a_manifest_20260723T191854_621183.json,1446
data/2_recall_cycle_snic/data/E34/E34a_manifest_20260723T191922_621256.json,1492
data/2_recall_cycle_snic/data/E34/E34thr_checkpoint_20260723T190123_282253.npz,16506
data/2_recall_cycle_snic/data/E34/E34thr_checkpoint_20260723T191104_587960.npz,70022
data/2_recall_cycle_snic/data/E34/E34thr_events_20260723T190123_282253.jsonl,6229
data/2_recall_cycle_snic/data/E34/E34thr_events_20260723T191104_587960.jsonl,12412
data/2_recall_cycle_snic/data/E34/E34thr_heartbeat_20260723T190123_282253.json,388
data/2_recall_cycle_snic/data/E34/E34thr_heartbeat_20260723T191104_587960.json,398
data/2_recall_cycle_snic/data/E34/E34thr_manifest_20260723T190123_282253.json,1357
data/2_recall_cycle_snic/data/E34/E34thr_manifest_20260723T191104_587960.json,1366
data/2_recall_cycle_snic/data/E7_attractor_census_lam0.31.npz,39294
data/2_recall_cycle_snic/data/E9_bond_times.npz,4044
data/2_recall_cycle_snic/data/floquet_scan_N2000_tau10.0.npz,2449
data/3_threshold_scaling/data/E12_pinned_branch.npz,702
data/3_threshold_scaling/data/E15_pinned_margins.npz,1962
data/3_threshold_scaling/data/E18_coexistence.npz,1490
data/3_threshold_scaling/data/E18_delayed_stability.npz,1526
data/3_threshold_scaling/data/E18_front_branch.npz,160184
data/3_threshold_scaling/data/E18_front_lam0318.npz,17290
data/3_threshold_scaling/data/E18_front_seed_lam0.31.npz,17290
data/3_threshold_scaling/data/E18_front_seed_lam0.32.npz,17290
data/3_threshold_scaling/data/E18_pilot_u30.npz,17558
data/3_threshold_scaling/data/E21_RESULTS.md,5707
data/3_threshold_scaling/data/E21_dissolution.npz,13250
data/3_threshold_scaling/data/E21_front_birth.npz,16720
data/3_threshold_scaling/data/E21_mem_marks.npz,1040
data/3_threshold_scaling/data/E21_tau_independence.npz,1834
data/3_threshold_scaling/data/E21_tau_nature.npz,4036
data/3_threshold_scaling/data/E21d_memory_fold_check.npz,18931
data/3_threshold_scaling/data/E24_curves_N10000_s42.npz,114568
data/3_threshold_scaling/data/E24_curves_N2000_s42.npz,91358
data/3_threshold_scaling/data/E24_thr_N1000_P50_s42.npz,2290
data/3_threshold_scaling/data/E24_thr_N1000_P50_s43.npz,2290
data/3_threshold_scaling/data/E24_thr_N1000_P50_s44.npz,2306
data/3_threshold_scaling/data/E24_thr_N1000_P50_s45.npz,2306
data/3_threshold_scaling/data/E24_thr_N1000_P50_s46.npz,2298
data/3_threshold_scaling/data/E24_thr_N16000_P100_s42.npz,3090
data/3_threshold_scaling/data/E24_thr_N16000_P100_s43.npz,3090
data/3_threshold_scaling/data/E24_thr_N16000_P100_s44.npz,3090
data/3_threshold_scaling/data/E24_thr_N16000_P100_s45.npz,3090
data/3_threshold_scaling/data/E24_thr_N16000_P100_s46.npz,3090
data/3_threshold_scaling/data/E24_thr_N2000_P100_s42.npz,3090
data/3_threshold_scaling/data/E24_thr_N2000_P100_s43.npz,3090
data/3_threshold_scaling/data/E24_thr_N2000_P100_s44.npz,3090
data/3_threshold_scaling/data/E24_thr_N2000_P100_s45.npz,3090
data/3_threshold_scaling/data/E24_thr_N2000_P100_s46.npz,3090
data/3_threshold_scaling/data/E24_thr_N4000_P100_s42.npz,3090
data/3_threshold_scaling/data/E24_thr_N4000_P100_s43.npz,3090
data/3_threshold_scaling/data/E24_thr_N4000_P100_s44.npz,3090
data/3_threshold_scaling/data/E24_thr_N4000_P100_s45.npz,3090
data/3_threshold_scaling/data/E24_thr_N4000_P100_s46.npz,3090
data/3_threshold_scaling/data/E24_thr_N4000_P200_s42.npz,4690
data/3_threshold_scaling/data/E24_thr_N4000_P200_s43.npz,4690
data/3_threshold_scaling/data/E24_thr_N4000_P200_s44.npz,4690
data/3_threshold_scaling/data/E24_thr_N4000_P200_s45.npz,4690
data/3_threshold_scaling/data/E24_thr_N4000_P200_s46.npz,4690
data/3_threshold_scaling/data/E24_thr_N500_P25_s42.npz,1930
data/3_threshold_scaling/data/E24_thr_N500_P25_s43.npz,1970
data/3_threshold_scaling/data/E24_thr_N500_P25_s44.npz,1970
data/3_threshold_scaling/data/E24_thr_N500_P25_s45.npz,1962
data/3_threshold_scaling/data/E24_thr_N500_P25_s46.npz,1930
data/3_threshold_scaling/data/E24_thr_N8000_P100_s42.npz,3090
data/3_threshold_scaling/data/E24_thr_N8000_P100_s43.npz,3090
data/3_threshold_scaling/data/E24_thr_N8000_P100_s44.npz,3090
data/3_threshold_scaling/data/E24_thr_N8000_P100_s45.npz,3090
data/3_threshold_scaling/data/E24_thr_N8000_P100_s46.npz,3090
data/3_threshold_scaling/data/E24_thr_N8000_P400_s42.npz,7898
data/3_threshold_scaling/data/E24_thr_N8000_P400_s43.npz,7890
data/3_threshold_scaling/data/E24_thr_N8000_P400_s44.npz,7890
data/3_threshold_scaling/data/E24e_spotchecks.npz,2378
data/3_threshold_scaling/data/E25_deathshape.npz,6748
data/3_threshold_scaling/data/E25_deathshape_N10000.npz,9148
data/3_threshold_scaling/data/E26_pilot.npz,2016
data/3_threshold_scaling/data/E26_thr_N10000_P1000_s42.npz,3496
data/3_threshold_scaling/data/E26_thr_N10000_P100_s42.npz,4128
data/3_threshold_scaling/data/E26_thr_N10000_P100_s43.npz,4128
data/3_threshold_scaling/data/E26_thr_N10000_P200_s42.npz,6528
data/3_threshold_scaling/data/E26_thr_N10000_P200_s43.npz,6528
data/3_threshold_scaling/data/E26_thr_N10000_P500_s42.npz,4128
data/3_threshold_scaling/data/E26_thr_N10000_P500_s43.npz,4128
data/3_threshold_scaling/data/E26_thr_N10000_P800_s42.npz,3832
data/3_threshold_scaling/data/E30_scaling/E30_N10000_P500_s1000.npz,13728
data/3_threshold_scaling/data/E30_scaling/E30_N10000_P500_s1001.npz,13728
data/3_threshold_scaling/data/E30_scaling/E30_N1000_P100_s1000.npz,4256
data/3_threshold_scaling/data/E30_scaling/E30_N1000_P100_s1001.npz,4264
data/3_threshold_scaling/data/E30_scaling/E30_N1000_P100_s1002.npz,4232
data/3_threshold_scaling/data/E30_scaling/E30_N1000_P100_s1003.npz,4288
data/3_threshold_scaling/data/E30_scaling/E30_N1000_P100_s1004.npz,4304
data/3_threshold_scaling/data/E30_scaling/E30_N1000_P100_s1005.npz,4344
data/3_threshold_scaling/data/E30_scaling/E30_N1000_P100_s1006.npz,4248
data/3_threshold_scaling/data/E30_scaling/E30_N1000_P100_s1007.npz,4280
data/3_threshold_scaling/data/E30_scaling/E30_N1000_P100_s1008.npz,4288
data/3_threshold_scaling/data/E30_scaling/E30_N1000_P100_s1009.npz,4272
data/3_threshold_scaling/data/E30_scaling/E30_N1000_P100_s1010.npz,4368
data/3_threshold_scaling/data/E30_scaling/E30_N1000_P100_s1011.npz,4320
data/3_threshold_scaling/data/E30_scaling/E30_N1000_P100_s1012.npz,4264
data/3_threshold_scaling/data/E30_scaling/E30_N1000_P100_s1013.npz,4320
data/3_threshold_scaling/data/E30_scaling/E30_N1000_P100_s1014.npz,4256
data/3_threshold_scaling/data/E30_scaling/E30_N1000_P100_s1015.npz,4312
data/3_threshold_scaling/data/E30_scaling/E30_N1000_P100_s1016.npz,4352
data/3_threshold_scaling/data/E30_scaling/E30_N1000_P100_s1017.npz,4288
data/3_threshold_scaling/data/E30_scaling/E30_N1000_P100_s1018.npz,4280
data/3_threshold_scaling/data/E30_scaling/E30_N1000_P100_s1019.npz,4232
data/3_threshold_scaling/data/E30_scaling/E30_N1000_P100_s1020.npz,4312
data/3_threshold_scaling/data/E30_scaling/E30_N1000_P100_s1021.npz,4248
data/3_threshold_scaling/data/E30_scaling/E30_N1000_P100_s1022.npz,4296
data/3_threshold_scaling/data/E30_scaling/E30_N1000_P100_s1023.npz,4272
data/3_threshold_scaling/data/E30_scaling/E30_N1000_P50_s1000.npz,2928
data/3_threshold_scaling/data/E30_scaling/E30_N1000_P50_s1001.npz,2928
data/3_threshold_scaling/data/E30_scaling/E30_N1000_P50_s1002.npz,2944
data/3_threshold_scaling/data/E30_scaling/E30_N1000_P50_s1003.npz,2944
data/3_threshold_scaling/data/E30_scaling/E30_N1000_P50_s1004.npz,2928
data/3_threshold_scaling/data/E30_scaling/E30_N1000_P50_s1005.npz,2960
data/3_threshold_scaling/data/E30_scaling/E30_N1000_P50_s1006.npz,2928
data/3_threshold_scaling/data/E30_scaling/E30_N1000_P50_s1007.npz,2936
data/3_threshold_scaling/data/E30_scaling/E30_N1000_P50_s1008.npz,2928
data/3_threshold_scaling/data/E30_scaling/E30_N1000_P50_s1009.npz,2928
data/3_threshold_scaling/data/E30_scaling/E30_N1000_P50_s1010.npz,2944
data/3_threshold_scaling/data/E30_scaling/E30_N1000_P50_s1011.npz,2944
data/3_threshold_scaling/data/E30_scaling/E30_N1000_P50_s1012.npz,2928
data/3_threshold_scaling/data/E30_scaling/E30_N1000_P50_s1013.npz,2944
data/3_threshold_scaling/data/E30_scaling/E30_N1000_P50_s1014.npz,2976
data/3_threshold_scaling/data/E30_scaling/E30_N1000_P50_s1015.npz,2936
data/3_threshold_scaling/data/E30_scaling/E30_N1000_P50_s1016.npz,2968
data/3_threshold_scaling/data/E30_scaling/E30_N1000_P50_s1017.npz,2944
data/3_threshold_scaling/data/E30_scaling/E30_N1000_P50_s1018.npz,2944
data/3_threshold_scaling/data/E30_scaling/E30_N1000_P50_s1019.npz,2928
data/3_threshold_scaling/data/E30_scaling/E30_N1000_P50_s1020.npz,2936
data/3_threshold_scaling/data/E30_scaling/E30_N1000_P50_s1021.npz,2928
data/3_threshold_scaling/data/E30_scaling/E30_N1000_P50_s1022.npz,2944
data/3_threshold_scaling/data/E30_scaling/E30_N1000_P50_s1023.npz,2944
data/3_threshold_scaling/data/E30_scaling/E30_N11314_P100_s1000.npz,4128
data/3_threshold_scaling/data/E30_scaling/E30_N11314_P100_s1001.npz,4128
data/3_threshold_scaling/data/E30_scaling/E30_N11314_P100_s1002.npz,4128
data/3_threshold_scaling/data/E30_scaling/E30_N11314_P100_s1003.npz,4128
data/3_threshold_scaling/data/E30_scaling/E30_N11314_P100_s1004.npz,4128
data/3_threshold_scaling/data/E30_scaling/E30_N11314_P100_s1005.npz,4128
data/3_threshold_scaling/data/E30_scaling/E30_N11314_P100_s1006.npz,4128
data/3_threshold_scaling/data/E30_scaling/E30_N11314_P100_s1007.npz,4128
data/3_threshold_scaling/data/E30_scaling/E30_N11314_P100_s1008.npz,4128
data/3_threshold_scaling/data/E30_scaling/E30_N11314_P100_s1009.npz,4128
data/3_threshold_scaling/data/E30_scaling/E30_N11314_P100_s1010.npz,4128
data/3_threshold_scaling/data/E30_scaling/E30_N11314_P100_s1011.npz,4128
data/3_threshold_scaling/data/E30_scaling/E30_N11314_P100_s1012.npz,4128
data/3_threshold_scaling/data/E30_scaling/E30_N11314_P100_s1013.npz,4128
data/3_threshold_scaling/data/E30_scaling/E30_N11314_P100_s1014.npz,4128
data/3_threshold_scaling/data/E30_scaling/E30_N11314_P100_s1015.npz,4128
data/3_threshold_scaling/data/E30_scaling/E30_N14000_P700_s1000.npz,18528
data/3_threshold_scaling/data/E30_scaling/E30_N1414_P100_s1000.npz,4152
data/3_threshold_scaling/data/E30_scaling/E30_N1414_P100_s1001.npz,4152
data/3_threshold_scaling/data/E30_scaling/E30_N1414_P100_s1002.npz,4128
data/3_threshold_scaling/data/E30_scaling/E30_N1414_P100_s1003.npz,4160
data/3_threshold_scaling/data/E30_scaling/E30_N1414_P100_s1004.npz,4136
data/3_threshold_scaling/data/E30_scaling/E30_N1414_P100_s1005.npz,4136
data/3_threshold_scaling/data/E30_scaling/E30_N1414_P100_s1006.npz,4168
data/3_threshold_scaling/data/E30_scaling/E30_N1414_P100_s1007.npz,4136
data/3_threshold_scaling/data/E30_scaling/E30_N1414_P100_s1008.npz,4152
data/3_threshold_scaling/data/E30_scaling/E30_N1414_P100_s1009.npz,4144
data/3_threshold_scaling/data/E30_scaling/E30_N1414_P100_s1010.npz,4160
data/3_threshold_scaling/data/E30_scaling/E30_N1414_P100_s1011.npz,4152
data/3_threshold_scaling/data/E30_scaling/E30_N1414_P100_s1012.npz,4152
data/3_threshold_scaling/data/E30_scaling/E30_N1414_P100_s1013.npz,4152
data/3_threshold_scaling/data/E30_scaling/E30_N1414_P100_s1014.npz,4136
data/3_threshold_scaling/data/E30_scaling/E30_N1414_P100_s1015.npz,4136
data/3_threshold_scaling/data/E30_scaling/E30_N1414_P100_s1016.npz,4152
data/3_threshold_scaling/data/E30_scaling/E30_N1414_P100_s1017.npz,4168
data/3_threshold_scaling/data/E30_scaling/E30_N1414_P100_s1018.npz,4160
data/3_threshold_scaling/data/E30_scaling/E30_N1414_P100_s1019.npz,4144
data/3_threshold_scaling/data/E30_scaling/E30_N1414_P100_s1020.npz,4144
data/3_threshold_scaling/data/E30_scaling/E30_N1414_P100_s1021.npz,4144
data/3_threshold_scaling/data/E30_scaling/E30_N1414_P100_s1022.npz,4144
data/3_threshold_scaling/data/E30_scaling/E30_N1414_P100_s1023.npz,4152
data/3_threshold_scaling/data/E30_scaling/E30_N1414_P71_s1000.npz,3440
data/3_threshold_scaling/data/E30_scaling/E30_N1414_P71_s1001.npz,3432
data/3_threshold_scaling/data/E30_scaling/E30_N1414_P71_s1002.npz,3432
data/3_threshold_scaling/data/E30_scaling/E30_N1414_P71_s1003.npz,3448
data/3_threshold_scaling/data/E30_scaling/E30_N1414_P71_s1004.npz,3432
data/3_threshold_scaling/data/E30_scaling/E30_N1414_P71_s1005.npz,3432
data/3_threshold_scaling/data/E30_scaling/E30_N1414_P71_s1006.npz,3448
data/3_threshold_scaling/data/E30_scaling/E30_N1414_P71_s1007.npz,3432
data/3_threshold_scaling/data/E30_scaling/E30_N1414_P71_s1008.npz,3432
data/3_threshold_scaling/data/E30_scaling/E30_N1414_P71_s1009.npz,3432
data/3_threshold_scaling/data/E30_scaling/E30_N1414_P71_s1010.npz,3440
data/3_threshold_scaling/data/E30_scaling/E30_N1414_P71_s1011.npz,3440
data/3_threshold_scaling/data/E30_scaling/E30_N1414_P71_s1012.npz,3432
data/3_threshold_scaling/data/E30_scaling/E30_N1414_P71_s1013.npz,3448
data/3_threshold_scaling/data/E30_scaling/E30_N1414_P71_s1014.npz,3432
data/3_threshold_scaling/data/E30_scaling/E30_N1414_P71_s1015.npz,3432
data/3_threshold_scaling/data/E30_scaling/E30_N1414_P71_s1016.npz,3432
data/3_threshold_scaling/data/E30_scaling/E30_N1414_P71_s1017.npz,3448
data/3_threshold_scaling/data/E30_scaling/E30_N1414_P71_s1018.npz,3448
data/3_threshold_scaling/data/E30_scaling/E30_N1414_P71_s1019.npz,3432
data/3_threshold_scaling/data/E30_scaling/E30_N1414_P71_s1020.npz,3432
data/3_threshold_scaling/data/E30_scaling/E30_N1414_P71_s1021.npz,3432
data/3_threshold_scaling/data/E30_scaling/E30_N1414_P71_s1022.npz,3432
data/3_threshold_scaling/data/E30_scaling/E30_N1414_P71_s1023.npz,3432
data/3_threshold_scaling/data/E30_scaling/E30_N16000_P100_s1000.npz,4128
data/3_threshold_scaling/data/E30_scaling/E30_N16000_P100_s1001.npz,4128
data/3_threshold_scaling/data/E30_scaling/E30_N16000_P100_s1002.npz,4128
data/3_threshold_scaling/data/E30_scaling/E30_N16000_P100_s1003.npz,4128
data/3_threshold_scaling/data/E30_scaling/E30_N16000_P100_s1004.npz,4128
data/3_threshold_scaling/data/E30_scaling/E30_N16000_P100_s1005.npz,4128
data/3_threshold_scaling/data/E30_scaling/E30_N16000_P100_s1006.npz,4128
data/3_threshold_scaling/data/E30_scaling/E30_N16000_P100_s1007.npz,4128
data/3_threshold_scaling/data/E30_scaling/E30_N16000_P100_s1008.npz,4128
data/3_threshold_scaling/data/E30_scaling/E30_N16000_P100_s1009.npz,4128
data/3_threshold_scaling/data/E30_scaling/E30_N16000_P100_s1010.npz,4128
data/3_threshold_scaling/data/E30_scaling/E30_N16000_P100_s1011.npz,4128
data/3_threshold_scaling/data/E30_scaling/E30_N16000_P100_s1012.npz,4128
data/3_threshold_scaling/data/E30_scaling/E30_N16000_P100_s1013.npz,4128
data/3_threshold_scaling/data/E30_scaling/E30_N16000_P100_s1014.npz,4128
data/3_threshold_scaling/data/E30_scaling/E30_N16000_P100_s1015.npz,4128
data/3_threshold_scaling/data/E30_scaling/E30_N2000_P100_s1000.npz,4128
data/3_threshold_scaling/data/E30_scaling/E30_N2000_P100_s1001.npz,4128
data/3_threshold_scaling/data/E30_scaling/E30_N2000_P100_s1002.npz,4128
data/3_threshold_scaling/data/E30_scaling/E30_N2000_P100_s1003.npz,4128
data/3_threshold_scaling/data/E30_scaling/E30_N2000_P100_s1004.npz,4128
data/3_threshold_scaling/data/E30_scaling/E30_N2000_P100_s1005.npz,4128
data/3_threshold_scaling/data/E30_scaling/E30_N2000_P100_s1006.npz,4128
data/3_threshold_scaling/data/E30_scaling/E30_N2000_P100_s1007.npz,4128
data/3_threshold_scaling/data/E30_scaling/E30_N2000_P100_s1008.npz,4128
data/3_threshold_scaling/data/E30_scaling/E30_N2000_P100_s1009.npz,4128
data/3_threshold_scaling/data/E30_scaling/E30_N2000_P100_s1010.npz,4128
data/3_threshold_scaling/data/E30_scaling/E30_N2000_P100_s1011.npz,4128
data/3_threshold_scaling/data/E30_scaling/E30_N2000_P100_s1012.npz,4128
data/3_threshold_scaling/data/E30_scaling/E30_N2000_P100_s1013.npz,4128
data/3_threshold_scaling/data/E30_scaling/E30_N2000_P100_s1014.npz,4128
data/3_threshold_scaling/data/E30_scaling/E30_N2000_P100_s1015.npz,4128
data/3_threshold_scaling/data/E30_scaling/E30_N2000_P100_s1016.npz,4128
data/3_threshold_scaling/data/E30_scaling/E30_N2000_P100_s1017.npz,4128
data/3_threshold_scaling/data/E30_scaling/E30_N2000_P100_s1018.npz,4128
data/3_threshold_scaling/data/E30_scaling/E30_N2000_P100_s1019.npz,4128
data/3_threshold_scaling/data/E30_scaling/E30_N2000_P100_s1020.npz,4128
data/3_threshold_scaling/data/E30_scaling/E30_N2000_P100_s1021.npz,4128
data/3_threshold_scaling/data/E30_scaling/E30_N2000_P100_s1022.npz,4128
data/3_threshold_scaling/data/E30_scaling/E30_N2000_P100_s1023.npz,4128
data/3_threshold_scaling/data/E30_scaling/E30_N22627_P100_s1000.npz,4128
data/3_threshold_scaling/data/E30_scaling/E30_N22627_P100_s1001.npz,4128
data/3_threshold_scaling/data/E30_scaling/E30_N22627_P100_s1002.npz,4128
data/3_threshold_scaling/data/E30_scaling/E30_N22627_P100_s1003.npz,4128
data/3_threshold_scaling/data/E30_scaling/E30_N22627_P100_s1004.npz,4128
data/3_threshold_scaling/data/E30_scaling/E30_N22627_P100_s1005.npz,4128
data/3_threshold_scaling/data/E30_scaling/E30_N22627_P100_s1006.npz,4128
data/3_threshold_scaling/data/E30_scaling/E30_N22627_P100_s1007.npz,4128
data/3_threshold_scaling/data/E30_scaling/E30_N22627_P100_s1008.npz,4128
data/3_threshold_scaling/data/E30_scaling/E30_N22627_P100_s1009.npz,4128
data/3_threshold_scaling/data/E30_scaling/E30_N2828_P100_s1000.npz,4128
data/3_threshold_scaling/data/E30_scaling/E30_N2828_P100_s1001.npz,4128
data/3_threshold_scaling/data/E30_scaling/E30_N2828_P100_s1002.npz,4128
data/3_threshold_scaling/data/E30_scaling/E30_N2828_P100_s1003.npz,4128
data/3_threshold_scaling/data/E30_scaling/E30_N2828_P100_s1004.npz,4128
data/3_threshold_scaling/data/E30_scaling/E30_N2828_P100_s1005.npz,4128
data/3_threshold_scaling/data/E30_scaling/E30_N2828_P100_s1006.npz,4128
data/3_threshold_scaling/data/E30_scaling/E30_N2828_P100_s1007.npz,4128
data/3_threshold_scaling/data/E30_scaling/E30_N2828_P100_s1008.npz,4128
data/3_threshold_scaling/data/E30_scaling/E30_N2828_P100_s1009.npz,4128
data/3_threshold_scaling/data/E30_scaling/E30_N2828_P100_s1010.npz,4128
data/3_threshold_scaling/data/E30_scaling/E30_N2828_P100_s1011.npz,4128
data/3_threshold_scaling/data/E30_scaling/E30_N2828_P100_s1012.npz,4128
data/3_threshold_scaling/data/E30_scaling/E30_N2828_P100_s1013.npz,4128
data/3_threshold_scaling/data/E30_scaling/E30_N2828_P100_s1014.npz,4128
data/3_threshold_scaling/data/E30_scaling/E30_N2828_P100_s1015.npz,4128
data/3_threshold_scaling/data/E30_scaling/E30_N2828_P100_s1016.npz,4128
data/3_threshold_scaling/data/E30_scaling/E30_N2828_P100_s1017.npz,4128
data/3_threshold_scaling/data/E30_scaling/E30_N2828_P100_s1018.npz,4128
data/3_threshold_scaling/data/E30_scaling/E30_N2828_P100_s1019.npz,4128
data/3_threshold_scaling/data/E30_scaling/E30_N2828_P100_s1020.npz,4128
data/3_threshold_scaling/data/E30_scaling/E30_N2828_P100_s1021.npz,4128
data/3_threshold_scaling/data/E30_scaling/E30_N2828_P100_s1022.npz,4128
data/3_threshold_scaling/data/E30_scaling/E30_N2828_P100_s1023.npz,4128
data/3_threshold_scaling/data/E30_scaling/E30_N2828_P141_s1000.npz,5112
data/3_threshold_scaling/data/E30_scaling/E30_N2828_P141_s1001.npz,5112
data/3_threshold_scaling/data/E30_scaling/E30_N2828_P141_s1002.npz,5112
data/3_threshold_scaling/data/E30_scaling/E30_N2828_P141_s1003.npz,5112
data/3_threshold_scaling/data/E30_scaling/E30_N2828_P141_s1004.npz,5112
data/3_threshold_scaling/data/E30_scaling/E30_N2828_P141_s1005.npz,5112
data/3_threshold_scaling/data/E30_scaling/E30_N2828_P141_s1006.npz,5112
data/3_threshold_scaling/data/E30_scaling/E30_N2828_P141_s1007.npz,5112
data/3_threshold_scaling/data/E30_scaling/E30_N2828_P141_s1008.npz,5112
data/3_threshold_scaling/data/E30_scaling/E30_N2828_P141_s1009.npz,5112
data/3_threshold_scaling/data/E30_scaling/E30_N2828_P141_s1010.npz,5112
data/3_threshold_scaling/data/E30_scaling/E30_N2828_P141_s1011.npz,5112
data/3_threshold_scaling/data/E30_scaling/E30_N2828_P141_s1012.npz,5112
data/3_threshold_scaling/data/E30_scaling/E30_N2828_P141_s1013.npz,5112
data/3_threshold_scaling/data/E30_scaling/E30_N2828_P141_s1014.npz,5112
data/3_threshold_scaling/data/E30_scaling/E30_N2828_P141_s1015.npz,5112
data/3_threshold_scaling/data/E30_scaling/E30_N32000_P100_s1000.npz,4128
data/3_threshold_scaling/data/E30_scaling/E30_N32000_P100_s1001.npz,4128
data/3_threshold_scaling/data/E30_scaling/E30_N32000_P100_s1002.npz,4128
data/3_threshold_scaling/data/E30_scaling/E30_N32000_P100_s1003.npz,4128
data/3_threshold_scaling/data/E30_scaling/E30_N32000_P100_s1004.npz,4128
data/3_threshold_scaling/data/E30_scaling/E30_N32000_P100_s1005.npz,4128
data/3_threshold_scaling/data/E30_scaling/E30_N32000_P100_s1006.npz,4128
data/3_threshold_scaling/data/E30_scaling/E30_N32000_P100_s1007.npz,4128
data/3_threshold_scaling/data/E30_scaling/E30_N4000_P100_s1000.npz,4128
data/3_threshold_scaling/data/E30_scaling/E30_N4000_P100_s1001.npz,4128
data/3_threshold_scaling/data/E30_scaling/E30_N4000_P100_s1002.npz,4128
data/3_threshold_scaling/data/E30_scaling/E30_N4000_P100_s1003.npz,4128
data/3_threshold_scaling/data/E30_scaling/E30_N4000_P100_s1004.npz,4128
data/3_threshold_scaling/data/E30_scaling/E30_N4000_P100_s1005.npz,4128
data/3_threshold_scaling/data/E30_scaling/E30_N4000_P100_s1006.npz,4128
data/3_threshold_scaling/data/E30_scaling/E30_N4000_P100_s1007.npz,4128
data/3_threshold_scaling/data/E30_scaling/E30_N4000_P100_s1008.npz,4128
data/3_threshold_scaling/data/E30_scaling/E30_N4000_P100_s1009.npz,4128
data/3_threshold_scaling/data/E30_scaling/E30_N4000_P100_s1010.npz,4128
data/3_threshold_scaling/data/E30_scaling/E30_N4000_P100_s1011.npz,4128
data/3_threshold_scaling/data/E30_scaling/E30_N4000_P100_s1012.npz,4128
data/3_threshold_scaling/data/E30_scaling/E30_N4000_P100_s1013.npz,4128
data/3_threshold_scaling/data/E30_scaling/E30_N4000_P100_s1014.npz,4128
data/3_threshold_scaling/data/E30_scaling/E30_N4000_P100_s1015.npz,4128
data/3_threshold_scaling/data/E30_scaling/E30_N4000_P100_s1016.npz,4128
data/3_threshold_scaling/data/E30_scaling/E30_N4000_P100_s1017.npz,4128
data/3_threshold_scaling/data/E30_scaling/E30_N4000_P100_s1018.npz,4128
data/3_threshold_scaling/data/E30_scaling/E30_N4000_P100_s1019.npz,4128
data/3_threshold_scaling/data/E30_scaling/E30_N4000_P100_s1020.npz,4128
data/3_threshold_scaling/data/E30_scaling/E30_N4000_P100_s1021.npz,4128
data/3_threshold_scaling/data/E30_scaling/E30_N4000_P100_s1022.npz,4128
data/3_threshold_scaling/data/E30_scaling/E30_N4000_P100_s1023.npz,4128
data/3_threshold_scaling/data/E30_scaling/E30_N4000_P200_s1000.npz,6528
data/3_threshold_scaling/data/E30_scaling/E30_N4000_P200_s1001.npz,6528
data/3_threshold_scaling/data/E30_scaling/E30_N4000_P200_s1002.npz,6528
data/3_threshold_scaling/data/E30_scaling/E30_N4000_P200_s1003.npz,6528
data/3_threshold_scaling/data/E30_scaling/E30_N4000_P200_s1004.npz,6528
data/3_threshold_scaling/data/E30_scaling/E30_N4000_P200_s1005.npz,6528
data/3_threshold_scaling/data/E30_scaling/E30_N4000_P200_s1006.npz,6528
data/3_threshold_scaling/data/E30_scaling/E30_N4000_P200_s1007.npz,6528
data/3_threshold_scaling/data/E30_scaling/E30_N4000_P200_s1008.npz,6528
data/3_threshold_scaling/data/E30_scaling/E30_N4000_P200_s1009.npz,6528
data/3_threshold_scaling/data/E30_scaling/E30_N4000_P200_s1010.npz,6528
data/3_threshold_scaling/data/E30_scaling/E30_N4000_P200_s1011.npz,6528
data/3_threshold_scaling/data/E30_scaling/E30_N5657_P100_s1000.npz,4128
data/3_threshold_scaling/data/E30_scaling/E30_N5657_P100_s1001.npz,4128
data/3_threshold_scaling/data/E30_scaling/E30_N5657_P100_s1002.npz,4128
data/3_threshold_scaling/data/E30_scaling/E30_N5657_P100_s1003.npz,4128
data/3_threshold_scaling/data/E30_scaling/E30_N5657_P100_s1004.npz,4128
data/3_threshold_scaling/data/E30_scaling/E30_N5657_P100_s1005.npz,4128
data/3_threshold_scaling/data/E30_scaling/E30_N5657_P100_s1006.npz,4128
data/3_threshold_scaling/data/E30_scaling/E30_N5657_P100_s1007.npz,4128
data/3_threshold_scaling/data/E30_scaling/E30_N5657_P100_s1008.npz,4128
data/3_threshold_scaling/data/E30_scaling/E30_N5657_P100_s1009.npz,4128
data/3_threshold_scaling/data/E30_scaling/E30_N5657_P100_s1010.npz,4128
data/3_threshold_scaling/data/E30_scaling/E30_N5657_P100_s1011.npz,4128
data/3_threshold_scaling/data/E30_scaling/E30_N5657_P100_s1012.npz,4128
data/3_threshold_scaling/data/E30_scaling/E30_N5657_P100_s1013.npz,4128
data/3_threshold_scaling/data/E30_scaling/E30_N5657_P100_s1014.npz,4128
data/3_threshold_scaling/data/E30_scaling/E30_N5657_P100_s1015.npz,4128
data/3_threshold_scaling/data/E30_scaling/E30_N5657_P100_s1016.npz,4128
data/3_threshold_scaling/data/E30_scaling/E30_N5657_P100_s1017.npz,4128
data/3_threshold_scaling/data/E30_scaling/E30_N5657_P100_s1018.npz,4128
data/3_threshold_scaling/data/E30_scaling/E30_N5657_P100_s1019.npz,4128
data/3_threshold_scaling/data/E30_scaling/E30_N5657_P283_s1000.npz,8520
data/3_threshold_scaling/data/E30_scaling/E30_N5657_P283_s1001.npz,8520
data/3_threshold_scaling/data/E30_scaling/E30_N5657_P283_s1002.npz,8520
data/3_threshold_scaling/data/E30_scaling/E30_N5657_P283_s1003.npz,8520
data/3_threshold_scaling/data/E30_scaling/E30_N5657_P283_s1004.npz,8520
data/3_threshold_scaling/data/E30_scaling/E30_N5657_P283_s1005.npz,8520
data/3_threshold_scaling/data/E30_scaling/E30_N5657_P283_s1006.npz,8520
data/3_threshold_scaling/data/E30_scaling/E30_N5657_P283_s1007.npz,8520
data/3_threshold_scaling/data/E30_scaling/E30_N8000_P100_s1000.npz,4128
data/3_threshold_scaling/data/E30_scaling/E30_N8000_P100_s1001.npz,4128
data/3_threshold_scaling/data/E30_scaling/E30_N8000_P100_s1002.npz,4128
data/3_threshold_scaling/data/E30_scaling/E30_N8000_P100_s1003.npz,4128
data/3_threshold_scaling/data/E30_scaling/E30_N8000_P100_s1004.npz,4128
data/3_threshold_scaling/data/E30_scaling/E30_N8000_P100_s1005.npz,4128
data/3_threshold_scaling/data/E30_scaling/E30_N8000_P100_s1006.npz,4128
data/3_threshold_scaling/data/E30_scaling/E30_N8000_P100_s1007.npz,4128
data/3_threshold_scaling/data/E30_scaling/E30_N8000_P100_s1008.npz,4128
data/3_threshold_scaling/data/E30_scaling/E30_N8000_P100_s1009.npz,4128
data/3_threshold_scaling/data/E30_scaling/E30_N8000_P100_s1010.npz,4128
data/3_threshold_scaling/data/E30_scaling/E30_N8000_P100_s1011.npz,4128
data/3_threshold_scaling/data/E30_scaling/E30_N8000_P100_s1012.npz,4128
data/3_threshold_scaling/data/E30_scaling/E30_N8000_P100_s1013.npz,4128
data/3_threshold_scaling/data/E30_scaling/E30_N8000_P100_s1014.npz,4128
data/3_threshold_scaling/data/E30_scaling/E30_N8000_P100_s1015.npz,4128
data/3_threshold_scaling/data/E30_scaling/E30_N8000_P100_s1016.npz,4128
data/3_threshold_scaling/data/E30_scaling/E30_N8000_P100_s1017.npz,4128
data/3_threshold_scaling/data/E30_scaling/E30_N8000_P100_s1018.npz,4128
data/3_threshold_scaling/data/E30_scaling/E30_N8000_P100_s1019.npz,4128
data/3_threshold_scaling/data/E30_scaling/E30_N8000_P400_s1000.npz,11328
data/3_threshold_scaling/data/E30_scaling/E30_N8000_P400_s1001.npz,11328
data/3_threshold_scaling/data/E30_scaling/E30_N8000_P400_s1002.npz,11328
data/3_threshold_scaling/data/E30_scaling/E30_N8000_P400_s1003.npz,11328
data/3_threshold_scaling/data/E30_scaling/E30_N8000_P400_s1004.npz,11328
data/3_threshold_scaling/data/E30_scaling/E30_N8000_P400_s1005.npz,11328
data/4_attractors_basins_chaos/data/E18_basins.npz,3486
data/4_attractors_basins_chaos/data/E20_RESULTS.md,2101
data/4_attractors_basins_chaos/data/E20a_basin_fractions.npz,4716
data/4_attractors_basins_chaos/data/E20a_basin_fractions_hi.npz,3980
data/4_attractors_basins_chaos/data/E23A_geometry.npz,25682290
data/4_attractors_basins_chaos/data/E23A_lyap.npz,269253
data/4_attractors_basins_chaos/data/E31_survival_N2000.npz,1839600
data/4_attractors_basins_chaos/data/E32_basins_N2000_mlx.npz,5794
data/4_attractors_basins_chaos/data/E33_aging_mlx.npz,671284
data/4_attractors_basins_chaos/data/E33_aging_mlx_a0p08.npz,671284
data/4_attractors_basins_chaos/data/E33_aging_mlx_a0p10.npz,671284
data/4_attractors_basins_chaos/data/E33_aging_mlx_a0p12.npz,671284
data/5_short_delay/data/E19a_cycle_clock.npz,3058
data/5_short_delay/data/E19b_death.npz,7862
data/5_short_delay/data/E19c_slowing.npz,4120
data/5_short_delay/data/E19d_fixedpoint.npz,2194
data/5_short_delay/data/E22_RESULTS.md,3461
data/5_short_delay/data/E22_desync.npz,8116
data/5_short_delay/data/E22_lamcheck.npz,2626
data/5_short_delay/data/E23B_frontier.npz,12240
data/6_correlated_patterns/E37_MODERN_K_RESULTS.md,13993
data/6_correlated_patterns/data/E27_markov.npz,20534
data/6_correlated_patterns/data/E27_markov_N10000.npz,84534
data/6_correlated_patterns/data/E28_gpcircle.npz,20498
data/6_correlated_patterns/data/E28_gpcircle_N10000.npz,84522
data/6_correlated_patterns/data/E37_arrest_in_time_20260731T120511.json,9887
data/6_correlated_patterns/data/E37_e27_reconciliation_20260731T113214.json,1163
data/6_correlated_patterns/data/E37_modernK_c0.00_seed42_main_20260731T112732.json,5367
data/6_correlated_patterns/data/E37_modernK_c0.00_seed42_trace_20260731T110921.json,2834
data/6_correlated_patterns/data/E37_modernK_c0.20_seed42_main_20260731T112713.json,5386
data/6_correlated_patterns/data/E37_modernK_c0.20_seed43_main_20260731T120347.json,5404
data/6_correlated_patterns/data/E37_modernK_c0.20_seed44_main_20260731T120334.json,5357
data/6_correlated_patterns/data/E37_modernK_c0.40_seed42_main_20260731T112738.json,5544
data/6_correlated_patterns/data/E37_modernK_c0.40_seed43_main_20260731T120354.json,5432
data/6_correlated_patterns/data/E37_modernK_c0.40_seed44_main_20260731T120352.json,5545
data/6_correlated_patterns/data/E37_modernK_c0.60_seed42_main_20260731T112736.json,5287
data/6_correlated_patterns/data/E37_modernK_c0.60_seed42_trace_20260731T111257.json,2852
data/6_correlated_patterns/data/E37_modernK_c0.60_seed43_main_20260731T120354.json,5581
data/6_correlated_patterns/data/E37_modernK_c0.60_seed44_main_20260731T120346.json,5275
data/6_correlated_patterns/data/E37_modernK_c0.80_seed42_main_20260731T112733.json,5309
data/6_correlated_patterns/data/E37_modernK_c0.90_seed42_main_20260731T112733.json,5374
data/6_correlated_patterns/data/E37_modernK_c0.90_seed42_trace_20260731T111638.json,2844
data/6_correlated_patterns/data/E37_modernK_c0.90_seed43_main_20260731T120353.json,5231
data/6_correlated_patterns/data/E37_modernK_c0.90_seed44_main_20260731T120347.json,5358
data/7_implicit_delay/E36_CHECKSUMS.sha256,127239
data/7_implicit_delay/E36_RESULTS.json,55442
data/7_implicit_delay/E36_RESULTS.md,10348
data/7_implicit_delay/data/E36A2_delay_seed42/campaign_manifest.json,61633
data/7_implicit_delay/data/E36A2_delay_seed42/heartbeat.jsonl,11405
data/7_implicit_delay/data/E36A2_delay_seed42/runs/lam1_K11/checkpoint.npz,46010
data/7_implicit_delay/data/E36A2_delay_seed42/runs/lam1_K11/delay_summary.json,6004
data/7_implicit_delay/data/E36A2_delay_seed42/runs/lam1_K11/final_state.npz,44264
data/7_implicit_delay/data/E36A2_delay_seed42/runs/lam1_K11/manifest.json,4312
data/7_implicit_delay/data/E36A2_delay_seed42/runs/lam1_K4/checkpoint.npz,18006
data/7_implicit_delay/data/E36A2_delay_seed42/runs/lam1_K4/delay_summary.json,3040
data/7_implicit_delay/data/E36A2_delay_seed42/runs/lam1_K4/final_state.npz,16264
data/7_implicit_delay/data/E36A2_delay_seed42/runs/lam1_K4/manifest.json,1994
data/7_implicit_delay/data/E36A2_delay_seed42/runs/lam1_K8/checkpoint.npz,34006
data/7_implicit_delay/data/E36A2_delay_seed42/runs/lam1_K8/delay_summary.json,4562
data/7_implicit_delay/data/E36A2_delay_seed42/runs/lam1_K8/final_state.npz,32264
data/7_implicit_delay/data/E36A2_delay_seed42/runs/lam1_K8/manifest.json,3275
data/7_implicit_delay/data/E36A2_delay_seed42/runs/lam2_K11/checkpoint.npz,46010
data/7_implicit_delay/data/E36A2_delay_seed42/runs/lam2_K11/delay_summary.json,6029
data/7_implicit_delay/data/E36A2_delay_seed42/runs/lam2_K11/final_state.npz,44264
data/7_implicit_delay/data/E36A2_delay_seed42/runs/lam2_K11/manifest.json,3055
data/7_implicit_delay/data/E36A2_delay_seed42/runs/lam2_K4/checkpoint.npz,18006
data/7_implicit_delay/data/E36A2_delay_seed42/runs/lam2_K4/delay_summary.json,3443
data/7_implicit_delay/data/E36A2_delay_seed42/runs/lam2_K4/final_state.npz,16264
data/7_implicit_delay/data/E36A2_delay_seed42/runs/lam2_K4/manifest.json,1993
data/7_implicit_delay/data/E36A2_delay_seed42/runs/lam2_K8/checkpoint.npz,34006
data/7_implicit_delay/data/E36A2_delay_seed42/runs/lam2_K8/delay_summary.json,4880
data/7_implicit_delay/data/E36A2_delay_seed42/runs/lam2_K8/final_state.npz,32264
data/7_implicit_delay/data/E36A2_delay_seed42/runs/lam2_K8/manifest.json,2426
data/7_implicit_delay/data/E36A2_delay_seed42/runs/lam4_K11/checkpoint.npz,46010
data/7_implicit_delay/data/E36A2_delay_seed42/runs/lam4_K11/delay_summary.json,6002
data/7_implicit_delay/data/E36A2_delay_seed42/runs/lam4_K11/final_state.npz,44264
data/7_implicit_delay/data/E36A2_delay_seed42/runs/lam4_K11/manifest.json,2528
data/7_implicit_delay/data/E36A2_delay_seed42/runs/lam4_K4/checkpoint.npz,18006
data/7_implicit_delay/data/E36A2_delay_seed42/runs/lam4_K4/delay_summary.json,3488
data/7_implicit_delay/data/E36A2_delay_seed42/runs/lam4_K4/final_state.npz,16264
data/7_implicit_delay/data/E36A2_delay_seed42/runs/lam4_K4/manifest.json,1993
data/7_implicit_delay/data/E36A2_delay_seed42/runs/lam4_K8/checkpoint.npz,34006
data/7_implicit_delay/data/E36A2_delay_seed42/runs/lam4_K8/delay_summary.json,4852
data/7_implicit_delay/data/E36A2_delay_seed42/runs/lam4_K8/final_state.npz,32264
data/7_implicit_delay/data/E36A2_delay_seed42/runs/lam4_K8/manifest.json,1994
data/7_implicit_delay/data/E36A2_delay_seed43/campaign_manifest.json,61945
data/7_implicit_delay/data/E36A2_delay_seed43/heartbeat.jsonl,9955
data/7_implicit_delay/data/E36A2_delay_seed43/runs/lam1_K11/checkpoint.npz,46010
data/7_implicit_delay/data/E36A2_delay_seed43/runs/lam1_K11/delay_summary.json,6000
data/7_implicit_delay/data/E36A2_delay_seed43/runs/lam1_K11/final_state.npz,44264
data/7_implicit_delay/data/E36A2_delay_seed43/runs/lam1_K11/manifest.json,4308
data/7_implicit_delay/data/E36A2_delay_seed43/runs/lam1_K4/checkpoint.npz,18006
data/7_implicit_delay/data/E36A2_delay_seed43/runs/lam1_K4/delay_summary.json,3326
data/7_implicit_delay/data/E36A2_delay_seed43/runs/lam1_K4/final_state.npz,16264
data/7_implicit_delay/data/E36A2_delay_seed43/runs/lam1_K4/manifest.json,1994
data/7_implicit_delay/data/E36A2_delay_seed43/runs/lam1_K8/checkpoint.npz,34006
data/7_implicit_delay/data/E36A2_delay_seed43/runs/lam1_K8/delay_summary.json,4853
data/7_implicit_delay/data/E36A2_delay_seed43/runs/lam1_K8/final_state.npz,32264
data/7_implicit_delay/data/E36A2_delay_seed43/runs/lam1_K8/manifest.json,3138
data/7_implicit_delay/data/E36A2_delay_seed43/runs/lam2_K11/checkpoint.npz,46010
data/7_implicit_delay/data/E36A2_delay_seed43/runs/lam2_K11/delay_summary.json,6046
data/7_implicit_delay/data/E36A2_delay_seed43/runs/lam2_K11/final_state.npz,44264
data/7_implicit_delay/data/E36A2_delay_seed43/runs/lam2_K11/manifest.json,3055
data/7_implicit_delay/data/E36A2_delay_seed43/runs/lam2_K4/checkpoint.npz,18006
data/7_implicit_delay/data/E36A2_delay_seed43/runs/lam2_K4/delay_summary.json,3444
data/7_implicit_delay/data/E36A2_delay_seed43/runs/lam2_K4/final_state.npz,16264
data/7_implicit_delay/data/E36A2_delay_seed43/runs/lam2_K4/manifest.json,1993
data/7_implicit_delay/data/E36A2_delay_seed43/runs/lam2_K8/checkpoint.npz,34006
data/7_implicit_delay/data/E36A2_delay_seed43/runs/lam2_K8/delay_summary.json,4874
data/7_implicit_delay/data/E36A2_delay_seed43/runs/lam2_K8/final_state.npz,32264
data/7_implicit_delay/data/E36A2_delay_seed43/runs/lam2_K8/manifest.json,2425
data/7_implicit_delay/data/E36A2_delay_seed43/runs/lam4_K11/checkpoint.npz,46010
data/7_implicit_delay/data/E36A2_delay_seed43/runs/lam4_K11/delay_summary.json,6005
data/7_implicit_delay/data/E36A2_delay_seed43/runs/lam4_K11/final_state.npz,44264
data/7_implicit_delay/data/E36A2_delay_seed43/runs/lam4_K11/manifest.json,2528
data/7_implicit_delay/data/E36A2_delay_seed43/runs/lam4_K4/checkpoint.npz,18006
data/7_implicit_delay/data/E36A2_delay_seed43/runs/lam4_K4/delay_summary.json,3498
data/7_implicit_delay/data/E36A2_delay_seed43/runs/lam4_K4/final_state.npz,16264
data/7_implicit_delay/data/E36A2_delay_seed43/runs/lam4_K4/manifest.json,1993
data/7_implicit_delay/data/E36A2_delay_seed43/runs/lam4_K8/checkpoint.npz,34006
data/7_implicit_delay/data/E36A2_delay_seed43/runs/lam4_K8/delay_summary.json,4846
data/7_implicit_delay/data/E36A2_delay_seed43/runs/lam4_K8/final_state.npz,32264
data/7_implicit_delay/data/E36A2_delay_seed43/runs/lam4_K8/manifest.json,1994
data/7_implicit_delay/data/E36A2_delay_seed44/campaign_manifest.json,61898
data/7_implicit_delay/data/E36A2_delay_seed44/heartbeat.jsonl,9931
data/7_implicit_delay/data/E36A2_delay_seed44/runs/lam1_K11/checkpoint.npz,46010
data/7_implicit_delay/data/E36A2_delay_seed44/runs/lam1_K11/delay_summary.json,5981
data/7_implicit_delay/data/E36A2_delay_seed44/runs/lam1_K11/final_state.npz,44264
data/7_implicit_delay/data/E36A2_delay_seed44/runs/lam1_K11/manifest.json,4173
data/7_implicit_delay/data/E36A2_delay_seed44/runs/lam1_K4/checkpoint.npz,18006
data/7_implicit_delay/data/E36A2_delay_seed44/runs/lam1_K4/delay_summary.json,3332
data/7_implicit_delay/data/E36A2_delay_seed44/runs/lam1_K4/final_state.npz,16264
data/7_implicit_delay/data/E36A2_delay_seed44/runs/lam1_K4/manifest.json,1994
data/7_implicit_delay/data/E36A2_delay_seed44/runs/lam1_K8/checkpoint.npz,34006
data/7_implicit_delay/data/E36A2_delay_seed44/runs/lam1_K8/delay_summary.json,4863
data/7_implicit_delay/data/E36A2_delay_seed44/runs/lam1_K8/final_state.npz,32264
data/7_implicit_delay/data/E36A2_delay_seed44/runs/lam1_K8/manifest.json,3141
data/7_implicit_delay/data/E36A2_delay_seed44/runs/lam2_K11/checkpoint.npz,46010
data/7_implicit_delay/data/E36A2_delay_seed44/runs/lam2_K11/delay_summary.json,6005
data/7_implicit_delay/data/E36A2_delay_seed44/runs/lam2_K11/final_state.npz,44264
data/7_implicit_delay/data/E36A2_delay_seed44/runs/lam2_K11/manifest.json,3020
data/7_implicit_delay/data/E36A2_delay_seed44/runs/lam2_K4/checkpoint.npz,18006
data/7_implicit_delay/data/E36A2_delay_seed44/runs/lam2_K4/delay_summary.json,3441
data/7_implicit_delay/data/E36A2_delay_seed44/runs/lam2_K4/final_state.npz,16264
data/7_implicit_delay/data/E36A2_delay_seed44/runs/lam2_K4/manifest.json,1994
data/7_implicit_delay/data/E36A2_delay_seed44/runs/lam2_K8/checkpoint.npz,34006
data/7_implicit_delay/data/E36A2_delay_seed44/runs/lam2_K8/delay_summary.json,4879
data/7_implicit_delay/data/E36A2_delay_seed44/runs/lam2_K8/final_state.npz,32264
data/7_implicit_delay/data/E36A2_delay_seed44/runs/lam2_K8/manifest.json,2426
data/7_implicit_delay/data/E36A2_delay_seed44/runs/lam4_K11/checkpoint.npz,46010
data/7_implicit_delay/data/E36A2_delay_seed44/runs/lam4_K11/delay_summary.json,5989
data/7_implicit_delay/data/E36A2_delay_seed44/runs/lam4_K11/final_state.npz,44264
data/7_implicit_delay/data/E36A2_delay_seed44/runs/lam4_K11/manifest.json,2514
data/7_implicit_delay/data/E36A2_delay_seed44/runs/lam4_K4/checkpoint.npz,18006
data/7_implicit_delay/data/E36A2_delay_seed44/runs/lam4_K4/delay_summary.json,3503
data/7_implicit_delay/data/E36A2_delay_seed44/runs/lam4_K4/final_state.npz,16264
data/7_implicit_delay/data/E36A2_delay_seed44/runs/lam4_K4/manifest.json,1994
data/7_implicit_delay/data/E36A2_delay_seed44/runs/lam4_K8/checkpoint.npz,34006
data/7_implicit_delay/data/E36A2_delay_seed44/runs/lam4_K8/delay_summary.json,4844
data/7_implicit_delay/data/E36A2_delay_seed44/runs/lam4_K8/final_state.npz,32264
data/7_implicit_delay/data/E36A2_delay_seed44/runs/lam4_K8/manifest.json,1995
data/7_implicit_delay/data/E36A2_delay_seed45/campaign_manifest.json,61918
data/7_implicit_delay/data/E36A2_delay_seed45/heartbeat.jsonl,9940
data/7_implicit_delay/data/E36A2_delay_seed45/runs/lam1_K11/checkpoint.npz,46010
data/7_implicit_delay/data/E36A2_delay_seed45/runs/lam1_K11/delay_summary.json,5988
data/7_implicit_delay/data/E36A2_delay_seed45/runs/lam1_K11/final_state.npz,44264
data/7_implicit_delay/data/E36A2_delay_seed45/runs/lam1_K11/manifest.json,4041
data/7_implicit_delay/data/E36A2_delay_seed45/runs/lam1_K4/checkpoint.npz,18006
data/7_implicit_delay/data/E36A2_delay_seed45/runs/lam1_K4/delay_summary.json,3328
data/7_implicit_delay/data/E36A2_delay_seed45/runs/lam1_K4/final_state.npz,16264
data/7_implicit_delay/data/E36A2_delay_seed45/runs/lam1_K4/manifest.json,1994
data/7_implicit_delay/data/E36A2_delay_seed45/runs/lam1_K8/checkpoint.npz,34006
data/7_implicit_delay/data/E36A2_delay_seed45/runs/lam1_K8/delay_summary.json,4848
data/7_implicit_delay/data/E36A2_delay_seed45/runs/lam1_K8/final_state.npz,32264
data/7_implicit_delay/data/E36A2_delay_seed45/runs/lam1_K8/manifest.json,3018
data/7_implicit_delay/data/E36A2_delay_seed45/runs/lam2_K11/checkpoint.npz,46010
data/7_implicit_delay/data/E36A2_delay_seed45/runs/lam2_K11/delay_summary.json,5978
data/7_implicit_delay/data/E36A2_delay_seed45/runs/lam2_K11/final_state.npz,44264
data/7_implicit_delay/data/E36A2_delay_seed45/runs/lam2_K11/manifest.json,3002
data/7_implicit_delay/data/E36A2_delay_seed45/runs/lam2_K4/checkpoint.npz,18006
data/7_implicit_delay/data/E36A2_delay_seed45/runs/lam2_K4/delay_summary.json,3425
data/7_implicit_delay/data/E36A2_delay_seed45/runs/lam2_K4/final_state.npz,16264
data/7_implicit_delay/data/E36A2_delay_seed45/runs/lam2_K4/manifest.json,1980
data/7_implicit_delay/data/E36A2_delay_seed45/runs/lam2_K8/checkpoint.npz,34006
data/7_implicit_delay/data/E36A2_delay_seed45/runs/lam2_K8/delay_summary.json,4881
data/7_implicit_delay/data/E36A2_delay_seed45/runs/lam2_K8/final_state.npz,32264
data/7_implicit_delay/data/E36A2_delay_seed45/runs/lam2_K8/manifest.json,2412
data/7_implicit_delay/data/E36A2_delay_seed45/runs/lam4_K11/checkpoint.npz,46010
data/7_implicit_delay/data/E36A2_delay_seed45/runs/lam4_K11/delay_summary.json,6039
data/7_implicit_delay/data/E36A2_delay_seed45/runs/lam4_K11/final_state.npz,44264
data/7_implicit_delay/data/E36A2_delay_seed45/runs/lam4_K11/manifest.json,2552
data/7_implicit_delay/data/E36A2_delay_seed45/runs/lam4_K4/checkpoint.npz,18006
data/7_implicit_delay/data/E36A2_delay_seed45/runs/lam4_K4/delay_summary.json,3498
data/7_implicit_delay/data/E36A2_delay_seed45/runs/lam4_K4/final_state.npz,16264
data/7_implicit_delay/data/E36A2_delay_seed45/runs/lam4_K4/manifest.json,1993
data/7_implicit_delay/data/E36A2_delay_seed45/runs/lam4_K8/checkpoint.npz,34006
data/7_implicit_delay/data/E36A2_delay_seed45/runs/lam4_K8/delay_summary.json,4842
data/7_implicit_delay/data/E36A2_delay_seed45/runs/lam4_K8/final_state.npz,32264
data/7_implicit_delay/data/E36A2_delay_seed45/runs/lam4_K8/manifest.json,1994
data/7_implicit_delay/data/E36A2_delay_seed46/campaign_manifest.json,61951
data/7_implicit_delay/data/E36A2_delay_seed46/heartbeat.jsonl,9957
data/7_implicit_delay/data/E36A2_delay_seed46/runs/lam1_K11/checkpoint.npz,46010
data/7_implicit_delay/data/E36A2_delay_seed46/runs/lam1_K11/delay_summary.json,6056
data/7_implicit_delay/data/E36A2_delay_seed46/runs/lam1_K11/final_state.npz,44264
data/7_implicit_delay/data/E36A2_delay_seed46/runs/lam1_K11/manifest.json,4347
data/7_implicit_delay/data/E36A2_delay_seed46/runs/lam1_K4/checkpoint.npz,18006
data/7_implicit_delay/data/E36A2_delay_seed46/runs/lam1_K4/delay_summary.json,3318
data/7_implicit_delay/data/E36A2_delay_seed46/runs/lam1_K4/final_state.npz,16264
data/7_implicit_delay/data/E36A2_delay_seed46/runs/lam1_K4/manifest.json,1994
data/7_implicit_delay/data/E36A2_delay_seed46/runs/lam1_K8/checkpoint.npz,34006
data/7_implicit_delay/data/E36A2_delay_seed46/runs/lam1_K8/delay_summary.json,4899
data/7_implicit_delay/data/E36A2_delay_seed46/runs/lam1_K8/final_state.npz,32264
data/7_implicit_delay/data/E36A2_delay_seed46/runs/lam1_K8/manifest.json,3311
data/7_implicit_delay/data/E36A2_delay_seed46/runs/lam2_K11/checkpoint.npz,46010
data/7_implicit_delay/data/E36A2_delay_seed46/runs/lam2_K11/delay_summary.json,6013
data/7_implicit_delay/data/E36A2_delay_seed46/runs/lam2_K11/final_state.npz,44264
data/7_implicit_delay/data/E36A2_delay_seed46/runs/lam2_K11/manifest.json,3031
data/7_implicit_delay/data/E36A2_delay_seed46/runs/lam2_K4/checkpoint.npz,18006
data/7_implicit_delay/data/E36A2_delay_seed46/runs/lam2_K4/delay_summary.json,3440
data/7_implicit_delay/data/E36A2_delay_seed46/runs/lam2_K4/final_state.npz,16264
data/7_implicit_delay/data/E36A2_delay_seed46/runs/lam2_K4/manifest.json,1993
data/7_implicit_delay/data/E36A2_delay_seed46/runs/lam2_K8/checkpoint.npz,34006
data/7_implicit_delay/data/E36A2_delay_seed46/runs/lam2_K8/delay_summary.json,4847
data/7_implicit_delay/data/E36A2_delay_seed46/runs/lam2_K8/final_state.npz,32264
data/7_implicit_delay/data/E36A2_delay_seed46/runs/lam2_K8/manifest.json,2399
data/7_implicit_delay/data/E36A2_delay_seed46/runs/lam4_K11/checkpoint.npz,46010
data/7_implicit_delay/data/E36A2_delay_seed46/runs/lam4_K11/delay_summary.json,5998
data/7_implicit_delay/data/E36A2_delay_seed46/runs/lam4_K11/final_state.npz,44264
data/7_implicit_delay/data/E36A2_delay_seed46/runs/lam4_K11/manifest.json,2528
data/7_implicit_delay/data/E36A2_delay_seed46/runs/lam4_K4/checkpoint.npz,18006
data/7_implicit_delay/data/E36A2_delay_seed46/runs/lam4_K4/delay_summary.json,3503
data/7_implicit_delay/data/E36A2_delay_seed46/runs/lam4_K4/final_state.npz,16264
data/7_implicit_delay/data/E36A2_delay_seed46/runs/lam4_K4/manifest.json,1993
data/7_implicit_delay/data/E36A2_delay_seed46/runs/lam4_K8/checkpoint.npz,34006
data/7_implicit_delay/data/E36A2_delay_seed46/runs/lam4_K8/delay_summary.json,4850
data/7_implicit_delay/data/E36A2_delay_seed46/runs/lam4_K8/final_state.npz,32264
data/7_implicit_delay/data/E36A2_delay_seed46/runs/lam4_K8/manifest.json,1994
data/7_implicit_delay/data/E36A_dtcheck_lam1_seed42/campaign_manifest.json,6216
data/7_implicit_delay/data/E36A_dtcheck_lam1_seed42/heartbeat.jsonl,5347
data/7_implicit_delay/data/E36A_dtcheck_lam1_seed42/runs/lam1_coherent/coarse/checkpoint.npz,26006
data/7_implicit_delay/data/E36A_dtcheck_lam1_seed42/runs/lam1_coherent/coarse/final_state.npz,24264
data/7_implicit_delay/data/E36A_dtcheck_lam1_seed42/runs/lam1_coherent/coarse/manifest.json,2782
data/7_implicit_delay/data/E36A_dtcheck_lam1_seed42/runs/lam1_coherent/coarse/summary.json,1543
data/7_implicit_delay/data/E36A_dtcheck_lam1_seed42/runs/lam1_coherent/fine/checkpoint.npz,26006
data/7_implicit_delay/data/E36A_dtcheck_lam1_seed42/runs/lam1_coherent/fine/final_state.npz,24264
data/7_implicit_delay/data/E36A_dtcheck_lam1_seed42/runs/lam1_coherent/fine/manifest.json,2783
data/7_implicit_delay/data/E36A_dtcheck_lam1_seed42/runs/lam1_coherent/fine/summary.json,1544
data/7_implicit_delay/data/E36A_dtcheck_lam1_seed42/runs/lam1_perturbed/coarse/checkpoint.npz,26006
data/7_implicit_delay/data/E36A_dtcheck_lam1_seed42/runs/lam1_perturbed/coarse/final_state.npz,24264
data/7_implicit_delay/data/E36A_dtcheck_lam1_seed42/runs/lam1_perturbed/coarse/manifest.json,2784
data/7_implicit_delay/data/E36A_dtcheck_lam1_seed42/runs/lam1_perturbed/coarse/summary.json,1558
data/7_implicit_delay/data/E36A_dtcheck_lam1_seed42/runs/lam1_perturbed/fine/checkpoint.npz,26006
data/7_implicit_delay/data/E36A_dtcheck_lam1_seed42/runs/lam1_perturbed/fine/final_state.npz,24264
data/7_implicit_delay/data/E36A_dtcheck_lam1_seed42/runs/lam1_perturbed/fine/manifest.json,2785
data/7_implicit_delay/data/E36A_dtcheck_lam1_seed42/runs/lam1_perturbed/fine/summary.json,1560
data/7_implicit_delay/data/E36A_reference_N2000_P100_K11_seed42/campaign_manifest.json,17012
data/7_implicit_delay/data/E36A_reference_N2000_P100_K11_seed42/heartbeat.jsonl,48024
data/7_implicit_delay/data/E36A_reference_N2000_P100_K11_seed42/runs/lam1_coherent/coarse/checkpoint.npz,178018
data/7_implicit_delay/data/E36A_reference_N2000_P100_K11_seed42/runs/lam1_coherent/coarse/final_state.npz,176264
data/7_implicit_delay/data/E36A_reference_N2000_P100_K11_seed42/runs/lam1_coherent/coarse/manifest.json,3221
data/7_implicit_delay/data/E36A_reference_N2000_P100_K11_seed42/runs/lam1_coherent/coarse/summary.json,1819
data/7_implicit_delay/data/E36A_reference_N2000_P100_K11_seed42/runs/lam1_perturbed/coarse/checkpoint.npz,178018
data/7_implicit_delay/data/E36A_reference_N2000_P100_K11_seed42/runs/lam1_perturbed/coarse/final_state.npz,176264
data/7_implicit_delay/data/E36A_reference_N2000_P100_K11_seed42/runs/lam1_perturbed/coarse/manifest.json,3223
data/7_implicit_delay/data/E36A_reference_N2000_P100_K11_seed42/runs/lam1_perturbed/coarse/summary.json,1819
data/7_implicit_delay/data/E36A_reference_N2000_P100_K11_seed42/runs/lam2_coherent/coarse/checkpoint.npz,178018
data/7_implicit_delay/data/E36A_reference_N2000_P100_K11_seed42/runs/lam2_coherent/coarse/final_state.npz,176264
data/7_implicit_delay/data/E36A_reference_N2000_P100_K11_seed42/runs/lam2_coherent/coarse/manifest.json,3221
data/7_implicit_delay/data/E36A_reference_N2000_P100_K11_seed42/runs/lam2_coherent/coarse/summary.json,1813
data/7_implicit_delay/data/E36A_reference_N2000_P100_K11_seed42/runs/lam2_coherent/fine/checkpoint.npz,178018
data/7_implicit_delay/data/E36A_reference_N2000_P100_K11_seed42/runs/lam2_coherent/fine/final_state.npz,176264
data/7_implicit_delay/data/E36A_reference_N2000_P100_K11_seed42/runs/lam2_coherent/fine/manifest.json,3221
data/7_implicit_delay/data/E36A_reference_N2000_P100_K11_seed42/runs/lam2_coherent/fine/summary.json,1811
data/7_implicit_delay/data/E36A_reference_N2000_P100_K11_seed42/runs/lam2_perturbed/coarse/checkpoint.npz,178018
data/7_implicit_delay/data/E36A_reference_N2000_P100_K11_seed42/runs/lam2_perturbed/coarse/final_state.npz,176264
data/7_implicit_delay/data/E36A_reference_N2000_P100_K11_seed42/runs/lam2_perturbed/coarse/manifest.json,3223
data/7_implicit_delay/data/E36A_reference_N2000_P100_K11_seed42/runs/lam2_perturbed/coarse/summary.json,1814
data/7_implicit_delay/data/E36A_reference_N2000_P100_K11_seed42/runs/lam2_perturbed/fine/checkpoint.npz,178018
data/7_implicit_delay/data/E36A_reference_N2000_P100_K11_seed42/runs/lam2_perturbed/fine/final_state.npz,176264
data/7_implicit_delay/data/E36A_reference_N2000_P100_K11_seed42/runs/lam2_perturbed/fine/manifest.json,3223
data/7_implicit_delay/data/E36A_reference_N2000_P100_K11_seed42/runs/lam2_perturbed/fine/summary.json,1813
data/7_implicit_delay/data/E36A_reference_N2000_P100_K11_seed42/runs/lam4_coherent/coarse/checkpoint.npz,178018
data/7_implicit_delay/data/E36A_reference_N2000_P100_K11_seed42/runs/lam4_coherent/coarse/final_state.npz,176264
data/7_implicit_delay/data/E36A_reference_N2000_P100_K11_seed42/runs/lam4_coherent/coarse/manifest.json,3221
data/7_implicit_delay/data/E36A_reference_N2000_P100_K11_seed42/runs/lam4_coherent/coarse/summary.json,1815
data/7_implicit_delay/data/E36A_reference_N2000_P100_K11_seed42/runs/lam4_coherent/fine/checkpoint.npz,178018
data/7_implicit_delay/data/E36A_reference_N2000_P100_K11_seed42/runs/lam4_coherent/fine/final_state.npz,176264
data/7_implicit_delay/data/E36A_reference_N2000_P100_K11_seed42/runs/lam4_coherent/fine/manifest.json,3221
data/7_implicit_delay/data/E36A_reference_N2000_P100_K11_seed42/runs/lam4_coherent/fine/summary.json,1812
data/7_implicit_delay/data/E36A_reference_N2000_P100_K11_seed42/runs/lam4_perturbed/coarse/checkpoint.npz,178018
data/7_implicit_delay/data/E36A_reference_N2000_P100_K11_seed42/runs/lam4_perturbed/coarse/final_state.npz,176264
data/7_implicit_delay/data/E36A_reference_N2000_P100_K11_seed42/runs/lam4_perturbed/coarse/manifest.json,3223
data/7_implicit_delay/data/E36A_reference_N2000_P100_K11_seed42/runs/lam4_perturbed/coarse/summary.json,1814
data/7_implicit_delay/data/E36A_reference_N2000_P100_K11_seed42/runs/lam4_perturbed/fine/checkpoint.npz,178018
data/7_implicit_delay/data/E36A_reference_N2000_P100_K11_seed42/runs/lam4_perturbed/fine/final_state.npz,176264
data/7_implicit_delay/data/E36A_reference_N2000_P100_K11_seed42/runs/lam4_perturbed/fine/manifest.json,3223
data/7_implicit_delay/data/E36A_reference_N2000_P100_K11_seed42/runs/lam4_perturbed/fine/summary.json,1811
data/7_implicit_delay/data/E36A_regimes_seed42/campaign_manifest.json,28295
data/7_implicit_delay/data/E36A_regimes_seed42/heartbeat.jsonl,29486
data/7_implicit_delay/data/E36A_regimes_seed42/runs/lam0_coherent/coarse/checkpoint.npz,26006
data/7_implicit_delay/data/E36A_regimes_seed42/runs/lam0_coherent/coarse/final_state.npz,24264
data/7_implicit_delay/data/E36A_regimes_seed42/runs/lam0_coherent/coarse/manifest.json,2783
data/7_implicit_delay/data/E36A_regimes_seed42/runs/lam0_coherent/coarse/summary.json,1465
data/7_implicit_delay/data/E36A_regimes_seed42/runs/lam0_perturbed/coarse/checkpoint.npz,26006
data/7_implicit_delay/data/E36A_regimes_seed42/runs/lam0_perturbed/coarse/final_state.npz,24264
data/7_implicit_delay/data/E36A_regimes_seed42/runs/lam0_perturbed/coarse/manifest.json,2785
data/7_implicit_delay/data/E36A_regimes_seed42/runs/lam0_perturbed/coarse/summary.json,1467
data/7_implicit_delay/data/E36A_regimes_seed42/runs/lam0p125_coherent/coarse/checkpoint.npz,26014
data/7_implicit_delay/data/E36A_regimes_seed42/runs/lam0p125_coherent/coarse/final_state.npz,24264
data/7_implicit_delay/data/E36A_regimes_seed42/runs/lam0p125_coherent/coarse/manifest.json,2789
data/7_implicit_delay/data/E36A_regimes_seed42/runs/lam0p125_coherent/coarse/summary.json,1416
data/7_implicit_delay/data/E36A_regimes_seed42/runs/lam0p125_perturbed/coarse/checkpoint.npz,26014
data/7_implicit_delay/data/E36A_regimes_seed42/runs/lam0p125_perturbed/coarse/final_state.npz,24264
data/7_implicit_delay/data/E36A_regimes_seed42/runs/lam0p125_perturbed/coarse/manifest.json,2791
data/7_implicit_delay/data/E36A_regimes_seed42/runs/lam0p125_perturbed/coarse/summary.json,1418
data/7_implicit_delay/data/E36A_regimes_seed42/runs/lam0p25_coherent/coarse/checkpoint.npz,26010
data/7_implicit_delay/data/E36A_regimes_seed42/runs/lam0p25_coherent/coarse/final_state.npz,24264
data/7_implicit_delay/data/E36A_regimes_seed42/runs/lam0p25_coherent/coarse/manifest.json,2787
data/7_implicit_delay/data/E36A_regimes_seed42/runs/lam0p25_coherent/coarse/summary.json,1413
data/7_implicit_delay/data/E36A_regimes_seed42/runs/lam0p25_perturbed/coarse/checkpoint.npz,26010
data/7_implicit_delay/data/E36A_regimes_seed42/runs/lam0p25_perturbed/coarse/final_state.npz,24264
data/7_implicit_delay/data/E36A_regimes_seed42/runs/lam0p25_perturbed/coarse/manifest.json,2789
data/7_implicit_delay/data/E36A_regimes_seed42/runs/lam0p25_perturbed/coarse/summary.json,1415
data/7_implicit_delay/data/E36A_regimes_seed42/runs/lam0p5_coherent/coarse/checkpoint.npz,26006
data/7_implicit_delay/data/E36A_regimes_seed42/runs/lam0p5_coherent/coarse/final_state.npz,24264
data/7_implicit_delay/data/E36A_regimes_seed42/runs/lam0p5_coherent/coarse/manifest.json,2785
data/7_implicit_delay/data/E36A_regimes_seed42/runs/lam0p5_coherent/coarse/summary.json,1411
data/7_implicit_delay/data/E36A_regimes_seed42/runs/lam0p5_perturbed/coarse/checkpoint.npz,26006
data/7_implicit_delay/data/E36A_regimes_seed42/runs/lam0p5_perturbed/coarse/final_state.npz,24264
data/7_implicit_delay/data/E36A_regimes_seed42/runs/lam0p5_perturbed/coarse/manifest.json,2787
data/7_implicit_delay/data/E36A_regimes_seed42/runs/lam0p5_perturbed/coarse/summary.json,1411
data/7_implicit_delay/data/E36A_regimes_seed42/runs/lam1_coherent/coarse/checkpoint.npz,26006
data/7_implicit_delay/data/E36A_regimes_seed42/runs/lam1_coherent/coarse/final_state.npz,24264
data/7_implicit_delay/data/E36A_regimes_seed42/runs/lam1_coherent/coarse/manifest.json,2783
data/7_implicit_delay/data/E36A_regimes_seed42/runs/lam1_coherent/coarse/summary.json,1544
data/7_implicit_delay/data/E36A_regimes_seed42/runs/lam1_perturbed/coarse/checkpoint.npz,26006
data/7_implicit_delay/data/E36A_regimes_seed42/runs/lam1_perturbed/coarse/final_state.npz,24264
data/7_implicit_delay/data/E36A_regimes_seed42/runs/lam1_perturbed/coarse/manifest.json,2786
data/7_implicit_delay/data/E36A_regimes_seed42/runs/lam1_perturbed/coarse/summary.json,1560
data/7_implicit_delay/data/E36A_regimes_seed42/runs/lam2_coherent/coarse/checkpoint.npz,26006
data/7_implicit_delay/data/E36A_regimes_seed42/runs/lam2_coherent/coarse/final_state.npz,24264
data/7_implicit_delay/data/E36A_regimes_seed42/runs/lam2_coherent/coarse/manifest.json,2784
data/7_implicit_delay/data/E36A_regimes_seed42/runs/lam2_coherent/coarse/summary.json,1545
data/7_implicit_delay/data/E36A_regimes_seed42/runs/lam2_coherent/fine/checkpoint.npz,26006
data/7_implicit_delay/data/E36A_regimes_seed42/runs/lam2_coherent/fine/final_state.npz,24264
data/7_implicit_delay/data/E36A_regimes_seed42/runs/lam2_coherent/fine/manifest.json,2785
data/7_implicit_delay/data/E36A_regimes_seed42/runs/lam2_coherent/fine/summary.json,1546
data/7_implicit_delay/data/E36A_regimes_seed42/runs/lam2_perturbed/coarse/checkpoint.npz,26006
data/7_implicit_delay/data/E36A_regimes_seed42/runs/lam2_perturbed/coarse/final_state.npz,24264
data/7_implicit_delay/data/E36A_regimes_seed42/runs/lam2_perturbed/coarse/manifest.json,2786
data/7_implicit_delay/data/E36A_regimes_seed42/runs/lam2_perturbed/coarse/summary.json,1546
data/7_implicit_delay/data/E36A_regimes_seed42/runs/lam2_perturbed/fine/checkpoint.npz,26006
data/7_implicit_delay/data/E36A_regimes_seed42/runs/lam2_perturbed/fine/final_state.npz,24264
data/7_implicit_delay/data/E36A_regimes_seed42/runs/lam2_perturbed/fine/manifest.json,2787
data/7_implicit_delay/data/E36A_regimes_seed42/runs/lam2_perturbed/fine/summary.json,1547
data/7_implicit_delay/data/E36A_regimes_seed42/runs/lam4_coherent/coarse/checkpoint.npz,26006
data/7_implicit_delay/data/E36A_regimes_seed42/runs/lam4_coherent/coarse/final_state.npz,24264
data/7_implicit_delay/data/E36A_regimes_seed42/runs/lam4_coherent/coarse/manifest.json,2784
data/7_implicit_delay/data/E36A_regimes_seed42/runs/lam4_coherent/coarse/summary.json,1557
data/7_implicit_delay/data/E36A_regimes_seed42/runs/lam4_coherent/fine/checkpoint.npz,26006
data/7_implicit_delay/data/E36A_regimes_seed42/runs/lam4_coherent/fine/final_state.npz,24264
data/7_implicit_delay/data/E36A_regimes_seed42/runs/lam4_coherent/fine/manifest.json,2785
data/7_implicit_delay/data/E36A_regimes_seed42/runs/lam4_coherent/fine/summary.json,1558
data/7_implicit_delay/data/E36A_regimes_seed42/runs/lam4_perturbed/coarse/checkpoint.npz,26006
data/7_implicit_delay/data/E36A_regimes_seed42/runs/lam4_perturbed/coarse/final_state.npz,24264
data/7_implicit_delay/data/E36A_regimes_seed42/runs/lam4_perturbed/coarse/manifest.json,2786
data/7_implicit_delay/data/E36A_regimes_seed42/runs/lam4_perturbed/coarse/summary.json,1561
data/7_implicit_delay/data/E36A_regimes_seed42/runs/lam4_perturbed/fine/checkpoint.npz,26006
data/7_implicit_delay/data/E36A_regimes_seed42/runs/lam4_perturbed/fine/final_state.npz,24264
data/7_implicit_delay/data/E36A_regimes_seed42/runs/lam4_perturbed/fine/manifest.json,2787
data/7_implicit_delay/data/E36A_regimes_seed42/runs/lam4_perturbed/fine/summary.json,1561
data/7_implicit_delay/data/E36A_regimes_seed42/runs/lam8_coherent/coarse/checkpoint.npz,26006
data/7_implicit_delay/data/E36A_regimes_seed42/runs/lam8_coherent/coarse/final_state.npz,24264
data/7_implicit_delay/data/E36A_regimes_seed42/runs/lam8_coherent/coarse/manifest.json,2784
data/7_implicit_delay/data/E36A_regimes_seed42/runs/lam8_coherent/coarse/summary.json,1541
data/7_implicit_delay/data/E36A_regimes_seed42/runs/lam8_coherent/fine/checkpoint.npz,26006
data/7_implicit_delay/data/E36A_regimes_seed42/runs/lam8_coherent/fine/final_state.npz,24264
data/7_implicit_delay/data/E36A_regimes_seed42/runs/lam8_coherent/fine/manifest.json,2785
data/7_implicit_delay/data/E36A_regimes_seed42/runs/lam8_coherent/fine/summary.json,1546
data/7_implicit_delay/data/E36A_regimes_seed42/runs/lam8_perturbed/coarse/checkpoint.npz,26006
data/7_implicit_delay/data/E36A_regimes_seed42/runs/lam8_perturbed/coarse/final_state.npz,24264
data/7_implicit_delay/data/E36A_regimes_seed42/runs/lam8_perturbed/coarse/manifest.json,2786
data/7_implicit_delay/data/E36A_regimes_seed42/runs/lam8_perturbed/coarse/summary.json,1546
data/7_implicit_delay/data/E36A_regimes_seed42/runs/lam8_perturbed/fine/checkpoint.npz,26006
data/7_implicit_delay/data/E36A_regimes_seed42/runs/lam8_perturbed/fine/final_state.npz,24264
data/7_implicit_delay/data/E36A_regimes_seed42/runs/lam8_perturbed/fine/manifest.json,2787
data/7_implicit_delay/data/E36A_regimes_seed42/runs/lam8_perturbed/fine/summary.json,1548
data/7_implicit_delay/data/E36A_regimes_seed43/campaign_manifest.json,28002
data/7_implicit_delay/data/E36A_regimes_seed43/heartbeat.jsonl,27366
data/7_implicit_delay/data/E36A_regimes_seed43/runs/lam0_coherent/coarse/checkpoint.npz,26006
data/7_implicit_delay/data/E36A_regimes_seed43/runs/lam0_coherent/coarse/final_state.npz,24264
data/7_implicit_delay/data/E36A_regimes_seed43/runs/lam0_coherent/coarse/manifest.json,2783
data/7_implicit_delay/data/E36A_regimes_seed43/runs/lam0_coherent/coarse/summary.json,1380
data/7_implicit_delay/data/E36A_regimes_seed43/runs/lam0_perturbed/coarse/checkpoint.npz,26006
data/7_implicit_delay/data/E36A_regimes_seed43/runs/lam0_perturbed/coarse/final_state.npz,24264
data/7_implicit_delay/data/E36A_regimes_seed43/runs/lam0_perturbed/coarse/manifest.json,2785
data/7_implicit_delay/data/E36A_regimes_seed43/runs/lam0_perturbed/coarse/summary.json,1382
data/7_implicit_delay/data/E36A_regimes_seed43/runs/lam0p125_coherent/coarse/checkpoint.npz,26014
data/7_implicit_delay/data/E36A_regimes_seed43/runs/lam0p125_coherent/coarse/final_state.npz,24264
data/7_implicit_delay/data/E36A_regimes_seed43/runs/lam0p125_coherent/coarse/manifest.json,2789
data/7_implicit_delay/data/E36A_regimes_seed43/runs/lam0p125_coherent/coarse/summary.json,1396
data/7_implicit_delay/data/E36A_regimes_seed43/runs/lam0p125_perturbed/coarse/checkpoint.npz,26014
data/7_implicit_delay/data/E36A_regimes_seed43/runs/lam0p125_perturbed/coarse/final_state.npz,24264
data/7_implicit_delay/data/E36A_regimes_seed43/runs/lam0p125_perturbed/coarse/manifest.json,2791
data/7_implicit_delay/data/E36A_regimes_seed43/runs/lam0p125_perturbed/coarse/summary.json,1398
data/7_implicit_delay/data/E36A_regimes_seed43/runs/lam0p25_coherent/coarse/checkpoint.npz,26010
data/7_implicit_delay/data/E36A_regimes_seed43/runs/lam0p25_coherent/coarse/final_state.npz,24264
data/7_implicit_delay/data/E36A_regimes_seed43/runs/lam0p25_coherent/coarse/manifest.json,2787
data/7_implicit_delay/data/E36A_regimes_seed43/runs/lam0p25_coherent/coarse/summary.json,1399
data/7_implicit_delay/data/E36A_regimes_seed43/runs/lam0p25_perturbed/coarse/checkpoint.npz,26010
data/7_implicit_delay/data/E36A_regimes_seed43/runs/lam0p25_perturbed/coarse/final_state.npz,24264
data/7_implicit_delay/data/E36A_regimes_seed43/runs/lam0p25_perturbed/coarse/manifest.json,2789
data/7_implicit_delay/data/E36A_regimes_seed43/runs/lam0p25_perturbed/coarse/summary.json,1401
data/7_implicit_delay/data/E36A_regimes_seed43/runs/lam0p5_coherent/coarse/checkpoint.npz,26006
data/7_implicit_delay/data/E36A_regimes_seed43/runs/lam0p5_coherent/coarse/final_state.npz,24264
data/7_implicit_delay/data/E36A_regimes_seed43/runs/lam0p5_coherent/coarse/manifest.json,2785
data/7_implicit_delay/data/E36A_regimes_seed43/runs/lam0p5_coherent/coarse/summary.json,1382
data/7_implicit_delay/data/E36A_regimes_seed43/runs/lam0p5_perturbed/coarse/checkpoint.npz,26006
data/7_implicit_delay/data/E36A_regimes_seed43/runs/lam0p5_perturbed/coarse/final_state.npz,24264
data/7_implicit_delay/data/E36A_regimes_seed43/runs/lam0p5_perturbed/coarse/manifest.json,2787
data/7_implicit_delay/data/E36A_regimes_seed43/runs/lam0p5_perturbed/coarse/summary.json,1384
data/7_implicit_delay/data/E36A_regimes_seed43/runs/lam1_coherent/coarse/checkpoint.npz,26006
data/7_implicit_delay/data/E36A_regimes_seed43/runs/lam1_coherent/coarse/final_state.npz,24264
data/7_implicit_delay/data/E36A_regimes_seed43/runs/lam1_coherent/coarse/manifest.json,2783
data/7_implicit_delay/data/E36A_regimes_seed43/runs/lam1_coherent/coarse/summary.json,1560
data/7_implicit_delay/data/E36A_regimes_seed43/runs/lam1_perturbed/coarse/checkpoint.npz,26006
data/7_implicit_delay/data/E36A_regimes_seed43/runs/lam1_perturbed/coarse/final_state.npz,24264
data/7_implicit_delay/data/E36A_regimes_seed43/runs/lam1_perturbed/coarse/manifest.json,2786
data/7_implicit_delay/data/E36A_regimes_seed43/runs/lam1_perturbed/coarse/summary.json,1562
data/7_implicit_delay/data/E36A_regimes_seed43/runs/lam2_coherent/coarse/checkpoint.npz,26006
data/7_implicit_delay/data/E36A_regimes_seed43/runs/lam2_coherent/coarse/final_state.npz,24264
data/7_implicit_delay/data/E36A_regimes_seed43/runs/lam2_coherent/coarse/manifest.json,2784
data/7_implicit_delay/data/E36A_regimes_seed43/runs/lam2_coherent/coarse/summary.json,1555
data/7_implicit_delay/data/E36A_regimes_seed43/runs/lam2_coherent/fine/checkpoint.npz,26006
data/7_implicit_delay/data/E36A_regimes_seed43/runs/lam2_coherent/fine/final_state.npz,24264
data/7_implicit_delay/data/E36A_regimes_seed43/runs/lam2_coherent/fine/manifest.json,2785
data/7_implicit_delay/data/E36A_regimes_seed43/runs/lam2_coherent/fine/summary.json,1557
data/7_implicit_delay/data/E36A_regimes_seed43/runs/lam2_perturbed/coarse/checkpoint.npz,26006
data/7_implicit_delay/data/E36A_regimes_seed43/runs/lam2_perturbed/coarse/final_state.npz,24264
data/7_implicit_delay/data/E36A_regimes_seed43/runs/lam2_perturbed/coarse/manifest.json,2786
data/7_implicit_delay/data/E36A_regimes_seed43/runs/lam2_perturbed/coarse/summary.json,1559
data/7_implicit_delay/data/E36A_regimes_seed43/runs/lam2_perturbed/fine/checkpoint.npz,26006
data/7_implicit_delay/data/E36A_regimes_seed43/runs/lam2_perturbed/fine/final_state.npz,24264
data/7_implicit_delay/data/E36A_regimes_seed43/runs/lam2_perturbed/fine/manifest.json,2787
data/7_implicit_delay/data/E36A_regimes_seed43/runs/lam2_perturbed/fine/summary.json,1560
data/7_implicit_delay/data/E36A_regimes_seed43/runs/lam4_coherent/coarse/checkpoint.npz,26006
data/7_implicit_delay/data/E36A_regimes_seed43/runs/lam4_coherent/coarse/final_state.npz,24264
data/7_implicit_delay/data/E36A_regimes_seed43/runs/lam4_coherent/coarse/manifest.json,2784
data/7_implicit_delay/data/E36A_regimes_seed43/runs/lam4_coherent/coarse/summary.json,1557
data/7_implicit_delay/data/E36A_regimes_seed43/runs/lam4_coherent/fine/checkpoint.npz,26006
data/7_implicit_delay/data/E36A_regimes_seed43/runs/lam4_coherent/fine/final_state.npz,24264
data/7_implicit_delay/data/E36A_regimes_seed43/runs/lam4_coherent/fine/manifest.json,2785
data/7_implicit_delay/data/E36A_regimes_seed43/runs/lam4_coherent/fine/summary.json,1560
data/7_implicit_delay/data/E36A_regimes_seed43/runs/lam4_perturbed/coarse/checkpoint.npz,26006
data/7_implicit_delay/data/E36A_regimes_seed43/runs/lam4_perturbed/coarse/final_state.npz,24264
data/7_implicit_delay/data/E36A_regimes_seed43/runs/lam4_perturbed/coarse/manifest.json,2786
data/7_implicit_delay/data/E36A_regimes_seed43/runs/lam4_perturbed/coarse/summary.json,1560
data/7_implicit_delay/data/E36A_regimes_seed43/runs/lam4_perturbed/fine/checkpoint.npz,26006
data/7_implicit_delay/data/E36A_regimes_seed43/runs/lam4_perturbed/fine/final_state.npz,24264
data/7_implicit_delay/data/E36A_regimes_seed43/runs/lam4_perturbed/fine/manifest.json,2787
data/7_implicit_delay/data/E36A_regimes_seed43/runs/lam4_perturbed/fine/summary.json,1561
data/7_implicit_delay/data/E36A_regimes_seed43/runs/lam8_coherent/coarse/checkpoint.npz,26006
data/7_implicit_delay/data/E36A_regimes_seed43/runs/lam8_coherent/coarse/final_state.npz,24264
data/7_implicit_delay/data/E36A_regimes_seed43/runs/lam8_coherent/coarse/manifest.json,2784
data/7_implicit_delay/data/E36A_regimes_seed43/runs/lam8_coherent/coarse/summary.json,1547
data/7_implicit_delay/data/E36A_regimes_seed43/runs/lam8_coherent/fine/checkpoint.npz,26006
data/7_implicit_delay/data/E36A_regimes_seed43/runs/lam8_coherent/fine/final_state.npz,24264
data/7_implicit_delay/data/E36A_regimes_seed43/runs/lam8_coherent/fine/manifest.json,2785
data/7_implicit_delay/data/E36A_regimes_seed43/runs/lam8_coherent/fine/summary.json,1546
data/7_implicit_delay/data/E36A_regimes_seed43/runs/lam8_perturbed/coarse/checkpoint.npz,26006
data/7_implicit_delay/data/E36A_regimes_seed43/runs/lam8_perturbed/coarse/final_state.npz,24264
data/7_implicit_delay/data/E36A_regimes_seed43/runs/lam8_perturbed/coarse/manifest.json,2786
data/7_implicit_delay/data/E36A_regimes_seed43/runs/lam8_perturbed/coarse/summary.json,1545
data/7_implicit_delay/data/E36A_regimes_seed43/runs/lam8_perturbed/fine/checkpoint.npz,26006
data/7_implicit_delay/data/E36A_regimes_seed43/runs/lam8_perturbed/fine/final_state.npz,24264
data/7_implicit_delay/data/E36A_regimes_seed43/runs/lam8_perturbed/fine/manifest.json,2787
data/7_implicit_delay/data/E36A_regimes_seed43/runs/lam8_perturbed/fine/summary.json,1546
data/7_implicit_delay/data/E36A_regimes_seed44/campaign_manifest.json,28642
data/7_implicit_delay/data/E36A_regimes_seed44/heartbeat.jsonl,27373
data/7_implicit_delay/data/E36A_regimes_seed44/runs/lam0_coherent/coarse/checkpoint.npz,26006
data/7_implicit_delay/data/E36A_regimes_seed44/runs/lam0_coherent/coarse/final_state.npz,24264
data/7_implicit_delay/data/E36A_regimes_seed44/runs/lam0_coherent/coarse/manifest.json,2783
data/7_implicit_delay/data/E36A_regimes_seed44/runs/lam0_coherent/coarse/summary.json,1469
data/7_implicit_delay/data/E36A_regimes_seed44/runs/lam0_perturbed/coarse/checkpoint.npz,26006
data/7_implicit_delay/data/E36A_regimes_seed44/runs/lam0_perturbed/coarse/final_state.npz,24264
data/7_implicit_delay/data/E36A_regimes_seed44/runs/lam0_perturbed/coarse/manifest.json,2785
data/7_implicit_delay/data/E36A_regimes_seed44/runs/lam0_perturbed/coarse/summary.json,1471
data/7_implicit_delay/data/E36A_regimes_seed44/runs/lam0p125_coherent/coarse/checkpoint.npz,26014
data/7_implicit_delay/data/E36A_regimes_seed44/runs/lam0p125_coherent/coarse/final_state.npz,24264
data/7_implicit_delay/data/E36A_regimes_seed44/runs/lam0p125_coherent/coarse/manifest.json,2789
data/7_implicit_delay/data/E36A_regimes_seed44/runs/lam0p125_coherent/coarse/summary.json,1473
data/7_implicit_delay/data/E36A_regimes_seed44/runs/lam0p125_perturbed/coarse/checkpoint.npz,26014
data/7_implicit_delay/data/E36A_regimes_seed44/runs/lam0p125_perturbed/coarse/final_state.npz,24264
data/7_implicit_delay/data/E36A_regimes_seed44/runs/lam0p125_perturbed/coarse/manifest.json,2791
data/7_implicit_delay/data/E36A_regimes_seed44/runs/lam0p125_perturbed/coarse/summary.json,1475
data/7_implicit_delay/data/E36A_regimes_seed44/runs/lam0p25_coherent/coarse/checkpoint.npz,26010
data/7_implicit_delay/data/E36A_regimes_seed44/runs/lam0p25_coherent/coarse/final_state.npz,24264
data/7_implicit_delay/data/E36A_regimes_seed44/runs/lam0p25_coherent/coarse/manifest.json,2787
data/7_implicit_delay/data/E36A_regimes_seed44/runs/lam0p25_coherent/coarse/summary.json,1470
data/7_implicit_delay/data/E36A_regimes_seed44/runs/lam0p25_perturbed/coarse/checkpoint.npz,26010
data/7_implicit_delay/data/E36A_regimes_seed44/runs/lam0p25_perturbed/coarse/final_state.npz,24264
data/7_implicit_delay/data/E36A_regimes_seed44/runs/lam0p25_perturbed/coarse/manifest.json,2789
data/7_implicit_delay/data/E36A_regimes_seed44/runs/lam0p25_perturbed/coarse/summary.json,1472
data/7_implicit_delay/data/E36A_regimes_seed44/runs/lam0p5_coherent/coarse/checkpoint.npz,26006
data/7_implicit_delay/data/E36A_regimes_seed44/runs/lam0p5_coherent/coarse/final_state.npz,24264
data/7_implicit_delay/data/E36A_regimes_seed44/runs/lam0p5_coherent/coarse/manifest.json,2785
data/7_implicit_delay/data/E36A_regimes_seed44/runs/lam0p5_coherent/coarse/summary.json,1458
data/7_implicit_delay/data/E36A_regimes_seed44/runs/lam0p5_perturbed/coarse/checkpoint.npz,26006
data/7_implicit_delay/data/E36A_regimes_seed44/runs/lam0p5_perturbed/coarse/final_state.npz,24264
data/7_implicit_delay/data/E36A_regimes_seed44/runs/lam0p5_perturbed/coarse/manifest.json,2787
data/7_implicit_delay/data/E36A_regimes_seed44/runs/lam0p5_perturbed/coarse/summary.json,1462
data/7_implicit_delay/data/E36A_regimes_seed44/runs/lam1_coherent/coarse/checkpoint.npz,26006
data/7_implicit_delay/data/E36A_regimes_seed44/runs/lam1_coherent/coarse/final_state.npz,24264
data/7_implicit_delay/data/E36A_regimes_seed44/runs/lam1_coherent/coarse/manifest.json,2783
data/7_implicit_delay/data/E36A_regimes_seed44/runs/lam1_coherent/coarse/summary.json,1558
data/7_implicit_delay/data/E36A_regimes_seed44/runs/lam1_perturbed/coarse/checkpoint.npz,26006
data/7_implicit_delay/data/E36A_regimes_seed44/runs/lam1_perturbed/coarse/final_state.npz,24264
data/7_implicit_delay/data/E36A_regimes_seed44/runs/lam1_perturbed/coarse/manifest.json,2786
data/7_implicit_delay/data/E36A_regimes_seed44/runs/lam1_perturbed/coarse/summary.json,1561
data/7_implicit_delay/data/E36A_regimes_seed44/runs/lam2_coherent/coarse/checkpoint.npz,26006
data/7_implicit_delay/data/E36A_regimes_seed44/runs/lam2_coherent/coarse/final_state.npz,24264
data/7_implicit_delay/data/E36A_regimes_seed44/runs/lam2_coherent/coarse/manifest.json,2784
data/7_implicit_delay/data/E36A_regimes_seed44/runs/lam2_coherent/coarse/summary.json,1557
data/7_implicit_delay/data/E36A_regimes_seed44/runs/lam2_coherent/fine/checkpoint.npz,26006
data/7_implicit_delay/data/E36A_regimes_seed44/runs/lam2_coherent/fine/final_state.npz,24264
data/7_implicit_delay/data/E36A_regimes_seed44/runs/lam2_coherent/fine/manifest.json,2785
data/7_implicit_delay/data/E36A_regimes_seed44/runs/lam2_coherent/fine/summary.json,1558
data/7_implicit_delay/data/E36A_regimes_seed44/runs/lam2_perturbed/coarse/checkpoint.npz,26006
data/7_implicit_delay/data/E36A_regimes_seed44/runs/lam2_perturbed/coarse/final_state.npz,24264
data/7_implicit_delay/data/E36A_regimes_seed44/runs/lam2_perturbed/coarse/manifest.json,2786
data/7_implicit_delay/data/E36A_regimes_seed44/runs/lam2_perturbed/coarse/summary.json,1558
data/7_implicit_delay/data/E36A_regimes_seed44/runs/lam2_perturbed/fine/checkpoint.npz,26006
data/7_implicit_delay/data/E36A_regimes_seed44/runs/lam2_perturbed/fine/final_state.npz,24264
data/7_implicit_delay/data/E36A_regimes_seed44/runs/lam2_perturbed/fine/manifest.json,2787
data/7_implicit_delay/data/E36A_regimes_seed44/runs/lam2_perturbed/fine/summary.json,1558
data/7_implicit_delay/data/E36A_regimes_seed44/runs/lam4_coherent/coarse/checkpoint.npz,26006
data/7_implicit_delay/data/E36A_regimes_seed44/runs/lam4_coherent/coarse/final_state.npz,24264
data/7_implicit_delay/data/E36A_regimes_seed44/runs/lam4_coherent/coarse/manifest.json,2784
data/7_implicit_delay/data/E36A_regimes_seed44/runs/lam4_coherent/coarse/summary.json,1559
data/7_implicit_delay/data/E36A_regimes_seed44/runs/lam4_coherent/fine/checkpoint.npz,26006
data/7_implicit_delay/data/E36A_regimes_seed44/runs/lam4_coherent/fine/final_state.npz,24264
data/7_implicit_delay/data/E36A_regimes_seed44/runs/lam4_coherent/fine/manifest.json,2785
data/7_implicit_delay/data/E36A_regimes_seed44/runs/lam4_coherent/fine/summary.json,1559
data/7_implicit_delay/data/E36A_regimes_seed44/runs/lam4_perturbed/coarse/checkpoint.npz,26006
data/7_implicit_delay/data/E36A_regimes_seed44/runs/lam4_perturbed/coarse/final_state.npz,24264
data/7_implicit_delay/data/E36A_regimes_seed44/runs/lam4_perturbed/coarse/manifest.json,2786
data/7_implicit_delay/data/E36A_regimes_seed44/runs/lam4_perturbed/coarse/summary.json,1557
data/7_implicit_delay/data/E36A_regimes_seed44/runs/lam4_perturbed/fine/checkpoint.npz,26006
data/7_implicit_delay/data/E36A_regimes_seed44/runs/lam4_perturbed/fine/final_state.npz,24264
data/7_implicit_delay/data/E36A_regimes_seed44/runs/lam4_perturbed/fine/manifest.json,2787
data/7_implicit_delay/data/E36A_regimes_seed44/runs/lam4_perturbed/fine/summary.json,1560
data/7_implicit_delay/data/E36A_regimes_seed44/runs/lam8_coherent/coarse/checkpoint.npz,26006
data/7_implicit_delay/data/E36A_regimes_seed44/runs/lam8_coherent/coarse/final_state.npz,24264
data/7_implicit_delay/data/E36A_regimes_seed44/runs/lam8_coherent/coarse/manifest.json,2784
data/7_implicit_delay/data/E36A_regimes_seed44/runs/lam8_coherent/coarse/summary.json,1544
data/7_implicit_delay/data/E36A_regimes_seed44/runs/lam8_coherent/fine/checkpoint.npz,26006
data/7_implicit_delay/data/E36A_regimes_seed44/runs/lam8_coherent/fine/final_state.npz,24264
data/7_implicit_delay/data/E36A_regimes_seed44/runs/lam8_coherent/fine/manifest.json,2785
data/7_implicit_delay/data/E36A_regimes_seed44/runs/lam8_coherent/fine/summary.json,1546
data/7_implicit_delay/data/E36A_regimes_seed44/runs/lam8_perturbed/coarse/checkpoint.npz,26006
data/7_implicit_delay/data/E36A_regimes_seed44/runs/lam8_perturbed/coarse/final_state.npz,24264
data/7_implicit_delay/data/E36A_regimes_seed44/runs/lam8_perturbed/coarse/manifest.json,2786
data/7_implicit_delay/data/E36A_regimes_seed44/runs/lam8_perturbed/coarse/summary.json,1547
data/7_implicit_delay/data/E36A_regimes_seed44/runs/lam8_perturbed/fine/checkpoint.npz,26006
data/7_implicit_delay/data/E36A_regimes_seed44/runs/lam8_perturbed/fine/final_state.npz,24264
data/7_implicit_delay/data/E36A_regimes_seed44/runs/lam8_perturbed/fine/manifest.json,2787
data/7_implicit_delay/data/E36A_regimes_seed44/runs/lam8_perturbed/fine/summary.json,1543
data/7_implicit_delay/data/E36A_regimes_seed45/campaign_manifest.json,28462
data/7_implicit_delay/data/E36A_regimes_seed45/heartbeat.jsonl,27360
data/7_implicit_delay/data/E36A_regimes_seed45/runs/lam0_coherent/coarse/checkpoint.npz,26006
data/7_implicit_delay/data/E36A_regimes_seed45/runs/lam0_coherent/coarse/final_state.npz,24264
data/7_implicit_delay/data/E36A_regimes_seed45/runs/lam0_coherent/coarse/manifest.json,2783
data/7_implicit_delay/data/E36A_regimes_seed45/runs/lam0_coherent/coarse/summary.json,1465
data/7_implicit_delay/data/E36A_regimes_seed45/runs/lam0_perturbed/coarse/checkpoint.npz,26006
data/7_implicit_delay/data/E36A_regimes_seed45/runs/lam0_perturbed/coarse/final_state.npz,24264
data/7_implicit_delay/data/E36A_regimes_seed45/runs/lam0_perturbed/coarse/manifest.json,2785
data/7_implicit_delay/data/E36A_regimes_seed45/runs/lam0_perturbed/coarse/summary.json,1467
data/7_implicit_delay/data/E36A_regimes_seed45/runs/lam0p125_coherent/coarse/checkpoint.npz,26014
data/7_implicit_delay/data/E36A_regimes_seed45/runs/lam0p125_coherent/coarse/final_state.npz,24264
data/7_implicit_delay/data/E36A_regimes_seed45/runs/lam0p125_coherent/coarse/manifest.json,2789
data/7_implicit_delay/data/E36A_regimes_seed45/runs/lam0p125_coherent/coarse/summary.json,1410
data/7_implicit_delay/data/E36A_regimes_seed45/runs/lam0p125_perturbed/coarse/checkpoint.npz,26014
data/7_implicit_delay/data/E36A_regimes_seed45/runs/lam0p125_perturbed/coarse/final_state.npz,24264
data/7_implicit_delay/data/E36A_regimes_seed45/runs/lam0p125_perturbed/coarse/manifest.json,2791
data/7_implicit_delay/data/E36A_regimes_seed45/runs/lam0p125_perturbed/coarse/summary.json,1412
data/7_implicit_delay/data/E36A_regimes_seed45/runs/lam0p25_coherent/coarse/checkpoint.npz,26010
data/7_implicit_delay/data/E36A_regimes_seed45/runs/lam0p25_coherent/coarse/final_state.npz,24264
data/7_implicit_delay/data/E36A_regimes_seed45/runs/lam0p25_coherent/coarse/manifest.json,2787
data/7_implicit_delay/data/E36A_regimes_seed45/runs/lam0p25_coherent/coarse/summary.json,1412
data/7_implicit_delay/data/E36A_regimes_seed45/runs/lam0p25_perturbed/coarse/checkpoint.npz,26010
data/7_implicit_delay/data/E36A_regimes_seed45/runs/lam0p25_perturbed/coarse/final_state.npz,24264
data/7_implicit_delay/data/E36A_regimes_seed45/runs/lam0p25_perturbed/coarse/manifest.json,2789
data/7_implicit_delay/data/E36A_regimes_seed45/runs/lam0p25_perturbed/coarse/summary.json,1414
data/7_implicit_delay/data/E36A_regimes_seed45/runs/lam0p5_coherent/coarse/checkpoint.npz,26006
data/7_implicit_delay/data/E36A_regimes_seed45/runs/lam0p5_coherent/coarse/final_state.npz,24264
data/7_implicit_delay/data/E36A_regimes_seed45/runs/lam0p5_coherent/coarse/manifest.json,2785
data/7_implicit_delay/data/E36A_regimes_seed45/runs/lam0p5_coherent/coarse/summary.json,1469
data/7_implicit_delay/data/E36A_regimes_seed45/runs/lam0p5_perturbed/coarse/checkpoint.npz,26006
data/7_implicit_delay/data/E36A_regimes_seed45/runs/lam0p5_perturbed/coarse/final_state.npz,24264
data/7_implicit_delay/data/E36A_regimes_seed45/runs/lam0p5_perturbed/coarse/manifest.json,2787
data/7_implicit_delay/data/E36A_regimes_seed45/runs/lam0p5_perturbed/coarse/summary.json,1471
data/7_implicit_delay/data/E36A_regimes_seed45/runs/lam1_coherent/coarse/checkpoint.npz,26006
data/7_implicit_delay/data/E36A_regimes_seed45/runs/lam1_coherent/coarse/final_state.npz,24264
data/7_implicit_delay/data/E36A_regimes_seed45/runs/lam1_coherent/coarse/manifest.json,2783
data/7_implicit_delay/data/E36A_regimes_seed45/runs/lam1_coherent/coarse/summary.json,1560
data/7_implicit_delay/data/E36A_regimes_seed45/runs/lam1_perturbed/coarse/checkpoint.npz,26006
data/7_implicit_delay/data/E36A_regimes_seed45/runs/lam1_perturbed/coarse/final_state.npz,24264
data/7_implicit_delay/data/E36A_regimes_seed45/runs/lam1_perturbed/coarse/manifest.json,2786
data/7_implicit_delay/data/E36A_regimes_seed45/runs/lam1_perturbed/coarse/summary.json,1560
data/7_implicit_delay/data/E36A_regimes_seed45/runs/lam2_coherent/coarse/checkpoint.npz,26006
data/7_implicit_delay/data/E36A_regimes_seed45/runs/lam2_coherent/coarse/final_state.npz,24264
data/7_implicit_delay/data/E36A_regimes_seed45/runs/lam2_coherent/coarse/manifest.json,2784
data/7_implicit_delay/data/E36A_regimes_seed45/runs/lam2_coherent/coarse/summary.json,1543
data/7_implicit_delay/data/E36A_regimes_seed45/runs/lam2_coherent/fine/checkpoint.npz,26006
data/7_implicit_delay/data/E36A_regimes_seed45/runs/lam2_coherent/fine/final_state.npz,24264
data/7_implicit_delay/data/E36A_regimes_seed45/runs/lam2_coherent/fine/manifest.json,2785
data/7_implicit_delay/data/E36A_regimes_seed45/runs/lam2_coherent/fine/summary.json,1546
data/7_implicit_delay/data/E36A_regimes_seed45/runs/lam2_perturbed/coarse/checkpoint.npz,26006
data/7_implicit_delay/data/E36A_regimes_seed45/runs/lam2_perturbed/coarse/final_state.npz,24264
data/7_implicit_delay/data/E36A_regimes_seed45/runs/lam2_perturbed/coarse/manifest.json,2786
data/7_implicit_delay/data/E36A_regimes_seed45/runs/lam2_perturbed/coarse/summary.json,1559
data/7_implicit_delay/data/E36A_regimes_seed45/runs/lam2_perturbed/fine/checkpoint.npz,26006
data/7_implicit_delay/data/E36A_regimes_seed45/runs/lam2_perturbed/fine/final_state.npz,24264
data/7_implicit_delay/data/E36A_regimes_seed45/runs/lam2_perturbed/fine/manifest.json,2787
data/7_implicit_delay/data/E36A_regimes_seed45/runs/lam2_perturbed/fine/summary.json,1562
data/7_implicit_delay/data/E36A_regimes_seed45/runs/lam4_coherent/coarse/checkpoint.npz,26006
data/7_implicit_delay/data/E36A_regimes_seed45/runs/lam4_coherent/coarse/final_state.npz,24264
data/7_implicit_delay/data/E36A_regimes_seed45/runs/lam4_coherent/coarse/manifest.json,2784
data/7_implicit_delay/data/E36A_regimes_seed45/runs/lam4_coherent/coarse/summary.json,1558
data/7_implicit_delay/data/E36A_regimes_seed45/runs/lam4_coherent/fine/checkpoint.npz,26006
data/7_implicit_delay/data/E36A_regimes_seed45/runs/lam4_coherent/fine/final_state.npz,24264
data/7_implicit_delay/data/E36A_regimes_seed45/runs/lam4_coherent/fine/manifest.json,2785
data/7_implicit_delay/data/E36A_regimes_seed45/runs/lam4_coherent/fine/summary.json,1559
data/7_implicit_delay/data/E36A_regimes_seed45/runs/lam4_perturbed/coarse/checkpoint.npz,26006
data/7_implicit_delay/data/E36A_regimes_seed45/runs/lam4_perturbed/coarse/final_state.npz,24264
data/7_implicit_delay/data/E36A_regimes_seed45/runs/lam4_perturbed/coarse/manifest.json,2786
data/7_implicit_delay/data/E36A_regimes_seed45/runs/lam4_perturbed/coarse/summary.json,1563
data/7_implicit_delay/data/E36A_regimes_seed45/runs/lam4_perturbed/fine/checkpoint.npz,26006
data/7_implicit_delay/data/E36A_regimes_seed45/runs/lam4_perturbed/fine/final_state.npz,24264
data/7_implicit_delay/data/E36A_regimes_seed45/runs/lam4_perturbed/fine/manifest.json,2787
data/7_implicit_delay/data/E36A_regimes_seed45/runs/lam4_perturbed/fine/summary.json,1560
data/7_implicit_delay/data/E36A_regimes_seed45/runs/lam8_coherent/coarse/checkpoint.npz,26006
data/7_implicit_delay/data/E36A_regimes_seed45/runs/lam8_coherent/coarse/final_state.npz,24264
data/7_implicit_delay/data/E36A_regimes_seed45/runs/lam8_coherent/coarse/manifest.json,2784
data/7_implicit_delay/data/E36A_regimes_seed45/runs/lam8_coherent/coarse/summary.json,1557
data/7_implicit_delay/data/E36A_regimes_seed45/runs/lam8_coherent/fine/checkpoint.npz,26006
data/7_implicit_delay/data/E36A_regimes_seed45/runs/lam8_coherent/fine/final_state.npz,24264
data/7_implicit_delay/data/E36A_regimes_seed45/runs/lam8_coherent/fine/manifest.json,2785
data/7_implicit_delay/data/E36A_regimes_seed45/runs/lam8_coherent/fine/summary.json,1561
data/7_implicit_delay/data/E36A_regimes_seed45/runs/lam8_perturbed/coarse/checkpoint.npz,26006
data/7_implicit_delay/data/E36A_regimes_seed45/runs/lam8_perturbed/coarse/final_state.npz,24264
data/7_implicit_delay/data/E36A_regimes_seed45/runs/lam8_perturbed/coarse/manifest.json,2786
data/7_implicit_delay/data/E36A_regimes_seed45/runs/lam8_perturbed/coarse/summary.json,1565
data/7_implicit_delay/data/E36A_regimes_seed45/runs/lam8_perturbed/fine/checkpoint.npz,26006
data/7_implicit_delay/data/E36A_regimes_seed45/runs/lam8_perturbed/fine/final_state.npz,24264
data/7_implicit_delay/data/E36A_regimes_seed45/runs/lam8_perturbed/fine/manifest.json,2787
data/7_implicit_delay/data/E36A_regimes_seed45/runs/lam8_perturbed/fine/summary.json,1565
data/7_implicit_delay/data/E36A_regimes_seed46/campaign_manifest.json,28225
data/7_implicit_delay/data/E36A_regimes_seed46/heartbeat.jsonl,27358
data/7_implicit_delay/data/E36A_regimes_seed46/runs/lam0_coherent/coarse/checkpoint.npz,26006
data/7_implicit_delay/data/E36A_regimes_seed46/runs/lam0_coherent/coarse/final_state.npz,24264
data/7_implicit_delay/data/E36A_regimes_seed46/runs/lam0_coherent/coarse/manifest.json,2783
data/7_implicit_delay/data/E36A_regimes_seed46/runs/lam0_coherent/coarse/summary.json,1469
data/7_implicit_delay/data/E36A_regimes_seed46/runs/lam0_perturbed/coarse/checkpoint.npz,26006
data/7_implicit_delay/data/E36A_regimes_seed46/runs/lam0_perturbed/coarse/final_state.npz,24264
data/7_implicit_delay/data/E36A_regimes_seed46/runs/lam0_perturbed/coarse/manifest.json,2785
data/7_implicit_delay/data/E36A_regimes_seed46/runs/lam0_perturbed/coarse/summary.json,1471
data/7_implicit_delay/data/E36A_regimes_seed46/runs/lam0p125_coherent/coarse/checkpoint.npz,26014
data/7_implicit_delay/data/E36A_regimes_seed46/runs/lam0p125_coherent/coarse/final_state.npz,24264
data/7_implicit_delay/data/E36A_regimes_seed46/runs/lam0p125_coherent/coarse/manifest.json,2789
data/7_implicit_delay/data/E36A_regimes_seed46/runs/lam0p125_coherent/coarse/summary.json,1412
data/7_implicit_delay/data/E36A_regimes_seed46/runs/lam0p125_perturbed/coarse/checkpoint.npz,26014
data/7_implicit_delay/data/E36A_regimes_seed46/runs/lam0p125_perturbed/coarse/final_state.npz,24264
data/7_implicit_delay/data/E36A_regimes_seed46/runs/lam0p125_perturbed/coarse/manifest.json,2791
data/7_implicit_delay/data/E36A_regimes_seed46/runs/lam0p125_perturbed/coarse/summary.json,1414
data/7_implicit_delay/data/E36A_regimes_seed46/runs/lam0p25_coherent/coarse/checkpoint.npz,26010
data/7_implicit_delay/data/E36A_regimes_seed46/runs/lam0p25_coherent/coarse/final_state.npz,24264
data/7_implicit_delay/data/E36A_regimes_seed46/runs/lam0p25_coherent/coarse/manifest.json,2787
data/7_implicit_delay/data/E36A_regimes_seed46/runs/lam0p25_coherent/coarse/summary.json,1414
data/7_implicit_delay/data/E36A_regimes_seed46/runs/lam0p25_perturbed/coarse/checkpoint.npz,26010
data/7_implicit_delay/data/E36A_regimes_seed46/runs/lam0p25_perturbed/coarse/final_state.npz,24264
data/7_implicit_delay/data/E36A_regimes_seed46/runs/lam0p25_perturbed/coarse/manifest.json,2789
data/7_implicit_delay/data/E36A_regimes_seed46/runs/lam0p25_perturbed/coarse/summary.json,1416
data/7_implicit_delay/data/E36A_regimes_seed46/runs/lam0p5_coherent/coarse/checkpoint.npz,26006
data/7_implicit_delay/data/E36A_regimes_seed46/runs/lam0p5_coherent/coarse/final_state.npz,24264
data/7_implicit_delay/data/E36A_regimes_seed46/runs/lam0p5_coherent/coarse/manifest.json,2785
data/7_implicit_delay/data/E36A_regimes_seed46/runs/lam0p5_coherent/coarse/summary.json,1412
data/7_implicit_delay/data/E36A_regimes_seed46/runs/lam0p5_perturbed/coarse/checkpoint.npz,26006
data/7_implicit_delay/data/E36A_regimes_seed46/runs/lam0p5_perturbed/coarse/final_state.npz,24264
data/7_implicit_delay/data/E36A_regimes_seed46/runs/lam0p5_perturbed/coarse/manifest.json,2787
data/7_implicit_delay/data/E36A_regimes_seed46/runs/lam0p5_perturbed/coarse/summary.json,1414
data/7_implicit_delay/data/E36A_regimes_seed46/runs/lam1_coherent/coarse/checkpoint.npz,26006
data/7_implicit_delay/data/E36A_regimes_seed46/runs/lam1_coherent/coarse/final_state.npz,24264
data/7_implicit_delay/data/E36A_regimes_seed46/runs/lam1_coherent/coarse/manifest.json,2783
data/7_implicit_delay/data/E36A_regimes_seed46/runs/lam1_coherent/coarse/summary.json,1541
data/7_implicit_delay/data/E36A_regimes_seed46/runs/lam1_perturbed/coarse/checkpoint.npz,26006
data/7_implicit_delay/data/E36A_regimes_seed46/runs/lam1_perturbed/coarse/final_state.npz,24264
data/7_implicit_delay/data/E36A_regimes_seed46/runs/lam1_perturbed/coarse/manifest.json,2786
data/7_implicit_delay/data/E36A_regimes_seed46/runs/lam1_perturbed/coarse/summary.json,1548
data/7_implicit_delay/data/E36A_regimes_seed46/runs/lam2_coherent/coarse/checkpoint.npz,26006
data/7_implicit_delay/data/E36A_regimes_seed46/runs/lam2_coherent/coarse/final_state.npz,24264
data/7_implicit_delay/data/E36A_regimes_seed46/runs/lam2_coherent/coarse/manifest.json,2784
data/7_implicit_delay/data/E36A_regimes_seed46/runs/lam2_coherent/coarse/summary.json,1542
data/7_implicit_delay/data/E36A_regimes_seed46/runs/lam2_coherent/fine/checkpoint.npz,26006
data/7_implicit_delay/data/E36A_regimes_seed46/runs/lam2_coherent/fine/final_state.npz,24264
data/7_implicit_delay/data/E36A_regimes_seed46/runs/lam2_coherent/fine/manifest.json,2785
data/7_implicit_delay/data/E36A_regimes_seed46/runs/lam2_coherent/fine/summary.json,1544
data/7_implicit_delay/data/E36A_regimes_seed46/runs/lam2_perturbed/coarse/checkpoint.npz,26006
data/7_implicit_delay/data/E36A_regimes_seed46/runs/lam2_perturbed/coarse/final_state.npz,24264
data/7_implicit_delay/data/E36A_regimes_seed46/runs/lam2_perturbed/coarse/manifest.json,2786
data/7_implicit_delay/data/E36A_regimes_seed46/runs/lam2_perturbed/coarse/summary.json,1545
data/7_implicit_delay/data/E36A_regimes_seed46/runs/lam2_perturbed/fine/checkpoint.npz,26006
data/7_implicit_delay/data/E36A_regimes_seed46/runs/lam2_perturbed/fine/final_state.npz,24264
data/7_implicit_delay/data/E36A_regimes_seed46/runs/lam2_perturbed/fine/manifest.json,2787
data/7_implicit_delay/data/E36A_regimes_seed46/runs/lam2_perturbed/fine/summary.json,1546
data/7_implicit_delay/data/E36A_regimes_seed46/runs/lam4_coherent/coarse/checkpoint.npz,26006
data/7_implicit_delay/data/E36A_regimes_seed46/runs/lam4_coherent/coarse/final_state.npz,24264
data/7_implicit_delay/data/E36A_regimes_seed46/runs/lam4_coherent/coarse/manifest.json,2784
data/7_implicit_delay/data/E36A_regimes_seed46/runs/lam4_coherent/coarse/summary.json,1560
data/7_implicit_delay/data/E36A_regimes_seed46/runs/lam4_coherent/fine/checkpoint.npz,26006
data/7_implicit_delay/data/E36A_regimes_seed46/runs/lam4_coherent/fine/final_state.npz,24264
data/7_implicit_delay/data/E36A_regimes_seed46/runs/lam4_coherent/fine/manifest.json,2785
data/7_implicit_delay/data/E36A_regimes_seed46/runs/lam4_coherent/fine/summary.json,1557
data/7_implicit_delay/data/E36A_regimes_seed46/runs/lam4_perturbed/coarse/checkpoint.npz,26006
data/7_implicit_delay/data/E36A_regimes_seed46/runs/lam4_perturbed/coarse/final_state.npz,24264
data/7_implicit_delay/data/E36A_regimes_seed46/runs/lam4_perturbed/coarse/manifest.json,2786
data/7_implicit_delay/data/E36A_regimes_seed46/runs/lam4_perturbed/coarse/summary.json,1555
data/7_implicit_delay/data/E36A_regimes_seed46/runs/lam4_perturbed/fine/checkpoint.npz,26006
data/7_implicit_delay/data/E36A_regimes_seed46/runs/lam4_perturbed/fine/final_state.npz,24264
data/7_implicit_delay/data/E36A_regimes_seed46/runs/lam4_perturbed/fine/manifest.json,2787
data/7_implicit_delay/data/E36A_regimes_seed46/runs/lam4_perturbed/fine/summary.json,1559
data/7_implicit_delay/data/E36A_regimes_seed46/runs/lam8_coherent/coarse/checkpoint.npz,26006
data/7_implicit_delay/data/E36A_regimes_seed46/runs/lam8_coherent/coarse/final_state.npz,24264
data/7_implicit_delay/data/E36A_regimes_seed46/runs/lam8_coherent/coarse/manifest.json,2784
data/7_implicit_delay/data/E36A_regimes_seed46/runs/lam8_coherent/coarse/summary.json,1544
data/7_implicit_delay/data/E36A_regimes_seed46/runs/lam8_coherent/fine/checkpoint.npz,26006
data/7_implicit_delay/data/E36A_regimes_seed46/runs/lam8_coherent/fine/final_state.npz,24264
data/7_implicit_delay/data/E36A_regimes_seed46/runs/lam8_coherent/fine/manifest.json,2785
data/7_implicit_delay/data/E36A_regimes_seed46/runs/lam8_coherent/fine/summary.json,1546
data/7_implicit_delay/data/E36A_regimes_seed46/runs/lam8_perturbed/coarse/checkpoint.npz,26006
data/7_implicit_delay/data/E36A_regimes_seed46/runs/lam8_perturbed/coarse/final_state.npz,24264
data/7_implicit_delay/data/E36A_regimes_seed46/runs/lam8_perturbed/coarse/manifest.json,2786
data/7_implicit_delay/data/E36A_regimes_seed46/runs/lam8_perturbed/coarse/summary.json,1542
data/7_implicit_delay/data/E36A_regimes_seed46/runs/lam8_perturbed/fine/checkpoint.npz,26006
data/7_implicit_delay/data/E36A_regimes_seed46/runs/lam8_perturbed/fine/final_state.npz,24264
data/7_implicit_delay/data/E36A_regimes_seed46/runs/lam8_perturbed/fine/manifest.json,2787
data/7_implicit_delay/data/E36A_regimes_seed46/runs/lam8_perturbed/fine/summary.json,1549
data/7_implicit_delay/data/E36_MULTISEED_RESULTS.md,18635
data/7_implicit_delay/data/E36_b_lambda_dense_fits.json,8145
data/7_implicit_delay/data/E36_b_lambda_dense_fits.npz,3530
data/7_implicit_delay/data/E36_bdense_N1000_seed42.json,13364
data/7_implicit_delay/data/E36_bdense_N1000_seed43.json,13385
data/7_implicit_delay/data/E36_bdense_N2000_seed42.json,13381
data/7_implicit_delay/data/E36_bdense_seed42.json,22518
data/7_implicit_delay/data/E36_bdense_seed43.json,22556
data/7_implicit_delay/data/E36_bdense_seed44.json,22530
data/7_implicit_delay/data/E36_bdense_seed45.json,22546
data/7_implicit_delay/data/E36_bdense_seed46.json,22502
data/7_implicit_delay/data/E36_dense_for_md.json,3741
data/7_implicit_delay/data/E36_lambda_c_refine.json,18079
data/7_implicit_delay/data/E36_multiseed_computed.json,84666
data/7_implicit_delay/data/E36_size_for_md.json,3308
data/7_implicit_delay/data/E36_size_separation_fits.json,6645
data/7_implicit_delay/data/E36_size_separation_fits.npz,3164
data/MANIFEST_excluded.csv,667750
data/MANIFEST_included.csv,219986
data/v5_campaigns/FULL_WORKPLAN_EXECUTION.md,3845
data/v5_campaigns/N1_AUDIT_CONCLUSION.md,5874
data/v5_campaigns/README.md,1658
data/v5_campaigns/RESUME_SIMULATIONS.md,9662
data/v5_campaigns/RUN_STATUS.md,100724
data/v5_campaigns/SYNTHESE_NUMERICAL_WORKPLAN.md,26115
data/v5_campaigns/manifests/Figure_E34_bifurcation_architecture.json,1232
data/v5_campaigns/manifests/N2_figure_provenance.json,1940
data/v5_campaigns/manifests/N4_figure_provenance.json,9990
data/v5_campaigns/manifests/figure_provenance.json,107
data/v5_campaigns/manifests/reference_baseline.json,828
data/v5_campaigns/reports/N1_multiseed_identity_1e-3.csv,4438
data/v5_campaigns/reports/N1_multiseed_identity_caption.tex,908
data/v5_campaigns/reports/N1_multiseed_identity_summary.json,15114
data/v5_campaigns/reports/N1_static_dynamic.csv,5217
data/v5_campaigns/reports/N1_static_extreme_vs_dynamic_onset.csv,3436
data/v5_campaigns/reports/N1_static_extreme_vs_dynamic_onset_caption.tex,870
data/v5_campaigns/reports/N1_static_extreme_vs_dynamic_onset_summary.json,13272
data/v5_campaigns/reports/N2_GATE_STATUS.md,2652
data/v5_campaigns/reports/N2_fit_windows.csv,24884
data/v5_campaigns/reports/N2_summary.json,3119
data/v5_campaigns/reports/N2_timestep_controls.csv,1350
data/v5_campaigns/reports/N3_E30_seed_statistics.csv,116426
data/v5_campaigns/reports/N6_GATE_STATUS.md,2472
data/v5_campaigns/reports/N6_multiseed_lyapunov.csv,13102
data/v5_campaigns/reports/N6_multiseed_lyapunov_caption.tex,543
data/v5_campaigns/reports/N6_multiseed_lyapunov_summary.json,1708
data/v5_campaigns/reports/N8_PRELIMINARY_ANALYSIS.md,4503
data/v5_campaigns/reports/N8_cell_summary.csv,2709
data/v5_campaigns/reports/N8_preliminary_summary.json,2633
data/v5_campaigns/reports/N8_trajectory_audit.csv,36890
data/v5_campaigns/runs/N1/comparison.json,20726
data/v5_campaigns/runs/N1/dynamic_N2000_P100_seed42.json,7003
data/v5_campaigns/runs/N1/dynamic_N2000_P100_seed43.json,7023
data/v5_campaigns/runs/N1/dynamic_N2000_P100_seed44.json,7063
data/v5_campaigns/runs/N1/dynamic_N2000_P100_seed45.json,7023
data/v5_campaigns/runs/N1/dynamic_N2000_P100_seed46.json,6988
data/v5_campaigns/runs/N1/dynamic_N2000_P100_seed47.json,7006
data/v5_campaigns/runs/N1/dynamic_N2000_P100_seed48.json,7063
data/v5_campaigns/runs/N1/dynamic_N2000_P100_seed49.json,7063
data/v5_campaigns/runs/N1/dynamic_N2000_P100_seed50.json,6988
data/v5_campaigns/runs/N1/dynamic_N2000_P100_seed51.json,7061
data/v5_campaigns/runs/N1/dynamic_N2000_P100_seed52.json,7035
data/v5_campaigns/runs/N1/dynamic_N2000_P100_seed53.json,7006
data/v5_campaigns/runs/N1/dynamic_N2000_P100_seed54.json,7041
data/v5_campaigns/runs/N1/dynamic_N2000_P100_seed55.json,7035
data/v5_campaigns/runs/N1/dynamic_N2000_P100_seed56.json,6995
data/v5_campaigns/runs/N1/dynamic_N2000_P100_seed57.json,7028
data/v5_campaigns/runs/N1/dynamic_N2000_P100_seed58.json,7056
data/v5_campaigns/runs/N1/dynamic_N2000_P100_seed59.json,7025
data/v5_campaigns/runs/N1/dynamic_N2000_P100_seed60.json,6985
data/v5_campaigns/runs/N1/dynamic_N2000_P100_seed61.json,7023
data/v5_campaigns/runs/N1/overnight_status.json,7128
data/v5_campaigns/runs/N1/shutdown_snapshot_2026-07-28T0859PDT.json,5143
data/v5_campaigns/runs/N1/static_N120_P6_seed42.json,1102
data/v5_campaigns/runs/N1/static_N2000_P100_seed42.json,4628
data/v5_campaigns/runs/N1/static_N2000_P100_seed43.json,4631
data/v5_campaigns/runs/N1/static_N2000_P100_seed44.json,4631
data/v5_campaigns/runs/N1/static_N2000_P100_seed45.json,4629
data/v5_campaigns/runs/N1/static_N2000_P100_seed46.json,4628
data/v5_campaigns/runs/N1/static_N2000_P100_seed47.json,4632
data/v5_campaigns/runs/N1/static_N2000_P100_seed48.json,4630
data/v5_campaigns/runs/N1/static_N2000_P100_seed49.json,4617
data/v5_campaigns/runs/N1/static_N2000_P100_seed50.json,4631
data/v5_campaigns/runs/N1/static_N2000_P100_seed51.json,4630
data/v5_campaigns/runs/N1/static_N2000_P100_seed52.json,4617
data/v5_campaigns/runs/N1/static_N2000_P100_seed53.json,4632
data/v5_campaigns/runs/N1/static_N2000_P100_seed54.json,4618
data/v5_campaigns/runs/N1/static_N2000_P100_seed55.json,4614
data/v5_campaigns/runs/N1/static_N2000_P100_seed56.json,4626
data/v5_campaigns/runs/N1/static_N2000_P100_seed57.json,4627
data/v5_campaigns/runs/N1/static_N2000_P100_seed58.json,4630
data/v5_campaigns/runs/N1/static_N2000_P100_seed59.json,4627
data/v5_campaigns/runs/N1/static_N2000_P100_seed60.json,4628
data/v5_campaigns/runs/N1/static_N2000_P100_seed61.json,4617
data/v5_campaigns/runs/N10/lyap_smoke.json,1099
data/v5_campaigns/runs/N10/smoke.json,4105
data/v5_campaigns/runs/N10/threshold_smoke.json,1095
data/v5_campaigns/runs/N1_AUDIT/branch_audit_N2000_P100_s42.json,5944
data/v5_campaigns/runs/N1_AUDIT/branch_audit_N2000_P100_s43.json,6046
data/v5_campaigns/runs/N1_AUDIT/branch_audit_N2000_P100_s44.json,5954
data/v5_campaigns/runs/N1_AUDIT/branch_audit_N2000_P100_s45.json,5956
data/v5_campaigns/runs/N1_AUDIT/branch_audit_N2000_P100_s46.json,5939
data/v5_campaigns/runs/N1_AUDIT/branch_audit_N2000_P100_s47.json,5949
data/v5_campaigns/runs/N1_AUDIT/branch_audit_N2000_P100_s48.json,5963
data/v5_campaigns/runs/N1_AUDIT/branch_audit_N2000_P100_s49.json,5942
data/v5_campaigns/runs/N1_AUDIT/branch_audit_N2000_P100_s50.json,5948
data/v5_campaigns/runs/N1_AUDIT/branch_audit_N2000_P100_s51.json,5963
data/v5_campaigns/runs/N1_AUDIT/branch_audit_N2000_P100_s52.json,5946
data/v5_campaigns/runs/N1_AUDIT/branch_audit_N2000_P100_s53.json,5949
data/v5_campaigns/runs/N1_AUDIT/branch_audit_N2000_P100_s54.json,5950
data/v5_campaigns/runs/N1_AUDIT/branch_audit_N2000_P100_s55.json,5939
data/v5_campaigns/runs/N1_AUDIT/branch_audit_N2000_P100_s56.json,5944
data/v5_campaigns/runs/N1_AUDIT/branch_audit_N2000_P100_s57.json,5955
data/v5_campaigns/runs/N1_AUDIT/branch_audit_N2000_P100_s58.json,5961
data/v5_campaigns/runs/N1_AUDIT/branch_audit_N2000_P100_s59.json,5953
data/v5_campaigns/runs/N1_AUDIT/branch_audit_N2000_P100_s60.json,5946
data/v5_campaigns/runs/N1_AUDIT/branch_audit_N2000_P100_s61.json,5939
data/v5_campaigns/runs/N1_AUDIT/dynamic_audit_N2000_P100_s42_dt0.005_tours5_tol5e-05_ascending.json,48124
data/v5_campaigns/runs/N1_AUDIT/dynamic_audit_N2000_P100_s42_dt0.005_tours5_tol5e-05_descending.json,48137
data/v5_campaigns/runs/N1_AUDIT/dynamic_audit_N2000_P100_s42_dt0.01_tours1_descending.json,25440
data/v5_campaigns/runs/N1_AUDIT/dynamic_audit_N2000_P100_s44_dt0.005_tours5_tol5e-05_ascending.json,48137
data/v5_campaigns/runs/N1_AUDIT/dynamic_audit_N2000_P100_s44_dt0.005_tours5_tol5e-05_descending.json,48162
data/v5_campaigns/runs/N1_AUDIT/dynamic_audit_N2000_P100_s48_dt0.005_tours5_tol5e-05_ascending.json,53550
data/v5_campaigns/runs/N1_AUDIT/dynamic_audit_N2000_P100_s48_dt0.005_tours5_tol5e-05_descending.json,53571
data/v5_campaigns/runs/N1_AUDIT/dynamic_audit_N2000_P100_s61_dt0.005_tours5_tol5e-05_ascending.json,48133
data/v5_campaigns/runs/N1_AUDIT/dynamic_audit_N2000_P100_s61_dt0.005_tours5_tol5e-05_descending.json,48161
data/v5_campaigns/runs/N1_AUDIT/points/N2000_P100_s42_ascending_lam0p32650000_dt0p005_tours5.json,5084
data/v5_campaigns/runs/N1_AUDIT/points/N2000_P100_s42_ascending_lam0p32762500_dt0p005_tours5.json,5084
data/v5_campaigns/runs/N1_AUDIT/points/N2000_P100_s42_ascending_lam0p32766016_dt0p005_tours5.json,5080
data/v5_campaigns/runs/N1_AUDIT/points/N2000_P100_s42_ascending_lam0p32769531_dt0p005_tours5.json,5082
data/v5_campaigns/runs/N1_AUDIT/points/N2000_P100_s42_ascending_lam0p32776562_dt0p005_tours5.json,5082
data/v5_campaigns/runs/N1_AUDIT/points/N2000_P100_s42_ascending_lam0p32790625_dt0p005_tours5.json,5080
data/v5_campaigns/runs/N1_AUDIT/points/N2000_P100_s42_ascending_lam0p32818750_dt0p005_tours5.json,5080
data/v5_campaigns/runs/N1_AUDIT/points/N2000_P100_s42_ascending_lam0p32875000_dt0p005_tours5.json,5069
data/v5_campaigns/runs/N1_AUDIT/points/N2000_P100_s42_descending_lam0p32650000_dt0p005_tours5.json,5086
data/v5_campaigns/runs/N1_AUDIT/points/N2000_P100_s42_descending_lam0p32650000_dt0p01_tours1.json,4889
data/v5_campaigns/runs/N1_AUDIT/points/N2000_P100_s42_descending_lam0p32762500_dt0p005_tours5.json,5087
data/v5_campaigns/runs/N1_AUDIT/points/N2000_P100_s42_descending_lam0p32762500_dt0p01_tours1.json,4889
data/v5_campaigns/runs/N1_AUDIT/points/N2000_P100_s42_descending_lam0p32766016_dt0p005_tours5.json,5082
data/v5_campaigns/runs/N1_AUDIT/points/N2000_P100_s42_descending_lam0p32769531_dt0p005_tours5.json,5084
data/v5_campaigns/runs/N1_AUDIT/points/N2000_P100_s42_descending_lam0p32776562_dt0p005_tours5.json,5083
data/v5_campaigns/runs/N1_AUDIT/points/N2000_P100_s42_descending_lam0p32790625_dt0p005_tours5.json,5081
data/v5_campaigns/runs/N1_AUDIT/points/N2000_P100_s42_descending_lam0p32818750_dt0p005_tours5.json,5081
data/v5_campaigns/runs/N1_AUDIT/points/N2000_P100_s42_descending_lam0p32818750_dt0p01_tours1.json,4883
data/v5_campaigns/runs/N1_AUDIT/points/N2000_P100_s42_descending_lam0p32875000_dt0p005_tours5.json,5069
data/v5_campaigns/runs/N1_AUDIT/points/N2000_P100_s42_descending_lam0p32875000_dt0p01_tours1.json,4872
data/v5_campaigns/runs/N1_AUDIT/points/N2000_P100_s44_ascending_lam0p33764287_dt0p005_tours5.json,5085
data/v5_campaigns/runs/N1_AUDIT/points/N2000_P100_s44_ascending_lam0p33907143_dt0p005_tours5.json,5084
data/v5_campaigns/runs/N1_AUDIT/points/N2000_P100_s44_ascending_lam0p33925000_dt0p005_tours5.json,5083
data/v5_campaigns/runs/N1_AUDIT/points/N2000_P100_s44_ascending_lam0p33929465_dt0p005_tours5.json,5084
data/v5_campaigns/runs/N1_AUDIT/points/N2000_P100_s44_ascending_lam0p33933929_dt0p005_tours5.json,5080
data/v5_campaigns/runs/N1_AUDIT/points/N2000_P100_s44_ascending_lam0p33942857_dt0p005_tours5.json,5080
data/v5_campaigns/runs/N1_AUDIT/points/N2000_P100_s44_ascending_lam0p33978572_dt0p005_tours5.json,5079
data/v5_campaigns/runs/N1_AUDIT/points/N2000_P100_s44_ascending_lam0p34050000_dt0p005_tours5.json,5080
data/v5_campaigns/runs/N1_AUDIT/points/N2000_P100_s44_descending_lam0p33764287_dt0p005_tours5.json,5088
data/v5_campaigns/runs/N1_AUDIT/points/N2000_P100_s44_descending_lam0p33907143_dt0p005_tours5.json,5089
data/v5_campaigns/runs/N1_AUDIT/points/N2000_P100_s44_descending_lam0p33925000_dt0p005_tours5.json,5086
data/v5_campaigns/runs/N1_AUDIT/points/N2000_P100_s44_descending_lam0p33929465_dt0p005_tours5.json,5089
data/v5_campaigns/runs/N1_AUDIT/points/N2000_P100_s44_descending_lam0p33933929_dt0p005_tours5.json,5082
data/v5_campaigns/runs/N1_AUDIT/points/N2000_P100_s44_descending_lam0p33942857_dt0p005_tours5.json,5082
data/v5_campaigns/runs/N1_AUDIT/points/N2000_P100_s44_descending_lam0p33978572_dt0p005_tours5.json,5080
data/v5_campaigns/runs/N1_AUDIT/points/N2000_P100_s44_descending_lam0p34050000_dt0p005_tours5.json,5083
data/v5_campaigns/runs/N1_AUDIT/points/N2000_P100_s48_ascending_lam0p32786088_dt0p005_tours5.json,5083
data/v5_campaigns/runs/N1_AUDIT/points/N2000_P100_s48_ascending_lam0p33072574_dt0p005_tours5.json,5083
data/v5_campaigns/runs/N1_AUDIT/points/N2000_P100_s48_ascending_lam0p33215817_dt0p005_tours5.json,5082
data/v5_campaigns/runs/N1_AUDIT/points/N2000_P100_s48_ascending_lam0p33251628_dt0p005_tours5.json,5083
data/v5_campaigns/runs/N1_AUDIT/points/N2000_P100_s48_ascending_lam0p33256104_dt0p005_tours5.json,5083
data/v5_campaigns/runs/N1_AUDIT/points/N2000_P100_s48_ascending_lam0p33260580_dt0p005_tours5.json,5081
data/v5_campaigns/runs/N1_AUDIT/points/N2000_P100_s48_ascending_lam0p33269533_dt0p005_tours5.json,5079
data/v5_campaigns/runs/N1_AUDIT/points/N2000_P100_s48_ascending_lam0p33287438_dt0p005_tours5.json,5079
data/v5_campaigns/runs/N1_AUDIT/points/N2000_P100_s48_ascending_lam0p33359060_dt0p005_tours5.json,5078
data/v5_campaigns/runs/N1_AUDIT/points/N2000_P100_s48_descending_lam0p32786088_dt0p005_tours5.json,5085
data/v5_campaigns/runs/N1_AUDIT/points/N2000_P100_s48_descending_lam0p33072574_dt0p005_tours5.json,5085
data/v5_campaigns/runs/N1_AUDIT/points/N2000_P100_s48_descending_lam0p33215817_dt0p005_tours5.json,5087
data/v5_campaigns/runs/N1_AUDIT/points/N2000_P100_s48_descending_lam0p33224770_dt0p005_tours5.json,5089
data/v5_campaigns/runs/N1_AUDIT/points/N2000_P100_s48_descending_lam0p33229246_dt0p005_tours5.json,5086
data/v5_campaigns/runs/N1_AUDIT/points/N2000_P100_s48_descending_lam0p33233722_dt0p005_tours5.json,5080
data/v5_campaigns/runs/N1_AUDIT/points/N2000_P100_s48_descending_lam0p33251628_dt0p005_tours5.json,5080
data/v5_campaigns/runs/N1_AUDIT/points/N2000_P100_s48_descending_lam0p33287438_dt0p005_tours5.json,5079
data/v5_campaigns/runs/N1_AUDIT/points/N2000_P100_s48_descending_lam0p33359060_dt0p005_tours5.json,5081
data/v5_campaigns/runs/N1_AUDIT/points/N2000_P100_s61_ascending_lam0p32350000_dt0p005_tours5.json,5083
data/v5_campaigns/runs/N1_AUDIT/points/N2000_P100_s61_ascending_lam0p32475924_dt0p005_tours5.json,5083
data/v5_campaigns/runs/N1_AUDIT/points/N2000_P100_s61_ascending_lam0p32491665_dt0p005_tours5.json,5084
data/v5_campaigns/runs/N1_AUDIT/points/N2000_P100_s61_ascending_lam0p32499535_dt0p005_tours5.json,5083
data/v5_campaigns/runs/N1_AUDIT/points/N2000_P100_s61_ascending_lam0p32503470_dt0p005_tours5.json,5080
data/v5_campaigns/runs/N1_AUDIT/points/N2000_P100_s61_ascending_lam0p32507405_dt0p005_tours5.json,5080
data/v5_campaigns/runs/N1_AUDIT/points/N2000_P100_s61_ascending_lam0p32538886_dt0p005_tours5.json,5080
data/v5_campaigns/runs/N1_AUDIT/points/N2000_P100_s61_ascending_lam0p32601848_dt0p005_tours5.json,5079
data/v5_campaigns/runs/N1_AUDIT/points/N2000_P100_s61_descending_lam0p32350000_dt0p005_tours5.json,5087
data/v5_campaigns/runs/N1_AUDIT/points/N2000_P100_s61_descending_lam0p32412962_dt0p005_tours5.json,5088
data/v5_campaigns/runs/N1_AUDIT/points/N2000_P100_s61_descending_lam0p32444443_dt0p005_tours5.json,5087
data/v5_campaigns/runs/N1_AUDIT/points/N2000_P100_s61_descending_lam0p32452313_dt0p005_tours5.json,5088
data/v5_campaigns/runs/N1_AUDIT/points/N2000_P100_s61_descending_lam0p32456248_dt0p005_tours5.json,5086
data/v5_campaigns/runs/N1_AUDIT/points/N2000_P100_s61_descending_lam0p32460184_dt0p005_tours5.json,5082
data/v5_campaigns/runs/N1_AUDIT/points/N2000_P100_s61_descending_lam0p32475924_dt0p005_tours5.json,5081
data/v5_campaigns/runs/N1_AUDIT/points/N2000_P100_s61_descending_lam0p32601848_dt0p005_tours5.json,5080
data/v5_campaigns/runs/N1_AUDIT/summary.json,38037
data/v5_campaigns/runs/N1_AUDIT/summary_dynamic_seeds_42_44_48_61_dt0p005_tours5_tol5e-05_hyst1.json,451252
data/v5_campaigns/runs/N1_AUDIT/summary_dynamic_seeds_42_dt0p005_tours5_tol5e-05_hyst1.json,113447
data/v5_campaigns/runs/N1_AUDIT/summary_dynamic_seeds_44_dt0p005_tours5_tol5e-05_hyst1.json,113495
data/v5_campaigns/runs/N1_AUDIT/summary_dynamic_seeds_48_dt0p005_tours5_tol5e-05_hyst1.json,124998
data/v5_campaigns/runs/N1_AUDIT/summary_dynamic_seeds_61_dt0p005_tours5_tol5e-05_hyst1.json,113475
data/v5_campaigns/runs/N2/dynamic_N2000_P100_s42_d0p0001_dt0p005_production.json,565
data/v5_campaigns/runs/N2/dynamic_N2000_P100_s42_d0p0001_dt0p01_production.json,564
data/v5_campaigns/runs/N2/dynamic_N2000_P100_s42_d0p0002_dt0p005_production.json,566
data/v5_campaigns/runs/N2/dynamic_N2000_P100_s42_d0p0002_dt0p01_production.json,563
data/v5_campaigns/runs/N2/dynamic_N2000_P100_s42_d0p0005_dt0p005_production.json,549
data/v5_campaigns/runs/N2/dynamic_N2000_P100_s42_d0p0005_dt0p01_production.json,547
data/v5_campaigns/runs/N2/dynamic_N2000_P100_s42_d0p001_dt0p01_production.json,521
data/v5_campaigns/runs/N2/dynamic_N2000_P100_s42_d0p001_dt0p01_smoke.json,449
data/v5_campaigns/runs/N2/dynamic_N2000_P100_s42_d0p002_dt0p01_production.json,559
data/v5_campaigns/runs/N2/dynamic_N2000_P100_s42_d0p005_dt0p01_production.json,493
data/v5_campaigns/runs/N2/dynamic_N2000_P100_s42_d0p01_dt0p01_production.json,546
data/v5_campaigns/runs/N2/dynamic_N2000_P100_s42_d0p01_dt0p01_smoke.json,447
data/v5_campaigns/runs/N2/dynamic_N2000_P100_s42_d1e-05_dt0p005_production.json,564
data/v5_campaigns/runs/N2/dynamic_N2000_P100_s42_d1e-05_dt0p01_production.json,561
data/v5_campaigns/runs/N2/dynamic_N2000_P100_s42_d2e-05_dt0p005_production.json,542
data/v5_campaigns/runs/N2/dynamic_N2000_P100_s42_d2e-05_dt0p01_production.json,540
data/v5_campaigns/runs/N2/dynamic_N2000_P100_s42_d5e-05_dt0p005_production.json,569
data/v5_campaigns/runs/N2/dynamic_N2000_P100_s42_d5e-05_dt0p01_production.json,567
data/v5_campaigns/runs/N2/dynamic_N2000_P100_s47_d0p0001_dt0p005_production.json,569
data/v5_campaigns/runs/N2/dynamic_N2000_P100_s47_d0p0001_dt0p01_production.json,567
data/v5_campaigns/runs/N2/dynamic_N2000_P100_s47_d0p0002_dt0p005_production.json,565
data/v5_campaigns/runs/N2/dynamic_N2000_P100_s47_d0p0002_dt0p01_production.json,564
data/v5_campaigns/runs/N2/dynamic_N2000_P100_s47_d0p0005_dt0p005_production.json,564
data/v5_campaigns/runs/N2/dynamic_N2000_P100_s47_d0p0005_dt0p01_production.json,563
data/v5_campaigns/runs/N2/dynamic_N2000_P100_s47_d0p001_dt0p01_production.json,560
data/v5_campaigns/runs/N2/dynamic_N2000_P100_s47_d0p002_dt0p01_production.json,561
data/v5_campaigns/runs/N2/dynamic_N2000_P100_s47_d0p005_dt0p01_production.json,559
data/v5_campaigns/runs/N2/dynamic_N2000_P100_s47_d0p01_dt0p01_production.json,486
data/v5_campaigns/runs/N2/dynamic_N2000_P100_s47_d1e-05_dt0p005_production.json,553
data/v5_campaigns/runs/N2/dynamic_N2000_P100_s47_d1e-05_dt0p01_production.json,552
data/v5_campaigns/runs/N2/dynamic_N2000_P100_s47_d2e-05_dt0p005_production.json,524
data/v5_campaigns/runs/N2/dynamic_N2000_P100_s47_d2e-05_dt0p01_production.json,521
data/v5_campaigns/runs/N2/dynamic_N2000_P100_s47_d5e-05_dt0p005_production.json,563
data/v5_campaigns/runs/N2/dynamic_N2000_P100_s47_d5e-05_dt0p01_production.json,561
data/v5_campaigns/runs/N2/dynamic_N2000_P100_s51_d0p0001_dt0p005_production.json,565
data/v5_campaigns/runs/N2/dynamic_N2000_P100_s51_d0p0001_dt0p01_production.json,563
data/v5_campaigns/runs/N2/dynamic_N2000_P100_s51_d0p0002_dt0p005_production.json,494
data/v5_campaigns/runs/N2/dynamic_N2000_P100_s51_d0p0002_dt0p01_production.json,491
data/v5_campaigns/runs/N2/dynamic_N2000_P100_s51_d0p0005_dt0p005_production.json,565
data/v5_campaigns/runs/N2/dynamic_N2000_P100_s51_d0p0005_dt0p01_production.json,562
data/v5_campaigns/runs/N2/dynamic_N2000_P100_s51_d0p001_dt0p01_production.json,559
data/v5_campaigns/runs/N2/dynamic_N2000_P100_s51_d0p002_dt0p01_production.json,540
data/v5_campaigns/runs/N2/dynamic_N2000_P100_s51_d0p005_dt0p01_production.json,548
data/v5_campaigns/runs/N2/dynamic_N2000_P100_s51_d0p01_dt0p01_production.json,558
data/v5_campaigns/runs/N2/dynamic_N2000_P100_s51_d1e-05_dt0p005_production.json,492
data/v5_campaigns/runs/N2/dynamic_N2000_P100_s51_d1e-05_dt0p01_production.json,490
data/v5_campaigns/runs/N2/dynamic_N2000_P100_s51_d2e-05_dt0p005_production.json,522
data/v5_campaigns/runs/N2/dynamic_N2000_P100_s51_d2e-05_dt0p01_production.json,521
data/v5_campaigns/runs/N2/dynamic_N2000_P100_s51_d5e-05_dt0p005_production.json,564
data/v5_campaigns/runs/N2/dynamic_N2000_P100_s51_d5e-05_dt0p01_production.json,562
data/v5_campaigns/runs/N2/dynamic_N2000_P100_s52_d0p0001_dt0p005_production.json,531
data/v5_campaigns/runs/N2/dynamic_N2000_P100_s52_d0p0001_dt0p01_production.json,528
data/v5_campaigns/runs/N2/dynamic_N2000_P100_s52_d0p0002_dt0p005_production.json,531
data/v5_campaigns/runs/N2/dynamic_N2000_P100_s52_d0p0002_dt0p01_production.json,529
data/v5_campaigns/runs/N2/dynamic_N2000_P100_s52_d0p0005_dt0p005_production.json,526
data/v5_campaigns/runs/N2/dynamic_N2000_P100_s52_d0p0005_dt0p01_production.json,523
data/v5_campaigns/runs/N2/dynamic_N2000_P100_s52_d0p001_dt0p01_production.json,493
data/v5_campaigns/runs/N2/dynamic_N2000_P100_s52_d0p002_dt0p01_production.json,557
data/v5_campaigns/runs/N2/dynamic_N2000_P100_s52_d0p005_dt0p01_production.json,558
data/v5_campaigns/runs/N2/dynamic_N2000_P100_s52_d0p01_dt0p01_production.json,559
data/v5_campaigns/runs/N2/dynamic_N2000_P100_s52_d1e-05_dt0p005_production.json,562
data/v5_campaigns/runs/N2/dynamic_N2000_P100_s52_d1e-05_dt0p01_production.json,560
data/v5_campaigns/runs/N2/dynamic_N2000_P100_s52_d2e-05_dt0p005_production.json,530
data/v5_campaigns/runs/N2/dynamic_N2000_P100_s52_d2e-05_dt0p01_production.json,528
data/v5_campaigns/runs/N2/dynamic_N2000_P100_s52_d5e-05_dt0p005_production.json,568
data/v5_campaigns/runs/N2/dynamic_N2000_P100_s52_d5e-05_dt0p01_production.json,566
data/v5_campaigns/runs/N2/dynamic_N2000_P100_s60_d0p0001_dt0p005_production.json,567
data/v5_campaigns/runs/N2/dynamic_N2000_P100_s60_d0p0001_dt0p01_production.json,566
data/v5_campaigns/runs/N2/dynamic_N2000_P100_s60_d0p0002_dt0p005_production.json,568
data/v5_campaigns/runs/N2/dynamic_N2000_P100_s60_d0p0002_dt0p01_production.json,564
data/v5_campaigns/runs/N2/dynamic_N2000_P100_s60_d0p0005_dt0p005_production.json,566
data/v5_campaigns/runs/N2/dynamic_N2000_P100_s60_d0p0005_dt0p01_production.json,565
data/v5_campaigns/runs/N2/dynamic_N2000_P100_s60_d0p001_dt0p01_production.json,561
data/v5_campaigns/runs/N2/dynamic_N2000_P100_s60_d0p002_dt0p01_production.json,561
data/v5_campaigns/runs/N2/dynamic_N2000_P100_s60_d0p005_dt0p01_production.json,559
data/v5_campaigns/runs/N2/dynamic_N2000_P100_s60_d0p01_dt0p01_production.json,556
data/v5_campaigns/runs/N2/dynamic_N2000_P100_s60_d1e-05_dt0p005_production.json,543
data/v5_campaigns/runs/N2/dynamic_N2000_P100_s60_d1e-05_dt0p01_production.json,540
data/v5_campaigns/runs/N2/dynamic_N2000_P100_s60_d2e-05_dt0p005_production.json,551
data/v5_campaigns/runs/N2/dynamic_N2000_P100_s60_d2e-05_dt0p01_production.json,550
data/v5_campaigns/runs/N2/dynamic_N2000_P100_s60_d5e-05_dt0p005_production.json,564
data/v5_campaigns/runs/N2/dynamic_N2000_P100_s60_d5e-05_dt0p01_production.json,563
data/v5_campaigns/runs/N2/seed_N2000_P100_s42_production.json,21405
data/v5_campaigns/runs/N2/seed_N2000_P100_s42_smoke.json,3309
data/v5_campaigns/runs/N2/seed_N2000_P100_s47_production.json,21233
data/v5_campaigns/runs/N2/seed_N2000_P100_s51_production.json,20974
data/v5_campaigns/runs/N2/seed_N2000_P100_s52_production.json,21044
data/v5_campaigns/runs/N2/seed_N2000_P100_s60_production.json,21306
data/v5_campaigns/runs/N2/smoke.json,8922
data/v5_campaigns/runs/N2/static_N2000_P100_s42_d0p0001_production.json,49938
data/v5_campaigns/runs/N2/static_N2000_P100_s42_d0p0002_production.json,49888
data/v5_campaigns/runs/N2/static_N2000_P100_s42_d0p0005_production.json,49889
data/v5_campaigns/runs/N2/static_N2000_P100_s42_d0p001_production.json,49888
data/v5_campaigns/runs/N2/static_N2000_P100_s42_d0p001_smoke.json,49894
data/v5_campaigns/runs/N2/static_N2000_P100_s42_d0p002_production.json,49880
data/v5_campaigns/runs/N2/static_N2000_P100_s42_d0p005_production.json,49891
data/v5_campaigns/runs/N2/static_N2000_P100_s42_d0p01_production.json,49848
data/v5_campaigns/runs/N2/static_N2000_P100_s42_d0p01_smoke.json,49883
data/v5_campaigns/runs/N2/static_N2000_P100_s42_d1e-05_production.json,49885
data/v5_campaigns/runs/N2/static_N2000_P100_s42_d2e-05_production.json,49853
data/v5_campaigns/runs/N2/static_N2000_P100_s42_d5e-05_production.json,49919
data/v5_campaigns/runs/N2/static_N2000_P100_s47_d0p0001_production.json,49780
data/v5_campaigns/runs/N2/static_N2000_P100_s47_d0p0002_production.json,49747
data/v5_campaigns/runs/N2/static_N2000_P100_s47_d0p0005_production.json,49748
data/v5_campaigns/runs/N2/static_N2000_P100_s47_d0p001_production.json,49778
data/v5_campaigns/runs/N2/static_N2000_P100_s47_d0p002_production.json,49779
data/v5_campaigns/runs/N2/static_N2000_P100_s47_d0p005_production.json,49747
data/v5_campaigns/runs/N2/static_N2000_P100_s47_d0p01_production.json,49683
data/v5_campaigns/runs/N2/static_N2000_P100_s47_d1e-05_production.json,49775
data/v5_campaigns/runs/N2/static_N2000_P100_s47_d2e-05_production.json,49820
data/v5_campaigns/runs/N2/static_N2000_P100_s47_d5e-05_production.json,49766
data/v5_campaigns/runs/N2/static_N2000_P100_s51_d0p0001_production.json,49894
data/v5_campaigns/runs/N2/static_N2000_P100_s51_d0p0002_production.json,49896
data/v5_campaigns/runs/N2/static_N2000_P100_s51_d0p0005_production.json,49911
data/v5_campaigns/runs/N2/static_N2000_P100_s51_d0p001_production.json,49918
data/v5_campaigns/runs/N2/static_N2000_P100_s51_d0p002_production.json,49859
data/v5_campaigns/runs/N2/static_N2000_P100_s51_d0p005_production.json,49854
data/v5_campaigns/runs/N2/static_N2000_P100_s51_d0p01_production.json,49799
data/v5_campaigns/runs/N2/static_N2000_P100_s51_d1e-05_production.json,49887
data/v5_campaigns/runs/N2/static_N2000_P100_s51_d2e-05_production.json,49895
data/v5_campaigns/runs/N2/static_N2000_P100_s51_d5e-05_production.json,49889
data/v5_campaigns/runs/N2/static_N2000_P100_s52_d0p0001_production.json,49857
data/v5_campaigns/runs/N2/static_N2000_P100_s52_d0p0002_production.json,49809
data/v5_campaigns/runs/N2/static_N2000_P100_s52_d0p0005_production.json,49860
data/v5_campaigns/runs/N2/static_N2000_P100_s52_d0p001_production.json,49847
data/v5_campaigns/runs/N2/static_N2000_P100_s52_d0p002_production.json,49830
data/v5_campaigns/runs/N2/static_N2000_P100_s52_d0p005_production.json,49831
data/v5_campaigns/runs/N2/static_N2000_P100_s52_d0p01_production.json,49768
data/v5_campaigns/runs/N2/static_N2000_P100_s52_d1e-05_production.json,49796
data/v5_campaigns/runs/N2/static_N2000_P100_s52_d2e-05_production.json,49861
data/v5_campaigns/runs/N2/static_N2000_P100_s52_d5e-05_production.json,49877
data/v5_campaigns/runs/N2/static_N2000_P100_s60_d0p0001_production.json,49857
data/v5_campaigns/runs/N2/static_N2000_P100_s60_d0p0002_production.json,49846
data/v5_campaigns/runs/N2/static_N2000_P100_s60_d0p0005_production.json,49868
data/v5_campaigns/runs/N2/static_N2000_P100_s60_d0p001_production.json,49849
data/v5_campaigns/runs/N2/static_N2000_P100_s60_d0p002_production.json,49828
data/v5_campaigns/runs/N2/static_N2000_P100_s60_d0p005_production.json,49786
data/v5_campaigns/runs/N2/static_N2000_P100_s60_d0p01_production.json,49799
data/v5_campaigns/runs/N2/static_N2000_P100_s60_d1e-05_production.json,49863
data/v5_campaigns/runs/N2/static_N2000_P100_s60_d2e-05_production.json,49814
data/v5_campaigns/runs/N2/static_N2000_P100_s60_d5e-05_production.json,49858
data/v5_campaigns/runs/N2/summary_seeds_42.json,27072
data/v5_campaigns/runs/N2/summary_seeds_42_47_51_52_60.json,123591
data/v5_campaigns/runs/N2/summary_seeds_47.json,26966
data/v5_campaigns/runs/N2/summary_seeds_51.json,26724
data/v5_campaigns/runs/N2/summary_seeds_52.json,26707
data/v5_campaigns/runs/N2/summary_seeds_60.json,26916
data/v5_campaigns/runs/N2_INVALID_STATIC_BRANCH_20260729/seed_N2000_P100_s42_production.json,18663
data/v5_campaigns/runs/N2_INVALID_STATIC_BRANCH_20260729/seed_N2000_P100_s47_production.json,18500
data/v5_campaigns/runs/N2_INVALID_STATIC_BRANCH_20260729/seed_N2000_P100_s51_production.json,18246
data/v5_campaigns/runs/N2_INVALID_STATIC_BRANCH_20260729/seed_N2000_P100_s52_production.json,18289
data/v5_campaigns/runs/N2_INVALID_STATIC_BRANCH_20260729/seed_N2000_P100_s60_production.json,18458
data/v5_campaigns/runs/N2_INVALID_STATIC_BRANCH_20260729/static_N2000_P100_s42_d0p0001_production.json,49647
data/v5_campaigns/runs/N2_INVALID_STATIC_BRANCH_20260729/static_N2000_P100_s42_d0p0002_production.json,49641
data/v5_campaigns/runs/N2_INVALID_STATIC_BRANCH_20260729/static_N2000_P100_s42_d0p0005_production.json,49628
data/v5_campaigns/runs/N2_INVALID_STATIC_BRANCH_20260729/static_N2000_P100_s42_d0p001_production.json,49668
data/v5_campaigns/runs/N2_INVALID_STATIC_BRANCH_20260729/static_N2000_P100_s42_d0p002_production.json,49655
data/v5_campaigns/runs/N2_INVALID_STATIC_BRANCH_20260729/static_N2000_P100_s42_d0p005_production.json,49628
data/v5_campaigns/runs/N2_INVALID_STATIC_BRANCH_20260729/static_N2000_P100_s42_d0p01_production.json,49654
data/v5_campaigns/runs/N2_INVALID_STATIC_BRANCH_20260729/static_N2000_P100_s42_d1e-05_production.json,49668
data/v5_campaigns/runs/N2_INVALID_STATIC_BRANCH_20260729/static_N2000_P100_s42_d2e-05_production.json,49615
data/v5_campaigns/runs/N2_INVALID_STATIC_BRANCH_20260729/static_N2000_P100_s42_d5e-05_production.json,49647
data/v5_campaigns/runs/N2_INVALID_STATIC_BRANCH_20260729/static_N2000_P100_s47_d0p0001_production.json,49526
data/v5_campaigns/runs/N2_INVALID_STATIC_BRANCH_20260729/static_N2000_P100_s47_d0p0002_production.json,49510
data/v5_campaigns/runs/N2_INVALID_STATIC_BRANCH_20260729/static_N2000_P100_s47_d0p0005_production.json,49550
data/v5_campaigns/runs/N2_INVALID_STATIC_BRANCH_20260729/static_N2000_P100_s47_d0p001_production.json,49524
data/v5_campaigns/runs/N2_INVALID_STATIC_BRANCH_20260729/static_N2000_P100_s47_d0p002_production.json,49519
data/v5_campaigns/runs/N2_INVALID_STATIC_BRANCH_20260729/static_N2000_P100_s47_d0p005_production.json,49489
data/v5_campaigns/runs/N2_INVALID_STATIC_BRANCH_20260729/static_N2000_P100_s47_d0p01_production.json,49516
data/v5_campaigns/runs/N2_INVALID_STATIC_BRANCH_20260729/static_N2000_P100_s47_d1e-05_production.json,49513
data/v5_campaigns/runs/N2_INVALID_STATIC_BRANCH_20260729/static_N2000_P100_s47_d2e-05_production.json,49504
data/v5_campaigns/runs/N2_INVALID_STATIC_BRANCH_20260729/static_N2000_P100_s47_d5e-05_production.json,49539
data/v5_campaigns/runs/N2_INVALID_STATIC_BRANCH_20260729/static_N2000_P100_s51_d0p0001_production.json,49634
data/v5_campaigns/runs/N2_INVALID_STATIC_BRANCH_20260729/static_N2000_P100_s51_d0p0002_production.json,49650
data/v5_campaigns/runs/N2_INVALID_STATIC_BRANCH_20260729/static_N2000_P100_s51_d0p0005_production.json,49655
data/v5_campaigns/runs/N2_INVALID_STATIC_BRANCH_20260729/static_N2000_P100_s51_d0p001_production.json,49645
data/v5_campaigns/runs/N2_INVALID_STATIC_BRANCH_20260729/static_N2000_P100_s51_d0p002_production.json,49654
data/v5_campaigns/runs/N2_INVALID_STATIC_BRANCH_20260729/static_N2000_P100_s51_d0p005_production.json,49652
data/v5_campaigns/runs/N2_INVALID_STATIC_BRANCH_20260729/static_N2000_P100_s51_d0p01_production.json,49644
data/v5_campaigns/runs/N2_INVALID_STATIC_BRANCH_20260729/static_N2000_P100_s51_d1e-05_production.json,49655
data/v5_campaigns/runs/N2_INVALID_STATIC_BRANCH_20260729/static_N2000_P100_s51_d2e-05_production.json,49650
data/v5_campaigns/runs/N2_INVALID_STATIC_BRANCH_20260729/static_N2000_P100_s51_d5e-05_production.json,49659
data/v5_campaigns/runs/N2_INVALID_STATIC_BRANCH_20260729/static_N2000_P100_s52_d0p0001_production.json,49576
data/v5_campaigns/runs/N2_INVALID_STATIC_BRANCH_20260729/static_N2000_P100_s52_d0p0002_production.json,49556
data/v5_campaigns/runs/N2_INVALID_STATIC_BRANCH_20260729/static_N2000_P100_s52_d0p0005_production.json,49623
data/v5_campaigns/runs/N2_INVALID_STATIC_BRANCH_20260729/static_N2000_P100_s52_d0p001_production.json,49600
data/v5_campaigns/runs/N2_INVALID_STATIC_BRANCH_20260729/static_N2000_P100_s52_d0p002_production.json,49572
data/v5_campaigns/runs/N2_INVALID_STATIC_BRANCH_20260729/static_N2000_P100_s52_d0p005_production.json,49564
data/v5_campaigns/runs/N2_INVALID_STATIC_BRANCH_20260729/static_N2000_P100_s52_d0p01_production.json,49532
data/v5_campaigns/runs/N2_INVALID_STATIC_BRANCH_20260729/static_N2000_P100_s52_d1e-05_production.json,49590
data/v5_campaigns/runs/N2_INVALID_STATIC_BRANCH_20260729/static_N2000_P100_s52_d2e-05_production.json,49604
data/v5_campaigns/runs/N2_INVALID_STATIC_BRANCH_20260729/static_N2000_P100_s52_d5e-05_production.json,49547
data/v5_campaigns/runs/N2_INVALID_STATIC_BRANCH_20260729/static_N2000_P100_s60_d0p0001_production.json,49580
data/v5_campaigns/runs/N2_INVALID_STATIC_BRANCH_20260729/static_N2000_P100_s60_d0p0002_production.json,49604
data/v5_campaigns/runs/N2_INVALID_STATIC_BRANCH_20260729/static_N2000_P100_s60_d0p0005_production.json,49599
data/v5_campaigns/runs/N2_INVALID_STATIC_BRANCH_20260729/static_N2000_P100_s60_d0p001_production.json,49597
data/v5_campaigns/runs/N2_INVALID_STATIC_BRANCH_20260729/static_N2000_P100_s60_d0p002_production.json,49573
data/v5_campaigns/runs/N2_INVALID_STATIC_BRANCH_20260729/static_N2000_P100_s60_d0p005_production.json,49552
data/v5_campaigns/runs/N2_INVALID_STATIC_BRANCH_20260729/static_N2000_P100_s60_d0p01_production.json,49548
data/v5_campaigns/runs/N2_INVALID_STATIC_BRANCH_20260729/static_N2000_P100_s60_d1e-05_production.json,49603
data/v5_campaigns/runs/N2_INVALID_STATIC_BRANCH_20260729/static_N2000_P100_s60_d2e-05_production.json,49593
data/v5_campaigns/runs/N2_INVALID_STATIC_BRANCH_20260729/static_N2000_P100_s60_d5e-05_production.json,49596
data/v5_campaigns/runs/N2_INVALID_STATIC_BRANCH_20260729/summary_seeds_42.json,25641
data/v5_campaigns/runs/N2_INVALID_STATIC_BRANCH_20260729/summary_seeds_47.json,25458
data/v5_campaigns/runs/N2_INVALID_STATIC_BRANCH_20260729/summary_seeds_51.json,25204
data/v5_campaigns/runs/N2_INVALID_STATIC_BRANCH_20260729/summary_seeds_52.json,25247
data/v5_campaigns/runs/N2_INVALID_STATIC_BRANCH_20260729/summary_seeds_60.json,25400
data/v5_campaigns/runs/N3/E30_seed_aware_analysis.json,276618
data/v5_campaigns/runs/N5A/analysis.json,446425
data/v5_campaigns/runs/N5A/boundary_N2000_P100_s42_tau0.5_lam0.358_lyap.json,5318
data/v5_campaigns/runs/N5A/boundary_N2000_P100_s42_tau0.5_lam0.360_lyap.json,5317
data/v5_campaigns/runs/N5A/boundary_N2000_P100_s42_tau1.2_lam0.358_lyap.json,5318
data/v5_campaigns/runs/N5A/boundary_N2000_P100_s42_tau1.2_lam0.360_lyap.json,5316
data/v5_campaigns/runs/N5A/boundary_N2000_P100_s42_tau1.3_lam0.358_lyap.json,5413
data/v5_campaigns/runs/N5A/boundary_N2000_P100_s42_tau1.3_lam0.360_lyap.json,5412
data/v5_campaigns/runs/N5A/boundary_N2000_P100_s42_tau1.4_lam0.358_lyap.json,5414
data/v5_campaigns/runs/N5A/boundary_N2000_P100_s42_tau1.4_lam0.360_lyap.json,5412
data/v5_campaigns/runs/N5A/boundary_N2000_P100_s42_tau10_lam0.358_lyap.json,5416
data/v5_campaigns/runs/N5A/boundary_N2000_P100_s42_tau10_lam0.360_lyap.json,5415
data/v5_campaigns/runs/N5A/boundary_N2000_P100_s42_tau1_lam0.358_lyap.json,5317
data/v5_campaigns/runs/N5A/boundary_N2000_P100_s42_tau1_lam0.360_lyap.json,5316
data/v5_campaigns/runs/N5A/boundary_N2000_P100_s42_tau2_lam0.358_lyap.json,5412
data/v5_campaigns/runs/N5A/boundary_N2000_P100_s42_tau2_lam0.360_lyap.json,5410
data/v5_campaigns/runs/N5A/boundary_N2000_P100_s42_tau3_lam0.358_lyap.json,5413
data/v5_campaigns/runs/N5A/boundary_N2000_P100_s42_tau3_lam0.360_lyap.json,5413
data/v5_campaigns/runs/N5A/boundary_N2000_P100_s42_tau5_lam0.358_lyap.json,5413
data/v5_campaigns/runs/N5A/boundary_N2000_P100_s42_tau5_lam0.360_lyap.json,5414
data/v5_campaigns/runs/N5A/boundary_N2000_P100_s43_tau0.5_lam0.358_lyap.json,5320
data/v5_campaigns/runs/N5A/boundary_N2000_P100_s43_tau0.5_lam0.360_lyap.json,5317
data/v5_campaigns/runs/N5A/boundary_N2000_P100_s43_tau1.2_lam0.358_lyap.json,5317
data/v5_campaigns/runs/N5A/boundary_N2000_P100_s43_tau1.2_lam0.360_lyap.json,5318
data/v5_campaigns/runs/N5A/boundary_N2000_P100_s43_tau1.3_lam0.358_lyap.json,5414
data/v5_campaigns/runs/N5A/boundary_N2000_P100_s43_tau1.3_lam0.360_lyap.json,5412
data/v5_campaigns/runs/N5A/boundary_N2000_P100_s43_tau1.4_lam0.358_lyap.json,5413
data/v5_campaigns/runs/N5A/boundary_N2000_P100_s43_tau1.4_lam0.360_lyap.json,5412
data/v5_campaigns/runs/N5A/boundary_N2000_P100_s43_tau10_lam0.358_lyap.json,5416
data/v5_campaigns/runs/N5A/boundary_N2000_P100_s43_tau10_lam0.360_lyap.json,5415
data/v5_campaigns/runs/N5A/boundary_N2000_P100_s43_tau1_lam0.358_lyap.json,5317
data/v5_campaigns/runs/N5A/boundary_N2000_P100_s43_tau1_lam0.360_lyap.json,5317
data/v5_campaigns/runs/N5A/boundary_N2000_P100_s43_tau2_lam0.358_lyap.json,5411
data/v5_campaigns/runs/N5A/boundary_N2000_P100_s43_tau2_lam0.360_lyap.json,5410
data/v5_campaigns/runs/N5A/boundary_N2000_P100_s43_tau3_lam0.358_lyap.json,5414
data/v5_campaigns/runs/N5A/boundary_N2000_P100_s43_tau3_lam0.360_lyap.json,5412
data/v5_campaigns/runs/N5A/boundary_N2000_P100_s43_tau5_lam0.358_lyap.json,5414
data/v5_campaigns/runs/N5A/boundary_N2000_P100_s43_tau5_lam0.360_lyap.json,5413
data/v5_campaigns/runs/N5A/boundary_N2000_P100_s44_tau0.5_lam0.358_lyap.json,5319
data/v5_campaigns/runs/N5A/boundary_N2000_P100_s44_tau0.5_lam0.360_lyap.json,5318
data/v5_campaigns/runs/N5A/boundary_N2000_P100_s44_tau1.2_lam0.358_lyap.json,5318
data/v5_campaigns/runs/N5A/boundary_N2000_P100_s44_tau1.2_lam0.360_lyap.json,5317
data/v5_campaigns/runs/N5A/boundary_N2000_P100_s44_tau1.3_lam0.358_lyap.json,5413
data/v5_campaigns/runs/N5A/boundary_N2000_P100_s44_tau1.3_lam0.360_lyap.json,5412
data/v5_campaigns/runs/N5A/boundary_N2000_P100_s44_tau1.4_lam0.358_lyap.json,5412
data/v5_campaigns/runs/N5A/boundary_N2000_P100_s44_tau1.4_lam0.360_lyap.json,5412
data/v5_campaigns/runs/N5A/boundary_N2000_P100_s44_tau10_lam0.358_lyap.json,5416
data/v5_campaigns/runs/N5A/boundary_N2000_P100_s44_tau10_lam0.360_lyap.json,5415
data/v5_campaigns/runs/N5A/boundary_N2000_P100_s44_tau1_lam0.358_lyap.json,5315
data/v5_campaigns/runs/N5A/boundary_N2000_P100_s44_tau1_lam0.360_lyap.json,5317
data/v5_campaigns/runs/N5A/boundary_N2000_P100_s44_tau2_lam0.358_lyap.json,5412
data/v5_campaigns/runs/N5A/boundary_N2000_P100_s44_tau2_lam0.360_lyap.json,5411
data/v5_campaigns/runs/N5A/boundary_N2000_P100_s44_tau3_lam0.320_lyap.json,5425
data/v5_campaigns/runs/N5A/boundary_N2000_P100_s44_tau3_lam0.322_lyap.json,5427
data/v5_campaigns/runs/N5A/boundary_N2000_P100_s44_tau3_lam0.324_lyap.json,5426
data/v5_campaigns/runs/N5A/boundary_N2000_P100_s44_tau5_lam0.358_lyap.json,5414
data/v5_campaigns/runs/N5A/boundary_N2000_P100_s44_tau5_lam0.360_lyap.json,5412
data/v5_campaigns/runs/N5A/boundary_N2000_P100_s45_tau0.5_lam0.358_lyap.json,5318
data/v5_campaigns/runs/N5A/boundary_N2000_P100_s45_tau0.5_lam0.360_lyap.json,5318
data/v5_campaigns/runs/N5A/boundary_N2000_P100_s45_tau1.2_lam0.358_lyap.json,5320
data/v5_campaigns/runs/N5A/boundary_N2000_P100_s45_tau1.2_lam0.360_lyap.json,5317
data/v5_campaigns/runs/N5A/boundary_N2000_P100_s45_tau1.3_lam0.358_lyap.json,5414
data/v5_campaigns/runs/N5A/boundary_N2000_P100_s45_tau1.3_lam0.360_lyap.json,5412
data/v5_campaigns/runs/N5A/boundary_N2000_P100_s45_tau1.4_lam0.358_lyap.json,5414
data/v5_campaigns/runs/N5A/boundary_N2000_P100_s45_tau1.4_lam0.360_lyap.json,5412
data/v5_campaigns/runs/N5A/boundary_N2000_P100_s45_tau10_lam0.358_lyap.json,5417
data/v5_campaigns/runs/N5A/boundary_N2000_P100_s45_tau10_lam0.360_lyap.json,5416
data/v5_campaigns/runs/N5A/boundary_N2000_P100_s45_tau1_lam0.358_lyap.json,5316
data/v5_campaigns/runs/N5A/boundary_N2000_P100_s45_tau1_lam0.360_lyap.json,5316
data/v5_campaigns/runs/N5A/boundary_N2000_P100_s45_tau2_lam0.358_lyap.json,5411
data/v5_campaigns/runs/N5A/boundary_N2000_P100_s45_tau2_lam0.360_lyap.json,5412
data/v5_campaigns/runs/N5A/boundary_N2000_P100_s45_tau3_lam0.358_lyap.json,5414
data/v5_campaigns/runs/N5A/boundary_N2000_P100_s45_tau3_lam0.360_lyap.json,5412
data/v5_campaigns/runs/N5A/boundary_N2000_P100_s45_tau5_lam0.358_lyap.json,5413
data/v5_campaigns/runs/N5A/boundary_N2000_P100_s45_tau5_lam0.360_lyap.json,5411
data/v5_campaigns/runs/N5A/boundary_N2000_P100_s46_tau0.5_lam0.358_lyap.json,5412
data/v5_campaigns/runs/N5A/boundary_N2000_P100_s46_tau0.5_lam0.360_lyap.json,5410
data/v5_campaigns/runs/N5A/boundary_N2000_P100_s46_tau1.2_lam0.358_lyap.json,5414
data/v5_campaigns/runs/N5A/boundary_N2000_P100_s46_tau1.2_lam0.360_lyap.json,5413
data/v5_campaigns/runs/N5A/boundary_N2000_P100_s46_tau1.3_lam0.358_lyap.json,5413
data/v5_campaigns/runs/N5A/boundary_N2000_P100_s46_tau1.3_lam0.360_lyap.json,5412
data/v5_campaigns/runs/N5A/boundary_N2000_P100_s46_tau1.4_lam0.358_lyap.json,5413
data/v5_campaigns/runs/N5A/boundary_N2000_P100_s46_tau1.4_lam0.360_lyap.json,5410
data/v5_campaigns/runs/N5A/boundary_N2000_P100_s46_tau10_lam0.358_lyap.json,5416
data/v5_campaigns/runs/N5A/boundary_N2000_P100_s46_tau10_lam0.360_lyap.json,5415
data/v5_campaigns/runs/N5A/boundary_N2000_P100_s46_tau1_lam0.358_lyap.json,5412
data/v5_campaigns/runs/N5A/boundary_N2000_P100_s46_tau1_lam0.360_lyap.json,5410
data/v5_campaigns/runs/N5A/boundary_N2000_P100_s46_tau2_lam0.326_lyap.json,5426
data/v5_campaigns/runs/N5A/boundary_N2000_P100_s46_tau2_lam0.328_lyap.json,5425
data/v5_campaigns/runs/N5A/boundary_N2000_P100_s46_tau2_lam0.330_lyap.json,5427
data/v5_campaigns/runs/N5A/boundary_N2000_P100_s46_tau3_lam0.358_lyap.json,5413
data/v5_campaigns/runs/N5A/boundary_N2000_P100_s46_tau3_lam0.360_lyap.json,5412
data/v5_campaigns/runs/N5A/boundary_N2000_P100_s46_tau5_lam0.358_lyap.json,5414
data/v5_campaigns/runs/N5A/boundary_N2000_P100_s46_tau5_lam0.360_lyap.json,5412
data/v5_campaigns/runs/N5A/smoke.json,39107
data/v5_campaigns/runs/N5A/summary.json,115692
data/v5_campaigns/runs/N5A/summary_seeds_42.json,282991
data/v5_campaigns/runs/N5A/summary_seeds_43.json,283257
data/v5_campaigns/runs/N5A/summary_seeds_44.json,281084
data/v5_campaigns/runs/N5A/summary_seeds_45.json,284840
data/v5_campaigns/runs/N5A/summary_seeds_46.json,285728
data/v5_campaigns/runs/N5B/archive_smoke_legacy_20260729/memory_scan_N2000_s42_smoke.json,5966
data/v5_campaigns/runs/N5B/archive_smoke_legacy_20260729/memory_static_N2000_P140_s42.json,4934
data/v5_campaigns/runs/N5B/archive_smoke_legacy_20260729/pinned_N2000_s42_tau10_rel0p001.json,188
data/v5_campaigns/runs/N5B/archive_smoke_legacy_20260729/smoke.json,11164
data/v5_campaigns/runs/N5B/archive_smoke_legacy_20260729/spectrum_N2000_s42_tau50_off0p001.json,564
data/v5_campaigns/runs/N5B/memory_scan_N120_s42_smoke.json,5564
data/v5_campaigns/runs/N5B/memory_scan_N2000_s42_production.json,33646
data/v5_campaigns/runs/N5B/memory_scan_N2000_s42_smoke.json,6478
data/v5_campaigns/runs/N5B/memory_scan_N2000_s43_production.json,36500
data/v5_campaigns/runs/N5B/memory_scan_N2000_s44_production.json,36557
data/v5_campaigns/runs/N5B/memory_scan_N2000_s45_production.json,36371
data/v5_campaigns/runs/N5B/memory_scan_N2000_s46_production.json,36171
data/v5_campaigns/runs/N5B/memory_scan_N200_s42_smoke.json,5081
data/v5_campaigns/runs/N5B/memory_scan_N200_s43_smoke.json,5081
data/v5_campaigns/runs/N5B/memory_scan_N200_s44_smoke.json,5081
data/v5_campaigns/runs/N5B/memory_scan_N200_s45_smoke.json,5751
data/v5_campaigns/runs/N5B/memory_scan_N200_s46_smoke.json,5682
data/v5_campaigns/runs/N5B/memory_static_N120_P8_s42.json,4524
data/v5_campaigns/runs/N5B/memory_static_N2000_P140_s42.json,5412
data/v5_campaigns/runs/N5B/memory_static_N2000_P140_s42_smoke.json,5417
data/v5_campaigns/runs/N5B/memory_static_N2000_P140_s43.json,5412
data/v5_campaigns/runs/N5B/memory_static_N2000_P140_s44.json,5412
data/v5_campaigns/runs/N5B/memory_static_N2000_P140_s45.json,5411
data/v5_campaigns/runs/N5B/memory_static_N2000_P140_s46.json,5517
data/v5_campaigns/runs/N5B/memory_static_N200_P14_s42.json,4632
data/v5_campaigns/runs/N5B/memory_static_N200_P14_s43.json,4632
data/v5_campaigns/runs/N5B/memory_static_N200_P14_s44.json,4632
data/v5_campaigns/runs/N5B/memory_static_N200_P14_s45.json,4643
data/v5_campaigns/runs/N5B/memory_static_N200_P14_s46.json,4658
data/v5_campaigns/runs/N5B/pinned_N2000_s42_tau100_rel0p0002.json,192
data/v5_campaigns/runs/N5B/pinned_N2000_s42_tau100_rel0p0005.json,192
data/v5_campaigns/runs/N5B/pinned_N2000_s42_tau100_rel0p001.json,191
data/v5_campaigns/runs/N5B/pinned_N2000_s42_tau10_rel0p0002.json,190
data/v5_campaigns/runs/N5B/pinned_N2000_s42_tau10_rel0p0005.json,189
data/v5_campaigns/runs/N5B/pinned_N2000_s42_tau10_rel0p001.json,188
data/v5_campaigns/runs/N5B/pinned_N2000_s42_tau10_rel0p001_smoke.json,188
data/v5_campaigns/runs/N5B/pinned_N2000_s42_tau20_rel0p0002.json,189
data/v5_campaigns/runs/N5B/pinned_N2000_s42_tau20_rel0p0005.json,189
data/v5_campaigns/runs/N5B/pinned_N2000_s42_tau20_rel0p001.json,189
data/v5_campaigns/runs/N5B/pinned_N2000_s42_tau30_rel0p0002.json,189
data/v5_campaigns/runs/N5B/pinned_N2000_s42_tau30_rel0p0005.json,190
data/v5_campaigns/runs/N5B/pinned_N2000_s42_tau30_rel0p001.json,187
data/v5_campaigns/runs/N5B/pinned_N2000_s42_tau50_rel0p0002.json,190
data/v5_campaigns/runs/N5B/pinned_N2000_s42_tau50_rel0p0005.json,189
data/v5_campaigns/runs/N5B/pinned_N2000_s42_tau50_rel0p001.json,190
data/v5_campaigns/runs/N5B/pinned_N2000_s42_tau70_rel0p0002.json,191
data/v5_campaigns/runs/N5B/pinned_N2000_s42_tau70_rel0p0005.json,190
data/v5_campaigns/runs/N5B/pinned_N2000_s42_tau70_rel0p001.json,190
data/v5_campaigns/runs/N5B/pinned_N2000_s43_tau100_rel0p0002.json,190
data/v5_campaigns/runs/N5B/pinned_N2000_s43_tau100_rel0p0005.json,190
data/v5_campaigns/runs/N5B/pinned_N2000_s43_tau100_rel0p001.json,190
data/v5_campaigns/runs/N5B/pinned_N2000_s43_tau10_rel0p0002.json,189
data/v5_campaigns/runs/N5B/pinned_N2000_s43_tau10_rel0p0005.json,186
data/v5_campaigns/runs/N5B/pinned_N2000_s43_tau10_rel0p001.json,187
data/v5_campaigns/runs/N5B/pinned_N2000_s43_tau20_rel0p0002.json,188
data/v5_campaigns/runs/N5B/pinned_N2000_s43_tau20_rel0p0005.json,188
data/v5_campaigns/runs/N5B/pinned_N2000_s43_tau20_rel0p001.json,188
data/v5_campaigns/runs/N5B/pinned_N2000_s43_tau30_rel0p0002.json,190
data/v5_campaigns/runs/N5B/pinned_N2000_s43_tau30_rel0p0005.json,190
data/v5_campaigns/runs/N5B/pinned_N2000_s43_tau30_rel0p001.json,189
data/v5_campaigns/runs/N5B/pinned_N2000_s43_tau50_rel0p0002.json,190
data/v5_campaigns/runs/N5B/pinned_N2000_s43_tau50_rel0p0005.json,190
data/v5_campaigns/runs/N5B/pinned_N2000_s43_tau50_rel0p001.json,189
data/v5_campaigns/runs/N5B/pinned_N2000_s43_tau70_rel0p0002.json,188
data/v5_campaigns/runs/N5B/pinned_N2000_s43_tau70_rel0p0005.json,191
data/v5_campaigns/runs/N5B/pinned_N2000_s43_tau70_rel0p001.json,188
data/v5_campaigns/runs/N5B/pinned_N2000_s44_tau100_rel0p0002.json,192
data/v5_campaigns/runs/N5B/pinned_N2000_s44_tau100_rel0p0005.json,191
data/v5_campaigns/runs/N5B/pinned_N2000_s44_tau100_rel0p001.json,189
data/v5_campaigns/runs/N5B/pinned_N2000_s44_tau10_rel0p0002.json,189
data/v5_campaigns/runs/N5B/pinned_N2000_s44_tau10_rel0p0005.json,189
data/v5_campaigns/runs/N5B/pinned_N2000_s44_tau10_rel0p001.json,188
data/v5_campaigns/runs/N5B/pinned_N2000_s44_tau20_rel0p0002.json,189
data/v5_campaigns/runs/N5B/pinned_N2000_s44_tau20_rel0p0005.json,189
data/v5_campaigns/runs/N5B/pinned_N2000_s44_tau20_rel0p001.json,188
data/v5_campaigns/runs/N5B/pinned_N2000_s44_tau30_rel0p0002.json,189
data/v5_campaigns/runs/N5B/pinned_N2000_s44_tau30_rel0p0005.json,187
data/v5_campaigns/runs/N5B/pinned_N2000_s44_tau30_rel0p001.json,187
data/v5_campaigns/runs/N5B/pinned_N2000_s44_tau50_rel0p0002.json,190
data/v5_campaigns/runs/N5B/pinned_N2000_s44_tau50_rel0p0005.json,190
data/v5_campaigns/runs/N5B/pinned_N2000_s44_tau50_rel0p001.json,189
data/v5_campaigns/runs/N5B/pinned_N2000_s44_tau70_rel0p0002.json,190
data/v5_campaigns/runs/N5B/pinned_N2000_s44_tau70_rel0p0005.json,189
data/v5_campaigns/runs/N5B/pinned_N2000_s44_tau70_rel0p001.json,188
data/v5_campaigns/runs/N5B/pinned_N2000_s45_tau100_rel0p0002.json,191
data/v5_campaigns/runs/N5B/pinned_N2000_s45_tau100_rel0p0005.json,192
data/v5_campaigns/runs/N5B/pinned_N2000_s45_tau100_rel0p001.json,191
data/v5_campaigns/runs/N5B/pinned_N2000_s45_tau10_rel0p0002.json,189
data/v5_campaigns/runs/N5B/pinned_N2000_s45_tau10_rel0p0005.json,189
data/v5_campaigns/runs/N5B/pinned_N2000_s45_tau10_rel0p001.json,188
data/v5_campaigns/runs/N5B/pinned_N2000_s45_tau20_rel0p0002.json,189
data/v5_campaigns/runs/N5B/pinned_N2000_s45_tau20_rel0p0005.json,189
data/v5_campaigns/runs/N5B/pinned_N2000_s45_tau20_rel0p001.json,186
data/v5_campaigns/runs/N5B/pinned_N2000_s45_tau30_rel0p0002.json,191
data/v5_campaigns/runs/N5B/pinned_N2000_s45_tau30_rel0p0005.json,189
data/v5_campaigns/runs/N5B/pinned_N2000_s45_tau30_rel0p001.json,188
data/v5_campaigns/runs/N5B/pinned_N2000_s45_tau50_rel0p0002.json,191
data/v5_campaigns/runs/N5B/pinned_N2000_s45_tau50_rel0p0005.json,190
data/v5_campaigns/runs/N5B/pinned_N2000_s45_tau50_rel0p001.json,190
data/v5_campaigns/runs/N5B/pinned_N2000_s45_tau70_rel0p0002.json,190
data/v5_campaigns/runs/N5B/pinned_N2000_s45_tau70_rel0p0005.json,190
data/v5_campaigns/runs/N5B/pinned_N2000_s45_tau70_rel0p001.json,189
data/v5_campaigns/runs/N5B/pinned_N2000_s46_tau100_rel0p0002.json,192
data/v5_campaigns/runs/N5B/pinned_N2000_s46_tau100_rel0p0005.json,191
data/v5_campaigns/runs/N5B/pinned_N2000_s46_tau100_rel0p001.json,191
data/v5_campaigns/runs/N5B/pinned_N2000_s46_tau10_rel0p0002.json,190
data/v5_campaigns/runs/N5B/pinned_N2000_s46_tau10_rel0p0005.json,189
data/v5_campaigns/runs/N5B/pinned_N2000_s46_tau10_rel0p001.json,187
data/v5_campaigns/runs/N5B/pinned_N2000_s46_tau20_rel0p0002.json,190
data/v5_campaigns/runs/N5B/pinned_N2000_s46_tau20_rel0p0005.json,188
data/v5_campaigns/runs/N5B/pinned_N2000_s46_tau20_rel0p001.json,187
data/v5_campaigns/runs/N5B/pinned_N2000_s46_tau30_rel0p0002.json,190
data/v5_campaigns/runs/N5B/pinned_N2000_s46_tau30_rel0p0005.json,189
data/v5_campaigns/runs/N5B/pinned_N2000_s46_tau30_rel0p001.json,188
data/v5_campaigns/runs/N5B/pinned_N2000_s46_tau50_rel0p0002.json,191
data/v5_campaigns/runs/N5B/pinned_N2000_s46_tau50_rel0p0005.json,191
data/v5_campaigns/runs/N5B/pinned_N2000_s46_tau50_rel0p001.json,190
data/v5_campaigns/runs/N5B/pinned_N2000_s46_tau70_rel0p0002.json,191
data/v5_campaigns/runs/N5B/pinned_N2000_s46_tau70_rel0p0005.json,191
data/v5_campaigns/runs/N5B/pinned_N2000_s46_tau70_rel0p001.json,188
data/v5_campaigns/runs/N5B/pinned_N2000_s47_tau100_rel0p0002.json,192
data/v5_campaigns/runs/N5B/pinned_N2000_s47_tau100_rel0p0005.json,191
data/v5_campaigns/runs/N5B/pinned_N2000_s47_tau100_rel0p001.json,191
data/v5_campaigns/runs/N5B/pinned_N2000_s47_tau10_rel0p0002.json,189
data/v5_campaigns/runs/N5B/pinned_N2000_s47_tau10_rel0p0005.json,188
data/v5_campaigns/runs/N5B/pinned_N2000_s47_tau10_rel0p001.json,188
data/v5_campaigns/runs/N5B/pinned_N2000_s47_tau20_rel0p0002.json,190
data/v5_campaigns/runs/N5B/pinned_N2000_s47_tau20_rel0p0005.json,189
data/v5_campaigns/runs/N5B/pinned_N2000_s47_tau20_rel0p001.json,188
data/v5_campaigns/runs/N5B/pinned_N2000_s47_tau30_rel0p0002.json,190
data/v5_campaigns/runs/N5B/pinned_N2000_s47_tau30_rel0p0005.json,190
data/v5_campaigns/runs/N5B/pinned_N2000_s47_tau30_rel0p001.json,185
data/v5_campaigns/runs/N5B/pinned_N2000_s47_tau50_rel0p0002.json,190
data/v5_campaigns/runs/N5B/pinned_N2000_s47_tau50_rel0p0005.json,191
data/v5_campaigns/runs/N5B/pinned_N2000_s47_tau50_rel0p001.json,189
data/v5_campaigns/runs/N5B/pinned_N2000_s47_tau70_rel0p0002.json,191
data/v5_campaigns/runs/N5B/pinned_N2000_s47_tau70_rel0p0005.json,190
data/v5_campaigns/runs/N5B/pinned_N2000_s47_tau70_rel0p001.json,189
data/v5_campaigns/runs/N5B/pinned_N2000_s48_tau100_rel0p0002.json,191
data/v5_campaigns/runs/N5B/pinned_N2000_s48_tau100_rel0p0005.json,192
data/v5_campaigns/runs/N5B/pinned_N2000_s48_tau100_rel0p001.json,190
data/v5_campaigns/runs/N5B/pinned_N2000_s48_tau10_rel0p0002.json,189
data/v5_campaigns/runs/N5B/pinned_N2000_s48_tau10_rel0p0005.json,188
data/v5_campaigns/runs/N5B/pinned_N2000_s48_tau10_rel0p001.json,187
data/v5_campaigns/runs/N5B/pinned_N2000_s48_tau20_rel0p0002.json,188
data/v5_campaigns/runs/N5B/pinned_N2000_s48_tau20_rel0p0005.json,189
data/v5_campaigns/runs/N5B/pinned_N2000_s48_tau20_rel0p001.json,187
data/v5_campaigns/runs/N5B/pinned_N2000_s48_tau30_rel0p0002.json,189
data/v5_campaigns/runs/N5B/pinned_N2000_s48_tau30_rel0p0005.json,190
data/v5_campaigns/runs/N5B/pinned_N2000_s48_tau30_rel0p001.json,186
data/v5_campaigns/runs/N5B/pinned_N2000_s48_tau50_rel0p0002.json,190
data/v5_campaigns/runs/N5B/pinned_N2000_s48_tau50_rel0p0005.json,190
data/v5_campaigns/runs/N5B/pinned_N2000_s48_tau50_rel0p001.json,188
data/v5_campaigns/runs/N5B/pinned_N2000_s48_tau70_rel0p0002.json,189
data/v5_campaigns/runs/N5B/pinned_N2000_s48_tau70_rel0p0005.json,190
data/v5_campaigns/runs/N5B/pinned_N2000_s48_tau70_rel0p001.json,188
data/v5_campaigns/runs/N5B/pinned_N2000_s49_tau100_rel0p0002.json,191
data/v5_campaigns/runs/N5B/pinned_N2000_s49_tau100_rel0p0005.json,190
data/v5_campaigns/runs/N5B/pinned_N2000_s49_tau100_rel0p001.json,190
data/v5_campaigns/runs/N5B/pinned_N2000_s49_tau10_rel0p0002.json,189
data/v5_campaigns/runs/N5B/pinned_N2000_s49_tau10_rel0p0005.json,190
data/v5_campaigns/runs/N5B/pinned_N2000_s49_tau10_rel0p001.json,189
data/v5_campaigns/runs/N5B/pinned_N2000_s49_tau20_rel0p0002.json,190
data/v5_campaigns/runs/N5B/pinned_N2000_s49_tau20_rel0p0005.json,190
data/v5_campaigns/runs/N5B/pinned_N2000_s49_tau20_rel0p001.json,188
data/v5_campaigns/runs/N5B/pinned_N2000_s49_tau30_rel0p0002.json,189
data/v5_campaigns/runs/N5B/pinned_N2000_s49_tau30_rel0p0005.json,190
data/v5_campaigns/runs/N5B/pinned_N2000_s49_tau30_rel0p001.json,189
data/v5_campaigns/runs/N5B/pinned_N2000_s49_tau50_rel0p0002.json,190
data/v5_campaigns/runs/N5B/pinned_N2000_s49_tau50_rel0p0005.json,187
data/v5_campaigns/runs/N5B/pinned_N2000_s49_tau50_rel0p001.json,189
data/v5_campaigns/runs/N5B/pinned_N2000_s49_tau70_rel0p0002.json,190
data/v5_campaigns/runs/N5B/pinned_N2000_s49_tau70_rel0p0005.json,191
data/v5_campaigns/runs/N5B/pinned_N2000_s49_tau70_rel0p001.json,188
data/v5_campaigns/runs/N5B/pinned_N2000_s50_tau100_rel0p0002.json,190
data/v5_campaigns/runs/N5B/pinned_N2000_s50_tau100_rel0p0005.json,190
data/v5_campaigns/runs/N5B/pinned_N2000_s50_tau100_rel0p001.json,190
data/v5_campaigns/runs/N5B/pinned_N2000_s50_tau10_rel0p0002.json,187
data/v5_campaigns/runs/N5B/pinned_N2000_s50_tau10_rel0p0005.json,189
data/v5_campaigns/runs/N5B/pinned_N2000_s50_tau10_rel0p001.json,188
data/v5_campaigns/runs/N5B/pinned_N2000_s50_tau20_rel0p0002.json,190
data/v5_campaigns/runs/N5B/pinned_N2000_s50_tau20_rel0p0005.json,189
data/v5_campaigns/runs/N5B/pinned_N2000_s50_tau20_rel0p001.json,188
data/v5_campaigns/runs/N5B/pinned_N2000_s50_tau30_rel0p0002.json,190
data/v5_campaigns/runs/N5B/pinned_N2000_s50_tau30_rel0p0005.json,189
data/v5_campaigns/runs/N5B/pinned_N2000_s50_tau30_rel0p001.json,188
data/v5_campaigns/runs/N5B/pinned_N2000_s50_tau50_rel0p0002.json,188
data/v5_campaigns/runs/N5B/pinned_N2000_s50_tau50_rel0p0005.json,189
data/v5_campaigns/runs/N5B/pinned_N2000_s50_tau50_rel0p001.json,189
data/v5_campaigns/runs/N5B/pinned_N2000_s50_tau70_rel0p0002.json,189
data/v5_campaigns/runs/N5B/pinned_N2000_s50_tau70_rel0p0005.json,188
data/v5_campaigns/runs/N5B/pinned_N2000_s50_tau70_rel0p001.json,190
data/v5_campaigns/runs/N5B/pinned_N2000_s51_tau100_rel0p0002.json,191
data/v5_campaigns/runs/N5B/pinned_N2000_s51_tau100_rel0p0005.json,193
data/v5_campaigns/runs/N5B/pinned_N2000_s51_tau100_rel0p001.json,191
data/v5_campaigns/runs/N5B/pinned_N2000_s51_tau10_rel0p0002.json,191
data/v5_campaigns/runs/N5B/pinned_N2000_s51_tau10_rel0p0005.json,190
data/v5_campaigns/runs/N5B/pinned_N2000_s51_tau10_rel0p001.json,189
data/v5_campaigns/runs/N5B/pinned_N2000_s51_tau20_rel0p0002.json,191
data/v5_campaigns/runs/N5B/pinned_N2000_s51_tau20_rel0p0005.json,190
data/v5_campaigns/runs/N5B/pinned_N2000_s51_tau20_rel0p001.json,189
data/v5_campaigns/runs/N5B/pinned_N2000_s51_tau30_rel0p0002.json,190
data/v5_campaigns/runs/N5B/pinned_N2000_s51_tau30_rel0p0005.json,191
data/v5_campaigns/runs/N5B/pinned_N2000_s51_tau30_rel0p001.json,189
data/v5_campaigns/runs/N5B/pinned_N2000_s51_tau50_rel0p0002.json,191
data/v5_campaigns/runs/N5B/pinned_N2000_s51_tau50_rel0p0005.json,190
data/v5_campaigns/runs/N5B/pinned_N2000_s51_tau50_rel0p001.json,188
data/v5_campaigns/runs/N5B/pinned_N2000_s51_tau70_rel0p0002.json,192
data/v5_campaigns/runs/N5B/pinned_N2000_s51_tau70_rel0p0005.json,192
data/v5_campaigns/runs/N5B/pinned_N2000_s51_tau70_rel0p001.json,190
data/v5_campaigns/runs/N5B/pinned_N2000_s52_tau100_rel0p0002.json,191
data/v5_campaigns/runs/N5B/pinned_N2000_s52_tau100_rel0p0005.json,191
data/v5_campaigns/runs/N5B/pinned_N2000_s52_tau100_rel0p001.json,191
data/v5_campaigns/runs/N5B/pinned_N2000_s52_tau10_rel0p0002.json,189
data/v5_campaigns/runs/N5B/pinned_N2000_s52_tau10_rel0p0005.json,189
data/v5_campaigns/runs/N5B/pinned_N2000_s52_tau10_rel0p001.json,187
data/v5_campaigns/runs/N5B/pinned_N2000_s52_tau20_rel0p0002.json,190
data/v5_campaigns/runs/N5B/pinned_N2000_s52_tau20_rel0p0005.json,188
data/v5_campaigns/runs/N5B/pinned_N2000_s52_tau20_rel0p001.json,188
data/v5_campaigns/runs/N5B/pinned_N2000_s52_tau30_rel0p0002.json,189
data/v5_campaigns/runs/N5B/pinned_N2000_s52_tau30_rel0p0005.json,188
data/v5_campaigns/runs/N5B/pinned_N2000_s52_tau30_rel0p001.json,188
data/v5_campaigns/runs/N5B/pinned_N2000_s52_tau50_rel0p0002.json,190
data/v5_campaigns/runs/N5B/pinned_N2000_s52_tau50_rel0p0005.json,192
data/v5_campaigns/runs/N5B/pinned_N2000_s52_tau50_rel0p001.json,189
data/v5_campaigns/runs/N5B/pinned_N2000_s52_tau70_rel0p0002.json,187
data/v5_campaigns/runs/N5B/pinned_N2000_s52_tau70_rel0p0005.json,189
data/v5_campaigns/runs/N5B/pinned_N2000_s52_tau70_rel0p001.json,189
data/v5_campaigns/runs/N5B/pinned_N2000_s53_tau100_rel0p0002.json,191
data/v5_campaigns/runs/N5B/pinned_N2000_s53_tau100_rel0p0005.json,191
data/v5_campaigns/runs/N5B/pinned_N2000_s53_tau100_rel0p001.json,190
data/v5_campaigns/runs/N5B/pinned_N2000_s53_tau10_rel0p0002.json,189
data/v5_campaigns/runs/N5B/pinned_N2000_s53_tau10_rel0p0005.json,189
data/v5_campaigns/runs/N5B/pinned_N2000_s53_tau10_rel0p001.json,187
data/v5_campaigns/runs/N5B/pinned_N2000_s53_tau20_rel0p0002.json,188
data/v5_campaigns/runs/N5B/pinned_N2000_s53_tau20_rel0p0005.json,189
data/v5_campaigns/runs/N5B/pinned_N2000_s53_tau20_rel0p001.json,187
data/v5_campaigns/runs/N5B/pinned_N2000_s53_tau30_rel0p0002.json,188
data/v5_campaigns/runs/N5B/pinned_N2000_s53_tau30_rel0p0005.json,189
data/v5_campaigns/runs/N5B/pinned_N2000_s53_tau30_rel0p001.json,188
data/v5_campaigns/runs/N5B/pinned_N2000_s53_tau50_rel0p0002.json,190
data/v5_campaigns/runs/N5B/pinned_N2000_s53_tau50_rel0p0005.json,189
data/v5_campaigns/runs/N5B/pinned_N2000_s53_tau50_rel0p001.json,189
data/v5_campaigns/runs/N5B/pinned_N2000_s53_tau70_rel0p0002.json,187
data/v5_campaigns/runs/N5B/pinned_N2000_s53_tau70_rel0p0005.json,190
data/v5_campaigns/runs/N5B/pinned_N2000_s53_tau70_rel0p001.json,189
data/v5_campaigns/runs/N5B/pinned_N2000_s54_tau100_rel0p0002.json,191
data/v5_campaigns/runs/N5B/pinned_N2000_s54_tau100_rel0p0005.json,190
data/v5_campaigns/runs/N5B/pinned_N2000_s54_tau100_rel0p001.json,191
data/v5_campaigns/runs/N5B/pinned_N2000_s54_tau10_rel0p0002.json,189
data/v5_campaigns/runs/N5B/pinned_N2000_s54_tau10_rel0p0005.json,188
data/v5_campaigns/runs/N5B/pinned_N2000_s54_tau10_rel0p001.json,187
data/v5_campaigns/runs/N5B/pinned_N2000_s54_tau20_rel0p0002.json,189
data/v5_campaigns/runs/N5B/pinned_N2000_s54_tau20_rel0p0005.json,189
data/v5_campaigns/runs/N5B/pinned_N2000_s54_tau20_rel0p001.json,188
data/v5_campaigns/runs/N5B/pinned_N2000_s54_tau30_rel0p0002.json,189
data/v5_campaigns/runs/N5B/pinned_N2000_s54_tau30_rel0p0005.json,188
data/v5_campaigns/runs/N5B/pinned_N2000_s54_tau30_rel0p001.json,189
data/v5_campaigns/runs/N5B/pinned_N2000_s54_tau50_rel0p0002.json,191
data/v5_campaigns/runs/N5B/pinned_N2000_s54_tau50_rel0p0005.json,190
data/v5_campaigns/runs/N5B/pinned_N2000_s54_tau50_rel0p001.json,189
data/v5_campaigns/runs/N5B/pinned_N2000_s54_tau70_rel0p0002.json,190
data/v5_campaigns/runs/N5B/pinned_N2000_s54_tau70_rel0p0005.json,190
data/v5_campaigns/runs/N5B/pinned_N2000_s54_tau70_rel0p001.json,190
data/v5_campaigns/runs/N5B/pinned_N2000_s55_tau100_rel0p0002.json,192
data/v5_campaigns/runs/N5B/pinned_N2000_s55_tau100_rel0p0005.json,192
data/v5_campaigns/runs/N5B/pinned_N2000_s55_tau100_rel0p001.json,190
data/v5_campaigns/runs/N5B/pinned_N2000_s55_tau10_rel0p0002.json,189
data/v5_campaigns/runs/N5B/pinned_N2000_s55_tau10_rel0p0005.json,189
data/v5_campaigns/runs/N5B/pinned_N2000_s55_tau10_rel0p001.json,187
data/v5_campaigns/runs/N5B/pinned_N2000_s55_tau20_rel0p0002.json,189
data/v5_campaigns/runs/N5B/pinned_N2000_s55_tau20_rel0p0005.json,190
data/v5_campaigns/runs/N5B/pinned_N2000_s55_tau20_rel0p001.json,188
data/v5_campaigns/runs/N5B/pinned_N2000_s55_tau30_rel0p0002.json,189
data/v5_campaigns/runs/N5B/pinned_N2000_s55_tau30_rel0p0005.json,190
data/v5_campaigns/runs/N5B/pinned_N2000_s55_tau30_rel0p001.json,189
data/v5_campaigns/runs/N5B/pinned_N2000_s55_tau50_rel0p0002.json,191
data/v5_campaigns/runs/N5B/pinned_N2000_s55_tau50_rel0p0005.json,190
data/v5_campaigns/runs/N5B/pinned_N2000_s55_tau50_rel0p001.json,189
data/v5_campaigns/runs/N5B/pinned_N2000_s55_tau70_rel0p0002.json,191
data/v5_campaigns/runs/N5B/pinned_N2000_s55_tau70_rel0p0005.json,191
data/v5_campaigns/runs/N5B/pinned_N2000_s55_tau70_rel0p001.json,188
data/v5_campaigns/runs/N5B/pinned_N2000_s56_tau100_rel0p0002.json,192
data/v5_campaigns/runs/N5B/pinned_N2000_s56_tau100_rel0p0005.json,192
data/v5_campaigns/runs/N5B/pinned_N2000_s56_tau100_rel0p001.json,191
data/v5_campaigns/runs/N5B/pinned_N2000_s56_tau10_rel0p0002.json,189
data/v5_campaigns/runs/N5B/pinned_N2000_s56_tau10_rel0p0005.json,189
data/v5_campaigns/runs/N5B/pinned_N2000_s56_tau10_rel0p001.json,188
data/v5_campaigns/runs/N5B/pinned_N2000_s56_tau20_rel0p0002.json,189
data/v5_campaigns/runs/N5B/pinned_N2000_s56_tau20_rel0p0005.json,188
data/v5_campaigns/runs/N5B/pinned_N2000_s56_tau20_rel0p001.json,189
data/v5_campaigns/runs/N5B/pinned_N2000_s56_tau30_rel0p0002.json,190
data/v5_campaigns/runs/N5B/pinned_N2000_s56_tau30_rel0p0005.json,190
data/v5_campaigns/runs/N5B/pinned_N2000_s56_tau30_rel0p001.json,188
data/v5_campaigns/runs/N5B/pinned_N2000_s56_tau50_rel0p0002.json,190
data/v5_campaigns/runs/N5B/pinned_N2000_s56_tau50_rel0p0005.json,189
data/v5_campaigns/runs/N5B/pinned_N2000_s56_tau50_rel0p001.json,188
data/v5_campaigns/runs/N5B/pinned_N2000_s56_tau70_rel0p0002.json,190
data/v5_campaigns/runs/N5B/pinned_N2000_s56_tau70_rel0p0005.json,190
data/v5_campaigns/runs/N5B/pinned_N2000_s56_tau70_rel0p001.json,190
data/v5_campaigns/runs/N5B/pinned_N2000_s57_tau100_rel0p0002.json,192
data/v5_campaigns/runs/N5B/pinned_N2000_s57_tau100_rel0p0005.json,192
data/v5_campaigns/runs/N5B/pinned_N2000_s57_tau100_rel0p001.json,191
data/v5_campaigns/runs/N5B/pinned_N2000_s57_tau10_rel0p0002.json,190
data/v5_campaigns/runs/N5B/pinned_N2000_s57_tau10_rel0p0005.json,188
data/v5_campaigns/runs/N5B/pinned_N2000_s57_tau10_rel0p001.json,188
data/v5_campaigns/runs/N5B/pinned_N2000_s57_tau20_rel0p0002.json,189
data/v5_campaigns/runs/N5B/pinned_N2000_s57_tau20_rel0p0005.json,190
data/v5_campaigns/runs/N5B/pinned_N2000_s57_tau20_rel0p001.json,188
data/v5_campaigns/runs/N5B/pinned_N2000_s57_tau30_rel0p0002.json,189
data/v5_campaigns/runs/N5B/pinned_N2000_s57_tau30_rel0p0005.json,190
data/v5_campaigns/runs/N5B/pinned_N2000_s57_tau30_rel0p001.json,188
data/v5_campaigns/runs/N5B/pinned_N2000_s57_tau50_rel0p0002.json,191
data/v5_campaigns/runs/N5B/pinned_N2000_s57_tau50_rel0p0005.json,190
data/v5_campaigns/runs/N5B/pinned_N2000_s57_tau50_rel0p001.json,190
data/v5_campaigns/runs/N5B/pinned_N2000_s57_tau70_rel0p0002.json,190
data/v5_campaigns/runs/N5B/pinned_N2000_s57_tau70_rel0p0005.json,191
data/v5_campaigns/runs/N5B/pinned_N2000_s57_tau70_rel0p001.json,190
data/v5_campaigns/runs/N5B/pinned_N2000_s58_tau100_rel0p0002.json,191
data/v5_campaigns/runs/N5B/pinned_N2000_s58_tau100_rel0p0005.json,192
data/v5_campaigns/runs/N5B/pinned_N2000_s58_tau100_rel0p001.json,191
data/v5_campaigns/runs/N5B/pinned_N2000_s58_tau10_rel0p0002.json,190
data/v5_campaigns/runs/N5B/pinned_N2000_s58_tau10_rel0p0005.json,189
data/v5_campaigns/runs/N5B/pinned_N2000_s58_tau10_rel0p001.json,188
data/v5_campaigns/runs/N5B/pinned_N2000_s58_tau20_rel0p0002.json,189
data/v5_campaigns/runs/N5B/pinned_N2000_s58_tau20_rel0p0005.json,190
data/v5_campaigns/runs/N5B/pinned_N2000_s58_tau20_rel0p001.json,189
data/v5_campaigns/runs/N5B/pinned_N2000_s58_tau30_rel0p0002.json,189
data/v5_campaigns/runs/N5B/pinned_N2000_s58_tau30_rel0p0005.json,189
data/v5_campaigns/runs/N5B/pinned_N2000_s58_tau30_rel0p001.json,188
data/v5_campaigns/runs/N5B/pinned_N2000_s58_tau50_rel0p0002.json,187
data/v5_campaigns/runs/N5B/pinned_N2000_s58_tau50_rel0p0005.json,190
data/v5_campaigns/runs/N5B/pinned_N2000_s58_tau50_rel0p001.json,189
data/v5_campaigns/runs/N5B/pinned_N2000_s58_tau70_rel0p0002.json,189
data/v5_campaigns/runs/N5B/pinned_N2000_s58_tau70_rel0p0005.json,191
data/v5_campaigns/runs/N5B/pinned_N2000_s58_tau70_rel0p001.json,190
data/v5_campaigns/runs/N5B/pinned_N2000_s59_tau100_rel0p0002.json,191
data/v5_campaigns/runs/N5B/pinned_N2000_s59_tau100_rel0p0005.json,193
data/v5_campaigns/runs/N5B/pinned_N2000_s59_tau100_rel0p001.json,189
data/v5_campaigns/runs/N5B/pinned_N2000_s59_tau10_rel0p0002.json,188
data/v5_campaigns/runs/N5B/pinned_N2000_s59_tau10_rel0p0005.json,189
data/v5_campaigns/runs/N5B/pinned_N2000_s59_tau10_rel0p001.json,188
data/v5_campaigns/runs/N5B/pinned_N2000_s59_tau20_rel0p0002.json,188
data/v5_campaigns/runs/N5B/pinned_N2000_s59_tau20_rel0p0005.json,190
data/v5_campaigns/runs/N5B/pinned_N2000_s59_tau20_rel0p001.json,188
data/v5_campaigns/runs/N5B/pinned_N2000_s59_tau30_rel0p0002.json,189
data/v5_campaigns/runs/N5B/pinned_N2000_s59_tau30_rel0p0005.json,191
data/v5_campaigns/runs/N5B/pinned_N2000_s59_tau30_rel0p001.json,188
data/v5_campaigns/runs/N5B/pinned_N2000_s59_tau50_rel0p0002.json,190
data/v5_campaigns/runs/N5B/pinned_N2000_s59_tau50_rel0p0005.json,191
data/v5_campaigns/runs/N5B/pinned_N2000_s59_tau50_rel0p001.json,188
data/v5_campaigns/runs/N5B/pinned_N2000_s59_tau70_rel0p0002.json,189
data/v5_campaigns/runs/N5B/pinned_N2000_s59_tau70_rel0p0005.json,191
data/v5_campaigns/runs/N5B/pinned_N2000_s59_tau70_rel0p001.json,189
data/v5_campaigns/runs/N5B/pinned_N2000_s60_tau100_rel0p0002.json,191
data/v5_campaigns/runs/N5B/pinned_N2000_s60_tau100_rel0p0005.json,191
data/v5_campaigns/runs/N5B/pinned_N2000_s60_tau100_rel0p001.json,190
data/v5_campaigns/runs/N5B/pinned_N2000_s60_tau10_rel0p0002.json,189
data/v5_campaigns/runs/N5B/pinned_N2000_s60_tau10_rel0p0005.json,188
data/v5_campaigns/runs/N5B/pinned_N2000_s60_tau10_rel0p001.json,188
data/v5_campaigns/runs/N5B/pinned_N2000_s60_tau20_rel0p0002.json,189
data/v5_campaigns/runs/N5B/pinned_N2000_s60_tau20_rel0p0005.json,188
data/v5_campaigns/runs/N5B/pinned_N2000_s60_tau20_rel0p001.json,188
data/v5_campaigns/runs/N5B/pinned_N2000_s60_tau30_rel0p0002.json,189
data/v5_campaigns/runs/N5B/pinned_N2000_s60_tau30_rel0p0005.json,189
data/v5_campaigns/runs/N5B/pinned_N2000_s60_tau30_rel0p001.json,188
data/v5_campaigns/runs/N5B/pinned_N2000_s60_tau50_rel0p0002.json,190
data/v5_campaigns/runs/N5B/pinned_N2000_s60_tau50_rel0p0005.json,188
data/v5_campaigns/runs/N5B/pinned_N2000_s60_tau50_rel0p001.json,189
data/v5_campaigns/runs/N5B/pinned_N2000_s60_tau70_rel0p0002.json,190
data/v5_campaigns/runs/N5B/pinned_N2000_s60_tau70_rel0p0005.json,190
data/v5_campaigns/runs/N5B/pinned_N2000_s60_tau70_rel0p001.json,189
data/v5_campaigns/runs/N5B/pinned_N2000_s61_tau100_rel0p0002.json,192
data/v5_campaigns/runs/N5B/pinned_N2000_s61_tau100_rel0p0005.json,191
data/v5_campaigns/runs/N5B/pinned_N2000_s61_tau100_rel0p001.json,191
data/v5_campaigns/runs/N5B/pinned_N2000_s61_tau10_rel0p0002.json,189
data/v5_campaigns/runs/N5B/pinned_N2000_s61_tau10_rel0p0005.json,189
data/v5_campaigns/runs/N5B/pinned_N2000_s61_tau10_rel0p001.json,188
data/v5_campaigns/runs/N5B/pinned_N2000_s61_tau20_rel0p0002.json,189
data/v5_campaigns/runs/N5B/pinned_N2000_s61_tau20_rel0p0005.json,188
data/v5_campaigns/runs/N5B/pinned_N2000_s61_tau20_rel0p001.json,188
data/v5_campaigns/runs/N5B/pinned_N2000_s61_tau30_rel0p0002.json,190
data/v5_campaigns/runs/N5B/pinned_N2000_s61_tau30_rel0p0005.json,189
data/v5_campaigns/runs/N5B/pinned_N2000_s61_tau30_rel0p001.json,189
data/v5_campaigns/runs/N5B/pinned_N2000_s61_tau50_rel0p0002.json,189
data/v5_campaigns/runs/N5B/pinned_N2000_s61_tau50_rel0p0005.json,191
data/v5_campaigns/runs/N5B/pinned_N2000_s61_tau50_rel0p001.json,189
data/v5_campaigns/runs/N5B/pinned_N2000_s61_tau70_rel0p0002.json,191
data/v5_campaigns/runs/N5B/pinned_N2000_s61_tau70_rel0p0005.json,190
data/v5_campaigns/runs/N5B/pinned_N2000_s61_tau70_rel0p001.json,188
data/v5_campaigns/runs/N5B/pinned_audit_N2000_s52_tau100_rel0p0002.json,857
data/v5_campaigns/runs/N5B/pinned_audit_N2000_s52_tau100_rel0p0005.json,855
data/v5_campaigns/runs/N5B/pinned_audit_N2000_s52_tau50_rel0p0002.json,860
data/v5_campaigns/runs/N5B/pinned_audit_N2000_s52_tau70_rel0p0002.json,853
data/v5_campaigns/runs/N5B/pinned_audit_N2000_s52_tau70_rel0p0005.json,859
data/v5_campaigns/runs/N5B/pinned_audit_N2000_s58_tau100_rel0p0002.json,853
data/v5_campaigns/runs/N5B/pinned_audit_N2000_s58_tau100_rel0p0005.json,854
data/v5_campaigns/runs/N5B/pinned_audit_N2000_s58_tau20_rel0p0002.json,848
data/v5_campaigns/runs/N5B/pinned_audit_N2000_s58_tau30_rel0p0002.json,850
data/v5_campaigns/runs/N5B/pinned_audit_N2000_s58_tau50_rel0p0002.json,849
data/v5_campaigns/runs/N5B/pinned_audit_N2000_s58_tau70_rel0p0002.json,849
data/v5_campaigns/runs/N5B/pinned_audit_N2000_s58_tau70_rel0p0005.json,857
data/v5_campaigns/runs/N5B/pinned_crossing_N2000_s52_tau50.json,935
data/v5_campaigns/runs/N5B/pinned_crossing_refinement.json,6444
data/v5_campaigns/runs/N5B/pinned_resolution_audit.json,17348
data/v5_campaigns/runs/N5B/recovery_state.json,3009
data/v5_campaigns/runs/N5B/smoke.json,12173
data/v5_campaigns/runs/N5B/spectrum_N120_s42_tau50_off0p001.json,585
data/v5_campaigns/runs/N5B/spectrum_N2000_s42_tau100_off0p0001.json,586
data/v5_campaigns/runs/N5B/spectrum_N2000_s42_tau100_off0p0002.json,583
data/v5_campaigns/runs/N5B/spectrum_N2000_s42_tau100_off0p0005.json,584
data/v5_campaigns/runs/N5B/spectrum_N2000_s42_tau100_off0p001.json,585
data/v5_campaigns/runs/N5B/spectrum_N2000_s42_tau100_off5e-05.json,587
data/v5_campaigns/runs/N5B/spectrum_N2000_s42_tau130_off0p0001.json,589
data/v5_campaigns/runs/N5B/spectrum_N2000_s42_tau130_off0p0002.json,589
data/v5_campaigns/runs/N5B/spectrum_N2000_s42_tau130_off0p0005.json,587
data/v5_campaigns/runs/N5B/spectrum_N2000_s42_tau130_off0p001.json,588
data/v5_campaigns/runs/N5B/spectrum_N2000_s42_tau130_off5e-05.json,586
data/v5_campaigns/runs/N5B/spectrum_N2000_s42_tau40_off0p0001.json,581
data/v5_campaigns/runs/N5B/spectrum_N2000_s42_tau40_off0p0002.json,582
data/v5_campaigns/runs/N5B/spectrum_N2000_s42_tau40_off0p0005.json,584
data/v5_campaigns/runs/N5B/spectrum_N2000_s42_tau40_off0p001.json,582
data/v5_campaigns/runs/N5B/spectrum_N2000_s42_tau40_off5e-05.json,583
data/v5_campaigns/runs/N5B/spectrum_N2000_s42_tau45_off0p0001.json,585
data/v5_campaigns/runs/N5B/spectrum_N2000_s42_tau45_off0p0002.json,583
data/v5_campaigns/runs/N5B/spectrum_N2000_s42_tau45_off0p0005.json,583
data/v5_campaigns/runs/N5B/spectrum_N2000_s42_tau45_off0p001.json,583
data/v5_campaigns/runs/N5B/spectrum_N2000_s42_tau45_off5e-05.json,582
data/v5_campaigns/runs/N5B/spectrum_N2000_s42_tau50_off0p0001.json,584
data/v5_campaigns/runs/N5B/spectrum_N2000_s42_tau50_off0p0002.json,585
data/v5_campaigns/runs/N5B/spectrum_N2000_s42_tau50_off0p0005.json,582
data/v5_campaigns/runs/N5B/spectrum_N2000_s42_tau50_off0p001.json,581
data/v5_campaigns/runs/N5B/spectrum_N2000_s42_tau50_off0p001_smoke.json,583
data/v5_campaigns/runs/N5B/spectrum_N2000_s42_tau50_off5e-05.json,583
data/v5_campaigns/runs/N5B/spectrum_N2000_s42_tau52_off0p0001.json,584
data/v5_campaigns/runs/N5B/spectrum_N2000_s42_tau52_off0p0002.json,583
data/v5_campaigns/runs/N5B/spectrum_N2000_s42_tau52_off0p0005.json,583
data/v5_campaigns/runs/N5B/spectrum_N2000_s42_tau52_off0p001.json,582
data/v5_campaigns/runs/N5B/spectrum_N2000_s42_tau52_off5e-05.json,584
data/v5_campaigns/runs/N5B/spectrum_N2000_s42_tau55_off0p0001.json,585
data/v5_campaigns/runs/N5B/spectrum_N2000_s42_tau55_off0p0002.json,578
data/v5_campaigns/runs/N5B/spectrum_N2000_s42_tau55_off0p0005.json,581
data/v5_campaigns/runs/N5B/spectrum_N2000_s42_tau55_off0p001.json,583
data/v5_campaigns/runs/N5B/spectrum_N2000_s42_tau55_off5e-05.json,584
data/v5_campaigns/runs/N5B/spectrum_N2000_s42_tau70_off0p0001.json,584
data/v5_campaigns/runs/N5B/spectrum_N2000_s42_tau70_off0p0002.json,581
data/v5_campaigns/runs/N5B/spectrum_N2000_s42_tau70_off0p0005.json,588
data/v5_campaigns/runs/N5B/spectrum_N2000_s42_tau70_off0p001.json,583
data/v5_campaigns/runs/N5B/spectrum_N2000_s42_tau70_off5e-05.json,585
data/v5_campaigns/runs/N5B/spectrum_N2000_s43_tau100_off0p0001.json,653
data/v5_campaigns/runs/N5B/spectrum_N2000_s43_tau100_off0p0002.json,658
data/v5_campaigns/runs/N5B/spectrum_N2000_s43_tau100_off0p0005.json,655
data/v5_campaigns/runs/N5B/spectrum_N2000_s43_tau100_off0p001.json,655
data/v5_campaigns/runs/N5B/spectrum_N2000_s43_tau100_off5e-05.json,660
data/v5_campaigns/runs/N5B/spectrum_N2000_s43_tau130_off0p0001.json,656
data/v5_campaigns/runs/N5B/spectrum_N2000_s43_tau130_off0p0002.json,660
data/v5_campaigns/runs/N5B/spectrum_N2000_s43_tau130_off0p0005.json,659
data/v5_campaigns/runs/N5B/spectrum_N2000_s43_tau130_off0p001.json,660
data/v5_campaigns/runs/N5B/spectrum_N2000_s43_tau130_off5e-05.json,657
data/v5_campaigns/runs/N5B/spectrum_N2000_s43_tau40_off0p0001.json,653
data/v5_campaigns/runs/N5B/spectrum_N2000_s43_tau40_off0p0002.json,656
data/v5_campaigns/runs/N5B/spectrum_N2000_s43_tau40_off0p0005.json,654
data/v5_campaigns/runs/N5B/spectrum_N2000_s43_tau40_off0p001.json,653
data/v5_campaigns/runs/N5B/spectrum_N2000_s43_tau40_off5e-05.json,655
data/v5_campaigns/runs/N5B/spectrum_N2000_s43_tau45_off0p0001.json,651
data/v5_campaigns/runs/N5B/spectrum_N2000_s43_tau45_off0p0002.json,655
data/v5_campaigns/runs/N5B/spectrum_N2000_s43_tau45_off0p0005.json,658
data/v5_campaigns/runs/N5B/spectrum_N2000_s43_tau45_off0p001.json,655
data/v5_campaigns/runs/N5B/spectrum_N2000_s43_tau45_off5e-05.json,656
data/v5_campaigns/runs/N5B/spectrum_N2000_s43_tau50_off0p0001.json,654
data/v5_campaigns/runs/N5B/spectrum_N2000_s43_tau50_off0p0002.json,653
data/v5_campaigns/runs/N5B/spectrum_N2000_s43_tau50_off0p0005.json,659
data/v5_campaigns/runs/N5B/spectrum_N2000_s43_tau50_off0p001.json,653
data/v5_campaigns/runs/N5B/spectrum_N2000_s43_tau50_off5e-05.json,651
data/v5_campaigns/runs/N5B/spectrum_N2000_s43_tau52_off0p0001.json,649
data/v5_campaigns/runs/N5B/spectrum_N2000_s43_tau52_off0p0002.json,653
data/v5_campaigns/runs/N5B/spectrum_N2000_s43_tau52_off0p0005.json,658
data/v5_campaigns/runs/N5B/spectrum_N2000_s43_tau52_off0p001.json,654
data/v5_campaigns/runs/N5B/spectrum_N2000_s43_tau52_off5e-05.json,656
data/v5_campaigns/runs/N5B/spectrum_N2000_s43_tau55_off0p0001.json,655
data/v5_campaigns/runs/N5B/spectrum_N2000_s43_tau55_off0p0002.json,654
data/v5_campaigns/runs/N5B/spectrum_N2000_s43_tau55_off0p0005.json,657
data/v5_campaigns/runs/N5B/spectrum_N2000_s43_tau55_off0p001.json,656
data/v5_campaigns/runs/N5B/spectrum_N2000_s43_tau55_off5e-05.json,653
data/v5_campaigns/runs/N5B/spectrum_N2000_s43_tau70_off0p0001.json,654
data/v5_campaigns/runs/N5B/spectrum_N2000_s43_tau70_off0p0002.json,654
data/v5_campaigns/runs/N5B/spectrum_N2000_s43_tau70_off0p0005.json,656
data/v5_campaigns/runs/N5B/spectrum_N2000_s43_tau70_off0p001.json,656
data/v5_campaigns/runs/N5B/spectrum_N2000_s43_tau70_off5e-05.json,655
data/v5_campaigns/runs/N5B/spectrum_N2000_s44_tau100_off0p0001.json,660
data/v5_campaigns/runs/N5B/spectrum_N2000_s44_tau100_off0p0002.json,658
data/v5_campaigns/runs/N5B/spectrum_N2000_s44_tau100_off0p0005.json,659
data/v5_campaigns/runs/N5B/spectrum_N2000_s44_tau100_off0p001.json,642
data/v5_campaigns/runs/N5B/spectrum_N2000_s44_tau100_off5e-05.json,659
data/v5_campaigns/runs/N5B/spectrum_N2000_s44_tau130_off0p0001.json,657
data/v5_campaigns/runs/N5B/spectrum_N2000_s44_tau130_off0p0002.json,663
data/v5_campaigns/runs/N5B/spectrum_N2000_s44_tau130_off0p0005.json,660
data/v5_campaigns/runs/N5B/spectrum_N2000_s44_tau130_off0p001.json,661
data/v5_campaigns/runs/N5B/spectrum_N2000_s44_tau130_off5e-05.json,660
data/v5_campaigns/runs/N5B/spectrum_N2000_s44_tau40_off0p0001.json,657
data/v5_campaigns/runs/N5B/spectrum_N2000_s44_tau40_off0p0002.json,657
data/v5_campaigns/runs/N5B/spectrum_N2000_s44_tau40_off0p0005.json,656
data/v5_campaigns/runs/N5B/spectrum_N2000_s44_tau40_off0p001.json,654
data/v5_campaigns/runs/N5B/spectrum_N2000_s44_tau40_off5e-05.json,660
data/v5_campaigns/runs/N5B/spectrum_N2000_s44_tau45_off0p0001.json,661
data/v5_campaigns/runs/N5B/spectrum_N2000_s44_tau45_off0p0002.json,656
data/v5_campaigns/runs/N5B/spectrum_N2000_s44_tau45_off0p0005.json,655
data/v5_campaigns/runs/N5B/spectrum_N2000_s44_tau45_off0p001.json,657
data/v5_campaigns/runs/N5B/spectrum_N2000_s44_tau45_off5e-05.json,657
data/v5_campaigns/runs/N5B/spectrum_N2000_s44_tau50_off0p0001.json,659
data/v5_campaigns/runs/N5B/spectrum_N2000_s44_tau50_off0p0002.json,659
data/v5_campaigns/runs/N5B/spectrum_N2000_s44_tau50_off0p0005.json,653
data/v5_campaigns/runs/N5B/spectrum_N2000_s44_tau50_off0p001.json,643
data/v5_campaigns/runs/N5B/spectrum_N2000_s44_tau50_off5e-05.json,657
data/v5_campaigns/runs/N5B/spectrum_N2000_s44_tau52_off0p0001.json,659
data/v5_campaigns/runs/N5B/spectrum_N2000_s44_tau52_off0p0002.json,655
data/v5_campaigns/runs/N5B/spectrum_N2000_s44_tau52_off0p0005.json,640
data/v5_campaigns/runs/N5B/spectrum_N2000_s44_tau52_off0p001.json,658
data/v5_campaigns/runs/N5B/spectrum_N2000_s44_tau52_off5e-05.json,659
data/v5_campaigns/runs/N5B/spectrum_N2000_s44_tau55_off0p0001.json,659
data/v5_campaigns/runs/N5B/spectrum_N2000_s44_tau55_off0p0002.json,659
data/v5_campaigns/runs/N5B/spectrum_N2000_s44_tau55_off0p0005.json,657
data/v5_campaigns/runs/N5B/spectrum_N2000_s44_tau55_off0p001.json,657
data/v5_campaigns/runs/N5B/spectrum_N2000_s44_tau55_off5e-05.json,659
data/v5_campaigns/runs/N5B/spectrum_N2000_s44_tau70_off0p0001.json,659
data/v5_campaigns/runs/N5B/spectrum_N2000_s44_tau70_off0p0002.json,657
data/v5_campaigns/runs/N5B/spectrum_N2000_s44_tau70_off0p0005.json,655
data/v5_campaigns/runs/N5B/spectrum_N2000_s44_tau70_off0p001.json,657
data/v5_campaigns/runs/N5B/spectrum_N2000_s44_tau70_off5e-05.json,656
data/v5_campaigns/runs/N5B/spectrum_N2000_s45_tau100_off0p0001.json,658
data/v5_campaigns/runs/N5B/spectrum_N2000_s45_tau100_off0p0002.json,658
data/v5_campaigns/runs/N5B/spectrum_N2000_s45_tau100_off0p0005.json,658
data/v5_campaigns/runs/N5B/spectrum_N2000_s45_tau100_off0p001.json,659
data/v5_campaigns/runs/N5B/spectrum_N2000_s45_tau100_off5e-05.json,636
data/v5_campaigns/runs/N5B/spectrum_N2000_s45_tau130_off0p0001.json,658
data/v5_campaigns/runs/N5B/spectrum_N2000_s45_tau130_off0p0002.json,659
data/v5_campaigns/runs/N5B/spectrum_N2000_s45_tau130_off0p0005.json,658
data/v5_campaigns/runs/N5B/spectrum_N2000_s45_tau130_off0p001.json,654
data/v5_campaigns/runs/N5B/spectrum_N2000_s45_tau130_off5e-05.json,655
data/v5_campaigns/runs/N5B/spectrum_N2000_s45_tau40_off0p0001.json,653
data/v5_campaigns/runs/N5B/spectrum_N2000_s45_tau40_off0p0002.json,653
data/v5_campaigns/runs/N5B/spectrum_N2000_s45_tau40_off0p0005.json,653
data/v5_campaigns/runs/N5B/spectrum_N2000_s45_tau40_off0p001.json,653
data/v5_campaigns/runs/N5B/spectrum_N2000_s45_tau40_off5e-05.json,655
data/v5_campaigns/runs/N5B/spectrum_N2000_s45_tau45_off0p0001.json,653
data/v5_campaigns/runs/N5B/spectrum_N2000_s45_tau45_off0p0002.json,657
data/v5_campaigns/runs/N5B/spectrum_N2000_s45_tau45_off0p0005.json,634
data/v5_campaigns/runs/N5B/spectrum_N2000_s45_tau45_off0p001.json,635
data/v5_campaigns/runs/N5B/spectrum_N2000_s45_tau45_off5e-05.json,656
data/v5_campaigns/runs/N5B/spectrum_N2000_s45_tau50_off0p0001.json,654
data/v5_campaigns/runs/N5B/spectrum_N2000_s45_tau50_off0p0002.json,658
data/v5_campaigns/runs/N5B/spectrum_N2000_s45_tau50_off0p0005.json,650
data/v5_campaigns/runs/N5B/spectrum_N2000_s45_tau50_off0p001.json,657
data/v5_campaigns/runs/N5B/spectrum_N2000_s45_tau50_off5e-05.json,656
data/v5_campaigns/runs/N5B/spectrum_N2000_s45_tau52_off0p0001.json,659
data/v5_campaigns/runs/N5B/spectrum_N2000_s45_tau52_off0p0002.json,657
data/v5_campaigns/runs/N5B/spectrum_N2000_s45_tau52_off0p0005.json,633
data/v5_campaigns/runs/N5B/spectrum_N2000_s45_tau52_off0p001.json,653
data/v5_campaigns/runs/N5B/spectrum_N2000_s45_tau52_off5e-05.json,655
data/v5_campaigns/runs/N5B/spectrum_N2000_s45_tau55_off0p0001.json,638
data/v5_campaigns/runs/N5B/spectrum_N2000_s45_tau55_off0p0002.json,655
data/v5_campaigns/runs/N5B/spectrum_N2000_s45_tau55_off0p0005.json,642
data/v5_campaigns/runs/N5B/spectrum_N2000_s45_tau55_off0p001.json,650
data/v5_campaigns/runs/N5B/spectrum_N2000_s45_tau55_off5e-05.json,656
data/v5_campaigns/runs/N5B/spectrum_N2000_s45_tau70_off0p0001.json,655
data/v5_campaigns/runs/N5B/spectrum_N2000_s45_tau70_off0p0002.json,660
data/v5_campaigns/runs/N5B/spectrum_N2000_s45_tau70_off0p0005.json,658
data/v5_campaigns/runs/N5B/spectrum_N2000_s45_tau70_off0p001.json,654
data/v5_campaigns/runs/N5B/spectrum_N2000_s45_tau70_off5e-05.json,626
data/v5_campaigns/runs/N5B/spectrum_N2000_s46_tau100_off0p0001.json,662
data/v5_campaigns/runs/N5B/spectrum_N2000_s46_tau100_off0p0002.json,660
data/v5_campaigns/runs/N5B/spectrum_N2000_s46_tau100_off0p0005.json,659
data/v5_campaigns/runs/N5B/spectrum_N2000_s46_tau100_off0p001.json,589
data/v5_campaigns/runs/N5B/spectrum_N2000_s46_tau100_off5e-05.json,657
data/v5_campaigns/runs/N5B/spectrum_N2000_s46_tau130_off0p0001.json,637
data/v5_campaigns/runs/N5B/spectrum_N2000_s46_tau130_off0p0002.json,660
data/v5_campaigns/runs/N5B/spectrum_N2000_s46_tau130_off0p0005.json,571
data/v5_campaigns/runs/N5B/spectrum_N2000_s46_tau130_off0p001.json,586
data/v5_campaigns/runs/N5B/spectrum_N2000_s46_tau130_off5e-05.json,636
data/v5_campaigns/runs/N5B/spectrum_N2000_s46_tau40_off0p0001.json,633
data/v5_campaigns/runs/N5B/spectrum_N2000_s46_tau40_off0p0002.json,639
data/v5_campaigns/runs/N5B/spectrum_N2000_s46_tau40_off0p0005.json,653
data/v5_campaigns/runs/N5B/spectrum_N2000_s46_tau40_off0p001.json,655
data/v5_campaigns/runs/N5B/spectrum_N2000_s46_tau40_off5e-05.json,654
data/v5_campaigns/runs/N5B/spectrum_N2000_s46_tau45_off0p0001.json,657
data/v5_campaigns/runs/N5B/spectrum_N2000_s46_tau45_off0p0002.json,657
data/v5_campaigns/runs/N5B/spectrum_N2000_s46_tau45_off0p0005.json,657
data/v5_campaigns/runs/N5B/spectrum_N2000_s46_tau45_off0p001.json,655
data/v5_campaigns/runs/N5B/spectrum_N2000_s46_tau45_off5e-05.json,655
data/v5_campaigns/runs/N5B/spectrum_N2000_s46_tau50_off0p0001.json,656
data/v5_campaigns/runs/N5B/spectrum_N2000_s46_tau50_off0p0002.json,659
data/v5_campaigns/runs/N5B/spectrum_N2000_s46_tau50_off0p0005.json,638
data/v5_campaigns/runs/N5B/spectrum_N2000_s46_tau50_off0p001.json,654
data/v5_campaigns/runs/N5B/spectrum_N2000_s46_tau50_off5e-05.json,651
data/v5_campaigns/runs/N5B/spectrum_N2000_s46_tau52_off0p0001.json,638
data/v5_campaigns/runs/N5B/spectrum_N2000_s46_tau52_off0p0002.json,642
data/v5_campaigns/runs/N5B/spectrum_N2000_s46_tau52_off0p0005.json,655
data/v5_campaigns/runs/N5B/spectrum_N2000_s46_tau52_off0p001.json,655
data/v5_campaigns/runs/N5B/spectrum_N2000_s46_tau52_off5e-05.json,655
data/v5_campaigns/runs/N5B/spectrum_N2000_s46_tau55_off0p0001.json,656
data/v5_campaigns/runs/N5B/spectrum_N2000_s46_tau55_off0p0002.json,656
data/v5_campaigns/runs/N5B/spectrum_N2000_s46_tau55_off0p0005.json,657
data/v5_campaigns/runs/N5B/spectrum_N2000_s46_tau55_off0p001.json,637
data/v5_campaigns/runs/N5B/spectrum_N2000_s46_tau55_off5e-05.json,655
data/v5_campaigns/runs/N5B/spectrum_N2000_s46_tau70_off0p0001.json,658
data/v5_campaigns/runs/N5B/spectrum_N2000_s46_tau70_off0p0002.json,641
data/v5_campaigns/runs/N5B/spectrum_N2000_s46_tau70_off0p0005.json,653
data/v5_campaigns/runs/N5B/spectrum_N2000_s46_tau70_off0p001.json,567
data/v5_campaigns/runs/N5B/spectrum_N2000_s46_tau70_off5e-05.json,658
data/v5_campaigns/runs/N5B/spectrum_N200_s42_tau50_off0p001.json,94
data/v5_campaigns/runs/N5B/spectrum_N200_s43_tau50_off0p001.json,94
data/v5_campaigns/runs/N5B/spectrum_N200_s44_tau50_off0p001.json,94
data/v5_campaigns/runs/N5B/spectrum_N200_s45_tau50_off0p001.json,654
data/v5_campaigns/runs/N5B/spectrum_N200_s46_tau50_off0p001.json,577
data/v5_campaigns/runs/N5B/summary_all_memory_42_43_44_45_46_pinned_42_43_44_45_46_47_48_49_50_51_52_53_54_55_56_57_58_59_60_61.json,290395
data/v5_campaigns/runs/N5B/summary_memory_memory_42_pinned_none.json,43581
data/v5_campaigns/runs/N5B/summary_memory_memory_43_pinned_none.json,46435
data/v5_campaigns/runs/N5B/summary_memory_memory_44_pinned_none.json,46492
data/v5_campaigns/runs/N5B/summary_memory_memory_45_pinned_none.json,46306
data/v5_campaigns/runs/N5B/summary_memory_memory_46_pinned_none.json,46110
data/v5_campaigns/runs/N5B/summary_pinned_memory_none_pinned_42_43_44_45_46.json,25504
data/v5_campaigns/runs/N5B/summary_pinned_memory_none_pinned_47_48_49_50_51.json,25510
data/v5_campaigns/runs/N5B/summary_pinned_memory_none_pinned_52_53_54_55_56.json,25498
data/v5_campaigns/runs/N5B/summary_pinned_memory_none_pinned_57_58_59_60_61.json,25512
data/v5_campaigns/runs/N6/lyapunov_N120_P6_s42_lam0p310_dt0p01.json,1125
data/v5_campaigns/runs/N6/lyapunov_N2000_P100_s42_lam0p290_dt0p005.json,5362
data/v5_campaigns/runs/N6/lyapunov_N2000_P100_s42_lam0p290_dt0p01.json,5362
data/v5_campaigns/runs/N6/lyapunov_N2000_P100_s42_lam0p300_dt0p005.json,5357
data/v5_campaigns/runs/N6/lyapunov_N2000_P100_s42_lam0p300_dt0p01.json,5355
data/v5_campaigns/runs/N6/lyapunov_N2000_P100_s42_lam0p310_dt0p005.json,5361
data/v5_campaigns/runs/N6/lyapunov_N2000_P100_s42_lam0p310_dt0p01.json,5359
data/v5_campaigns/runs/N6/lyapunov_N2000_P100_s42_lam0p320_dt0p005.json,5360
data/v5_campaigns/runs/N6/lyapunov_N2000_P100_s42_lam0p320_dt0p01.json,5356
data/v5_campaigns/runs/N6/lyapunov_N2000_P100_s42_lam0p325_dt0p005.json,5359
data/v5_campaigns/runs/N6/lyapunov_N2000_P100_s42_lam0p325_dt0p01.json,5359
data/v5_campaigns/runs/N6/lyapunov_N2000_P100_s43_lam0p290_dt0p01.json,5359
data/v5_campaigns/runs/N6/lyapunov_N2000_P100_s43_lam0p300_dt0p01.json,5356
data/v5_campaigns/runs/N6/lyapunov_N2000_P100_s43_lam0p310_dt0p005.json,5363
data/v5_campaigns/runs/N6/lyapunov_N2000_P100_s43_lam0p310_dt0p01.json,5360
data/v5_campaigns/runs/N6/lyapunov_N2000_P100_s43_lam0p320_dt0p01.json,5358
data/v5_campaigns/runs/N6/lyapunov_N2000_P100_s43_lam0p325_dt0p01.json,5360
data/v5_campaigns/runs/N6/lyapunov_N2000_P100_s44_lam0p290_dt0p01.json,5359
data/v5_campaigns/runs/N6/lyapunov_N2000_P100_s44_lam0p300_dt0p01.json,5354
data/v5_campaigns/runs/N6/lyapunov_N2000_P100_s44_lam0p310_dt0p005.json,5361
data/v5_campaigns/runs/N6/lyapunov_N2000_P100_s44_lam0p310_dt0p01.json,5358
data/v5_campaigns/runs/N6/lyapunov_N2000_P100_s44_lam0p320_dt0p01.json,5358
data/v5_campaigns/runs/N6/lyapunov_N2000_P100_s44_lam0p325_dt0p01.json,5358
data/v5_campaigns/runs/N6/lyapunov_N2000_P100_s45_lam0p290_dt0p01.json,5361
data/v5_campaigns/runs/N6/lyapunov_N2000_P100_s45_lam0p300_dt0p01.json,5358
data/v5_campaigns/runs/N6/lyapunov_N2000_P100_s45_lam0p310_dt0p005.json,5358
data/v5_campaigns/runs/N6/lyapunov_N2000_P100_s45_lam0p310_dt0p01.json,5354
data/v5_campaigns/runs/N6/lyapunov_N2000_P100_s45_lam0p320_dt0p01.json,5357
data/v5_campaigns/runs/N6/lyapunov_N2000_P100_s45_lam0p325_dt0p01.json,5359
data/v5_campaigns/runs/N6/lyapunov_N2000_P100_s46_lam0p290_dt0p01.json,5359
data/v5_campaigns/runs/N6/lyapunov_N2000_P100_s46_lam0p300_dt0p01.json,5355
data/v5_campaigns/runs/N6/lyapunov_N2000_P100_s46_lam0p310_dt0p005.json,5360
data/v5_campaigns/runs/N6/lyapunov_N2000_P100_s46_lam0p310_dt0p01.json,5356
data/v5_campaigns/runs/N6/lyapunov_N2000_P100_s46_lam0p320_dt0p01.json,5360
data/v5_campaigns/runs/N6/lyapunov_N2000_P100_s46_lam0p325_dt0p01.json,5360
data/v5_campaigns/runs/N6/smoke.json,5131
data/v5_campaigns/runs/N6/summary_seeds_42.json,23412
data/v5_campaigns/runs/N6/summary_seeds_43.json,15937
data/v5_campaigns/runs/N6/summary_seeds_44.json,15902
data/v5_campaigns/runs/N6/summary_seeds_45.json,15900
data/v5_campaigns/runs/N6/summary_seeds_46.json,15886
data/v5_campaigns/runs/N7/smoke.json,19755
data/v5_campaigns/runs/N7/static_gp_0p05_N120_P6_s42.json,1104
data/v5_campaigns/runs/N7/static_gp_0p1_N120_P6_s42.json,1104
data/v5_campaigns/runs/N7/static_markov_0p0_N120_P6_s42.json,1108
data/v5_campaigns/runs/N7/static_markov_0p2_N120_P6_s42.json,1100
data/v5_campaigns/runs/N8/lyapunov_N2000_a0p05_lam0p35_s46_k1.json,5274
data/v5_campaigns/runs/N8/lyapunov_N2000_a0p05_lam0p40_s46_k1.json,5271
data/v5_campaigns/runs/N8/lyapunov_N2000_a0p05_lam0p50_s46_k1.json,5272
data/v5_campaigns/runs/N8/lyapunov_N2000_a0p05_lam0p70_s46_k1.json,5272
data/v5_campaigns/runs/N8/lyapunov_N2000_a0p05_lam0p90_s46_k1.json,5272
data/v5_campaigns/runs/N8/lyapunov_N2000_a0p09_lam0p35_s46_k1.json,5273
data/v5_campaigns/runs/N8/lyapunov_N2000_a0p09_lam0p40_s46_k1.json,5274
data/v5_campaigns/runs/N8/lyapunov_N2000_a0p09_lam0p50_s46_k1.json,5272
data/v5_campaigns/runs/N8/lyapunov_N2000_a0p09_lam0p70_s46_k1.json,5274
data/v5_campaigns/runs/N8/lyapunov_N2000_a0p09_lam0p90_s46_k1.json,5272
data/v5_campaigns/runs/N8/lyapunov_N2000_a0p13_lam0p35_s46_k1.json,5273
data/v5_campaigns/runs/N8/lyapunov_N2000_a0p13_lam0p40_s46_k1.json,5273
data/v5_campaigns/runs/N8/lyapunov_N2000_a0p13_lam0p50_s46_k1.json,5271
data/v5_campaigns/runs/N8/lyapunov_N2000_a0p13_lam0p70_s46_k1.json,5271
data/v5_campaigns/runs/N8/lyapunov_N2000_a0p13_lam0p90_s46_k1.json,5273
data/v5_campaigns/runs/N8/lyapunov_N2000_a0p15_lam0p40_s46_k1.json,5272
data/v5_campaigns/runs/N8/lyapunov_N2000_a0p15_lam0p50_s46_k1.json,5272
data/v5_campaigns/runs/N8/lyapunov_N2000_a0p15_lam0p70_s46_k1.json,5272
data/v5_campaigns/runs/N8/lyapunov_N2000_a0p15_lam0p90_s46_k1.json,5272
data/v5_campaigns/runs/N8/smoke.json,8455
data/v5_campaigns/runs/N8/summary_seeds_42.json,25921
data/v5_campaigns/runs/N8/summary_seeds_43.json,25921
data/v5_campaigns/runs/N8/summary_seeds_44.json,25903
data/v5_campaigns/runs/N8/summary_seeds_45.json,25892
data/v5_campaigns/runs/N8/summary_seeds_46.json,29479
data/v5_campaigns/runs/N9/smoke.json,3150
data/v5_campaigns/runs/NEXT24H/state.json,20176
data/v5_campaigns/runs/bench/static_one_motif_N2000.json,1055
data/v5_campaigns/runs/benchmarks/n6_N2000_P100_k8_T20.json,4954
data/v5_campaigns/runs/benchmarks/n8_N2000_P300_k1_T20.json,4770
docs/CLAIMS.md,58028
docs/CODE_MAP.md,23284
docs/DATA.md,5760
docs/EXPERIMENTS.md,8135
docs/FIGURE_PROVENANCE.md,12733
docs/MODEL.md,6285
docs/OPEN_ITEMS.md,7788
docs/REPRODUCING.md,7022
docs/claims.csv,44217
docs/figures.csv,8499
docs/worklogs/CYCLE_worklog.md,173702
docs/worklogs/FLOQUET_methodology.md,16951
docs/worklogs/LITERATURE_correlated_patterns.md,13238
docs/worklogs/OVERNIGHT_PLAN.md,13134
docs/worklogs/README.md,1438
docs/worklogs/REPORT_attracteurs.md,14954
docs/worklogs/REPORT_faible_tau.md,10360
docs/worklogs/REPORT_static_bifurcation.md,43143
figures/experiments/1_static_bifurcation/fig2_physical_roots_near_lc.png,89273
figures/experiments/1_static_bifurcation/fig2_roots_panel_N2000_a0.050_tau10_b20.0_s42.png,76234
figures/experiments/1_static_bifurcation/fig3_maxre_N2000_a0.050_tau10_b20.0_s42.png,38268
figures/experiments/1_static_bifurcation/fig9_mconv_N2000_a0.050_tau10_b20.0_s42.png,66319
figures/experiments/1_static_bifurcation/figH_hopf_birth.png,94728
figures/experiments/1_static_bifurcation/figH_hopf_birth_v2.png,124873
figures/experiments/1_static_bifurcation/finite_size_scaling_a0.050_tau10_b20.0.png,120613
figures/experiments/1_static_bifurcation/fold_N10000_a0.01.png,114065
figures/experiments/1_static_bifurcation/fold_N10000_a0.03.png,136139
figures/experiments/1_static_bifurcation/fold_N10000_a0.05.png,168796
figures/experiments/1_static_bifurcation/fold_N10000_a0.1.png,103829
figures/experiments/1_static_bifurcation/fold_N2000_a0.1.png,129112
figures/experiments/1_static_bifurcation/hopf_crossover_a0.07.png,109056
figures/experiments/1_static_bifurcation/hopf_margin_vs_tau.png,122971
figures/experiments/1_static_bifurcation/lambda_c_grid.png,43573
figures/experiments/1_static_bifurcation/lambda_c_grid_N10000.png,41422
figures/experiments/1_static_bifurcation/lambda_c_grid_v2_N2000.png,44719
figures/experiments/1_static_bifurcation/lambda_c_vs_alpha.png,70028
figures/experiments/2_recall_cycle_snic/figAA_cycle_vs_ghosts.png,517278
figures/experiments/2_recall_cycle_snic/figA_pacemaker_law_collapse.png,90163
figures/experiments/2_recall_cycle_snic/figB_depinning_transition.png,134236
figures/experiments/2_recall_cycle_snic/figC_intermediate_phase.png,104849
figures/experiments/2_recall_cycle_snic/figD_phase_map.png,80556
figures/experiments/2_recall_cycle_snic/figD_phase_map_v2.png,132619
figures/experiments/2_recall_cycle_snic/figE34_ET0_edge_tracking.png,215761
figures/experiments/2_recall_cycle_snic/figE34_ET0prime.png,289136
figures/experiments/2_recall_cycle_snic/figE34_ET1pp.png,269403
figures/experiments/2_recall_cycle_snic/figE34_bifurcation.png,322966
figures/experiments/2_recall_cycle_snic/figE34_first_results.png,148783
figures/experiments/2_recall_cycle_snic/figE34_invariant_circle.png,577532
figures/experiments/2_recall_cycle_snic/figE_floquet_spectrum.png,95228
figures/experiments/2_recall_cycle_snic/figE_floquet_spectrum_v2.png,142225
figures/experiments/2_recall_cycle_snic/figI_traveling_wave.png,165303
figures/experiments/2_recall_cycle_snic/floquet_scan_N2000_tau10.0.png,80232
figures/experiments/2_recall_cycle_snic/seed - pattern figé.png,79354
figures/experiments/2_recall_cycle_snic/waveform_lam0.9_tau10.0_N2000.png,106239
figures/experiments/3_threshold_scaling/figAE_threshold_scaling.png,165432
figures/experiments/3_threshold_scaling/figF_pinned_fold_spectral.png,104762
figures/experiments/3_threshold_scaling/figG_pinned_hopf_margin.png,185545
figures/experiments/3_threshold_scaling/figJ_front_branch.png,178551
figures/experiments/3_threshold_scaling/figS_front_birth.png,178683
figures/experiments/3_threshold_scaling/figT_front_stability_vs_tau.png,155410
figures/experiments/3_threshold_scaling/figU_branch_geometry.png,631196
figures/experiments/3_threshold_scaling/figV_threshold_distribution.png,298807
figures/experiments/3_threshold_scaling/figW_deathshape.png,389441
figures/experiments/3_threshold_scaling/figW_deathshape_N10000.png,418208
figures/experiments/3_threshold_scaling/figZ_alpha_law.png,265219
figures/experiments/4_attractors_basins_chaos/figAB_alpha_lambda_basins.png,120879
figures/experiments/4_attractors_basins_chaos/figAC_aging_twotime.png,207289
figures/experiments/4_attractors_basins_chaos/figAD_aging_vs_alpha.png,128536
figures/experiments/4_attractors_basins_chaos/figK_front_basins.png,171962
figures/experiments/4_attractors_basins_chaos/figN_basin_competition.png,81812
figures/experiments/4_attractors_basins_chaos/figO_metastability.png,126340
figures/experiments/4_attractors_basins_chaos/figQ_chaos_nature.png,348650
figures/experiments/5_short_delay/figL_smalltau_cycle.png,233982
figures/experiments/5_short_delay/figM_smalltau_snic.png,105840
figures/experiments/5_short_delay/figP_desync.png,263346
figures/experiments/5_short_delay/figR_cycle_chaos_frontier.png,197959
figures/experiments/6_correlated_patterns/figE37_modernK_doseresponse.png,322531
figures/experiments/6_correlated_patterns/figE37_traces_c0.60.png,228589
figures/experiments/6_correlated_patterns/figE37_traces_c0.90.png,220952
figures/experiments/6_correlated_patterns/figX_markov_video.png,311636
figures/experiments/6_correlated_patterns/figX_markov_video_N10000.png,308485
figures/experiments/6_correlated_patterns/figY_gpcircle_video.png,360186
figures/experiments/6_correlated_patterns/figY_gpcircle_video_N10000.png,275809
figures/experiments/7_implicit_delay/E36_b_lambda_dense.png,208828
figures/experiments/7_implicit_delay/E36_b_lambda_size.png,186467
figures/experiments/7_implicit_delay/E36_delay_scaling.png,156357
figures/experiments/7_implicit_delay/E36_delay_scaling_multiseed.png,358212
figures/experiments/7_implicit_delay/E36_reference_comparison.png,144896
figures/experiments/7_implicit_delay/E36_regimes_dt.png,57255
figures/manuscript/Figure00_model_architecture.png,864250
figures/manuscript/Figure01_phase_diagram.png,206208
figures/manuscript/Figure02_global_bifurcation.png,1775139
figures/manuscript/Figure03_static_folds.png,1993918
figures/manuscript/Figure04_thresholds.png,1517246
figures/manuscript/Figure05_extreme_selection.png,596585
figures/manuscript/Figure06_snic.png,2503056
figures/manuscript/Figure07_invariant_circle.png,2293736
figures/manuscript/Figure08_hyperchaos.png,1494909
figures/manuscript/Figure09_short_delay.png,859844
figures/manuscript/Figure10_markov_correlations.png,308485
figures/manuscript/Figure11_smooth_correlations.png,275809
figures/manuscript/Figure13_implicit_delay.png,182965
figures/panel_components/ae_gap.png,51311
figures/panel_components/ae_normal.png,47526
figures/panel_components/ae_width.png,54744
figures/panel_components/alpha_law_cdf.png,65358
figures/panel_components/alpha_law_hist.png,39805
figures/panel_components/bif_schematic.png,107384
figures/panel_components/branch_geometry_a.png,209790
figures/panel_components/current_figure6_identity.png,98858
figures/panel_components/cycle_exact_recall.png,55496
figures/panel_components/cycle_ghost_bottleneck.png,184104
figures/panel_components/depinning_left.png,45553
figures/panel_components/depinning_right.png,67437
figures/panel_components/desync_front.png,44652
figures/panel_components/desync_kymograph.png,30154
figures/panel_components/desync_order.png,85681
figures/panel_components/e34_a.png,89035
figures/panel_components/e34_b.png,260145
figures/panel_components/e34_d.png,51930
figures/panel_components/e36_left.png,117414
figures/panel_components/e36_right.png,51365
figures/panel_components/fold_n10000_left.png,96220
figures/panel_components/fold_n10000_right.png,60910
figures/panel_components/front_birth_left.png,102501
figures/panel_components/mechanism_a.png,249493
figures/panel_components/mechanism_b.png,84318
figures/panel_components/mechanism_c.png,76856
figures/panel_components/n1_identity_raw.png,122476
figures/panel_components/n1_residual_raw.png,77278
figures/panel_components/n2_c.png,225035
figures/panel_components/n2_static_softening_raw.png,231057
figures/panel_components/n2a_without_seed51_raw.png,213588
figures/panel_components/n3_gaussian_evt.png,113042
figures/panel_components/n4_critical_slowing_raw.png,114725
figures/panel_components/n4_fig2_a.png,186705
figures/panel_components/n4_fig3_a.png,109179
figures/panel_components/n4_fig3_b.png,111963
figures/panel_components/n4_fig4_b.png,124843
figures/panel_components/n4_fig4_c.png,113963
figures/panel_components/n5a_left.png,196475
figures/panel_components/n6_spectrum_raw.png,195398
figures/panel_components/pacemaker_full.png,134131
figures/panel_components/q_a.png,25476
figures/panel_components/q_c.png,37179
figures/panel_components/q_f.png,59889
figures/panel_components/threshold_load_center.png,83300
figures/panel_components/threshold_size_width.png,82503
figures/panel_manifest.json,27491
figures/panels/Panel00_model_architecture.png,864250
figures/panels/Panel01_lyapunov_chaos.png,1081868
figures/panels/Panel02_global_bifurcation.png,1775139
figures/panels/Panel03_static_folds_memory_distortion.png,1993918
figures/panels/Panel04_threshold_distributions.png,2322396
figures/panels/Panel05_snic_characterization.png,1773526
figures/panels/Panel06_short_delay.png,859844
figures/panels/Panel07_extreme_selection.png,596585
figures/panels/Panel08_invariant_circle.png,2293736
figures/panels/phases MCMC.png,206208
requirements.txt,437
tools/hash_archive.py,3110
tools/verify_manifest.py,2739
