archive_path,bytes,sha256,reason
3_numerics/results/2_cycle_rappel_snic/data/cycle_lam0.9_tau10.0_N2000.npz,174924525,,raw output above the repository size ceiling
4_campaigns/numerical_workplan/runs/N2/dynamic_N2000_P100_s47_d1e-05_dt0p01_production.npz,125410800,,"raw campaign output, kept in the local archive"
4_campaigns/numerical_workplan/runs/N2/dynamic_N2000_P100_s47_d1e-05_dt0p005_production.npz,125410484,,"raw campaign output, kept in the local archive"
4_campaigns/numerical_workplan/runs/N2/dynamic_N2000_P100_s47_d2e-05_dt0p01_production.npz,117528971,,"raw campaign output, kept in the local archive"
4_campaigns/numerical_workplan/runs/N2/dynamic_N2000_P100_s47_d2e-05_dt0p005_production.npz,117528606,,"raw campaign output, kept in the local archive"
4_campaigns/numerical_workplan/runs/N2/dynamic_N2000_P100_s60_d1e-05_dt0p005_production.npz,114089448,,"raw campaign output, kept in the local archive"
4_campaigns/numerical_workplan/runs/N2/dynamic_N2000_P100_s60_d1e-05_dt0p01_production.npz,114088788,,"raw campaign output, kept in the local archive"
4_campaigns/numerical_workplan/runs/N2/dynamic_N2000_P100_s47_d5e-05_dt0p01_production.npz,109401334,,"raw campaign output, kept in the local archive"
4_campaigns/numerical_workplan/runs/N2/dynamic_N2000_P100_s47_d5e-05_dt0p005_production.npz,109401280,,"raw campaign output, kept in the local archive"
4_campaigns/numerical_workplan/runs/N2/dynamic_N2000_P100_s60_d2e-05_dt0p01_production.npz,108869256,,"raw campaign output, kept in the local archive"
4_campaigns/numerical_workplan/runs/N2/dynamic_N2000_P100_s60_d2e-05_dt0p005_production.npz,108868484,,"raw campaign output, kept in the local archive"
4_campaigns/numerical_workplan/runs/N2/dynamic_N2000_P100_s47_d0p0001_dt0p005_production.npz,106838304,,"raw campaign output, kept in the local archive"
4_campaigns/numerical_workplan/runs/N2/dynamic_N2000_P100_s47_d0p0001_dt0p01_production.npz,106835707,,"raw campaign output, kept in the local archive"
4_campaigns/numerical_workplan/runs/N2/dynamic_N2000_P100_s42_d1e-05_dt0p01_production.npz,105474530,,"raw campaign output, kept in the local archive"
4_campaigns/numerical_workplan/runs/N2/dynamic_N2000_P100_s42_d1e-05_dt0p005_production.npz,105473672,,"raw campaign output, kept in the local archive"
4_campaigns/numerical_workplan/runs/N2/dynamic_N2000_P100_s47_d0p0002_dt0p005_production.npz,104087901,,"raw campaign output, kept in the local archive"
4_campaigns/numerical_workplan/runs/N2/dynamic_N2000_P100_s47_d0p0002_dt0p01_production.npz,104087435,,"raw campaign output, kept in the local archive"
4_campaigns/numerical_workplan/runs/N2/dynamic_N2000_P100_s60_d5e-05_dt0p01_production.npz,103507758,,"raw campaign output, kept in the local archive"
4_campaigns/numerical_workplan/runs/N2/dynamic_N2000_P100_s60_d5e-05_dt0p005_production.npz,103507008,,"raw campaign output, kept in the local archive"
4_campaigns/numerical_workplan/runs/N2/dynamic_N2000_P100_s47_d0p0005_dt0p005_production.npz,101230627,,"raw campaign output, kept in the local archive"
4_campaigns/numerical_workplan/runs/N2/dynamic_N2000_P100_s47_d0p0005_dt0p01_production.npz,101230191,,"raw campaign output, kept in the local archive"
4_campaigns/numerical_workplan/runs/N2/dynamic_N2000_P100_s60_d0p0001_dt0p005_production.npz,100825374,,"raw campaign output, kept in the local archive"
4_campaigns/numerical_workplan/runs/N2/dynamic_N2000_P100_s60_d0p0001_dt0p01_production.npz,100825362,,"raw campaign output, kept in the local archive"
4_campaigns/numerical_workplan/runs/N1/N1_shutdown_backup_2026-07-28T0907PDT.tar.gz,100613726,,"raw campaign output, kept in the local archive"
4_campaigns/numerical_workplan/runs/N1/N1_shutdown_backup_2026-07-28T0912PDT.tar.gz,100610825,,"raw campaign output, kept in the local archive"
4_campaigns/numerical_workplan/runs/N2/dynamic_N2000_P100_s42_d2e-05_dt0p01_production.npz,100145532,,"raw campaign output, kept in the local archive"
4_campaigns/numerical_workplan/runs/N2/dynamic_N2000_P100_s42_d2e-05_dt0p005_production.npz,100145177,,"raw campaign output, kept in the local archive"
4_campaigns/numerical_workplan/runs/N2/dynamic_N2000_P100_s52_d1e-05_dt0p01_production.npz,99836186,,"raw campaign output, kept in the local archive"
4_campaigns/numerical_workplan/runs/N2/dynamic_N2000_P100_s52_d1e-05_dt0p005_production.npz,99835777,,"raw campaign output, kept in the local archive"
4_campaigns/numerical_workplan/runs/N2/dynamic_N2000_P100_s47_d0p002_dt0p01_production.npz,98243829,,"raw campaign output, kept in the local archive"
4_campaigns/numerical_workplan/runs/N2/dynamic_N2000_P100_s47_d0p001_dt0p01_production.npz,98220113,,"raw campaign output, kept in the local archive"
4_campaigns/numerical_workplan/runs/N2/dynamic_N2000_P100_s60_d0p0002_dt0p01_production.npz,98008019,,"raw campaign output, kept in the local archive"
4_campaigns/numerical_workplan/runs/N2/dynamic_N2000_P100_s60_d0p0002_dt0p005_production.npz,98007784,,"raw campaign output, kept in the local archive"
4_campaigns/numerical_workplan/runs/N2/dynamic_N2000_P100_s52_d2e-05_dt0p01_production.npz,97295103,,"raw campaign output, kept in the local archive"
4_campaigns/numerical_workplan/runs/N2/dynamic_N2000_P100_s52_d2e-05_dt0p005_production.npz,97294809,,"raw campaign output, kept in the local archive"
4_campaigns/numerical_workplan/runs/N2/dynamic_N2000_P100_s60_d0p0005_dt0p01_production.npz,95118334,,"raw campaign output, kept in the local archive"
4_campaigns/numerical_workplan/runs/N2/dynamic_N2000_P100_s60_d0p0005_dt0p005_production.npz,95118161,,"raw campaign output, kept in the local archive"
4_campaigns/numerical_workplan/runs/N2/dynamic_N2000_P100_s52_d5e-05_dt0p01_production.npz,94671941,,"raw campaign output, kept in the local archive"
4_campaigns/numerical_workplan/runs/N2/dynamic_N2000_P100_s52_d5e-05_dt0p005_production.npz,94670484,,"raw campaign output, kept in the local archive"
4_campaigns/numerical_workplan/runs/N2/dynamic_N2000_P100_s42_d5e-05_dt0p01_production.npz,94647499,,"raw campaign output, kept in the local archive"
4_campaigns/numerical_workplan/runs/N2/dynamic_N2000_P100_s42_d5e-05_dt0p005_production.npz,94646536,,"raw campaign output, kept in the local archive"
4_campaigns/numerical_workplan/runs/N2/dynamic_N2000_P100_s47_d0p005_dt0p01_production.npz,92121577,,"raw campaign output, kept in the local archive"
4_campaigns/numerical_workplan/runs/N2/dynamic_N2000_P100_s60_d0p001_dt0p01_production.npz,92101042,,"raw campaign output, kept in the local archive"
4_campaigns/numerical_workplan/runs/N2/dynamic_N2000_P100_s42_d0p0002_dt0p01_production.npz,92033032,,"raw campaign output, kept in the local archive"
4_campaigns/numerical_workplan/runs/N2/dynamic_N2000_P100_s42_d0p0002_dt0p005_production.npz,92032454,,"raw campaign output, kept in the local archive"
4_campaigns/numerical_workplan/runs/N2/dynamic_N2000_P100_s52_d0p0002_dt0p01_production.npz,91952795,,"raw campaign output, kept in the local archive"
4_campaigns/numerical_workplan/runs/N2/dynamic_N2000_P100_s52_d0p0002_dt0p005_production.npz,91952207,,"raw campaign output, kept in the local archive"
4_campaigns/numerical_workplan/runs/N2/dynamic_N2000_P100_s42_d0p0001_dt0p01_production.npz,91868456,,"raw campaign output, kept in the local archive"
4_campaigns/numerical_workplan/runs/N2/dynamic_N2000_P100_s42_d0p0001_dt0p005_production.npz,91867560,,"raw campaign output, kept in the local archive"
4_campaigns/numerical_workplan/runs/N2/dynamic_N2000_P100_s52_d0p0001_dt0p005_production.npz,91814802,,"raw campaign output, kept in the local archive"
4_campaigns/numerical_workplan/runs/N2/dynamic_N2000_P100_s52_d0p0001_dt0p01_production.npz,91812915,,"raw campaign output, kept in the local archive"
4_campaigns/numerical_workplan/runs/N2/dynamic_N2000_P100_s47_d0p01_dt0p01_production.npz,89057177,,"raw campaign output, kept in the local archive"
4_campaigns/numerical_workplan/runs/N2/dynamic_N2000_P100_s42_d0p002_dt0p01_production.npz,89056791,,"raw campaign output, kept in the local archive"
4_campaigns/numerical_workplan/runs/N2/dynamic_N2000_P100_s42_d0p001_dt0p01_production.npz,89053294,,"raw campaign output, kept in the local archive"
4_campaigns/numerical_workplan/runs/N2/dynamic_N2000_P100_s60_d0p002_dt0p01_production.npz,89046740,,"raw campaign output, kept in the local archive"
4_campaigns/numerical_workplan/runs/N2/dynamic_N2000_P100_s52_d0p002_dt0p01_production.npz,89043387,,"raw campaign output, kept in the local archive"
4_campaigns/numerical_workplan/runs/N2/dynamic_N2000_P100_s42_d0p0005_dt0p01_production.npz,89041744,,"raw campaign output, kept in the local archive"
4_campaigns/numerical_workplan/runs/N2/dynamic_N2000_P100_s42_d0p0005_dt0p005_production.npz,89041263,,"raw campaign output, kept in the local archive"
4_campaigns/numerical_workplan/runs/N2/dynamic_N2000_P100_s52_d0p001_dt0p01_production.npz,89029644,,"raw campaign output, kept in the local archive"
4_campaigns/numerical_workplan/runs/N2/dynamic_N2000_P100_s52_d0p0005_dt0p01_production.npz,88983400,,"raw campaign output, kept in the local archive"
4_campaigns/numerical_workplan/runs/N2/dynamic_N2000_P100_s52_d0p0005_dt0p005_production.npz,88982143,,"raw campaign output, kept in the local archive"
4_campaigns/numerical_workplan/runs/N2/dynamic_N2000_P100_s42_d0p005_dt0p01_production.npz,85988304,,"raw campaign output, kept in the local archive"
4_campaigns/numerical_workplan/runs/N2/dynamic_N2000_P100_s60_d0p005_dt0p01_production.npz,85985994,,"raw campaign output, kept in the local archive"
4_campaigns/numerical_workplan/runs/N2/dynamic_N2000_P100_s52_d0p005_dt0p01_production.npz,85980907,,"raw campaign output, kept in the local archive"
4_campaigns/numerical_workplan/runs/N2/dynamic_N2000_P100_s60_d0p01_dt0p01_production.npz,82919510,,"raw campaign output, kept in the local archive"
4_campaigns/numerical_workplan/runs/N2/dynamic_N2000_P100_s42_d0p01_dt0p01_production.npz,82919425,,"raw campaign output, kept in the local archive"
4_campaigns/numerical_workplan/runs/N2/dynamic_N2000_P100_s51_d0p002_dt0p01_production.npz,82915935,,"raw campaign output, kept in the local archive"
4_campaigns/numerical_workplan/runs/N2/dynamic_N2000_P100_s51_d0p001_dt0p01_production.npz,82913483,,"raw campaign output, kept in the local archive"
4_campaigns/numerical_workplan/runs/N2/dynamic_N2000_P100_s52_d0p01_dt0p01_production.npz,82912202,,"raw campaign output, kept in the local archive"
4_campaigns/numerical_workplan/runs/N2/dynamic_N2000_P100_s51_d0p0005_dt0p01_production.npz,82910301,,"raw campaign output, kept in the local archive"
4_campaigns/numerical_workplan/runs/N2/dynamic_N2000_P100_s51_d0p0005_dt0p005_production.npz,82910217,,"raw campaign output, kept in the local archive"
4_campaigns/numerical_workplan/runs/N2/dynamic_N2000_P100_s51_d0p0002_dt0p005_production.npz,82908109,,"raw campaign output, kept in the local archive"
4_campaigns/numerical_workplan/runs/N2/dynamic_N2000_P100_s51_d0p0002_dt0p01_production.npz,82908034,,"raw campaign output, kept in the local archive"
4_campaigns/numerical_workplan/runs/N2/dynamic_N2000_P100_s51_d0p0001_dt0p005_production.npz,82905599,,"raw campaign output, kept in the local archive"
4_campaigns/numerical_workplan/runs/N2/dynamic_N2000_P100_s51_d0p0001_dt0p01_production.npz,82905299,,"raw campaign output, kept in the local archive"
4_campaigns/numerical_workplan/runs/N2/dynamic_N2000_P100_s51_d5e-05_dt0p01_production.npz,82905273,,"raw campaign output, kept in the local archive"
4_campaigns/numerical_workplan/runs/N2/dynamic_N2000_P100_s51_d5e-05_dt0p005_production.npz,82905063,,"raw campaign output, kept in the local archive"
4_campaigns/numerical_workplan/runs/N2/dynamic_N2000_P100_s51_d1e-05_dt0p01_production.npz,82905059,,"raw campaign output, kept in the local archive"
4_campaigns/numerical_workplan/runs/N2/dynamic_N2000_P100_s51_d1e-05_dt0p005_production.npz,82904990,,"raw campaign output, kept in the local archive"
4_campaigns/numerical_workplan/runs/N2/dynamic_N2000_P100_s51_d2e-05_dt0p005_production.npz,82904447,,"raw campaign output, kept in the local archive"
4_campaigns/numerical_workplan/runs/N2/dynamic_N2000_P100_s51_d2e-05_dt0p01_production.npz,82904438,,"raw campaign output, kept in the local archive"
4_campaigns/numerical_workplan/runs/N2/dynamic_N2000_P100_s51_d0p005_dt0p01_production.npz,79845837,,"raw campaign output, kept in the local archive"
4_campaigns/numerical_workplan/runs/N2/dynamic_N2000_P100_s51_d0p01_dt0p01_production.npz,76774316,,"raw campaign output, kept in the local archive"
4_campaigns/numerical_workplan/runs/N6/lyapunov_N2000_P100_s43_lam0p310_dt0p005.npz,18612827,,"raw campaign output, kept in the local archive"
4_campaigns/numerical_workplan/runs/N6/lyapunov_N2000_P100_s42_lam0p300_dt0p005.npz,18605094,,"raw campaign output, kept in the local archive"
4_campaigns/numerical_workplan/runs/N6/lyapunov_N2000_P100_s46_lam0p310_dt0p005.npz,18602217,,"raw campaign output, kept in the local archive"
4_campaigns/numerical_workplan/runs/N6/lyapunov_N2000_P100_s42_lam0p320_dt0p005.npz,18602032,,"raw campaign output, kept in the local archive"
4_campaigns/numerical_workplan/runs/N6/lyapunov_N2000_P100_s44_lam0p310_dt0p005.npz,18588601,,"raw campaign output, kept in the local archive"
4_campaigns/numerical_workplan/runs/N6/lyapunov_N2000_P100_s45_lam0p310_dt0p005.npz,18586665,,"raw campaign output, kept in the local archive"
4_campaigns/numerical_workplan/runs/N6/lyapunov_N2000_P100_s42_lam0p325_dt0p005.npz,18559159,,"raw campaign output, kept in the local archive"
4_campaigns/numerical_workplan/runs/N6/lyapunov_N2000_P100_s42_lam0p310_dt0p005.npz,18551844,,"raw campaign output, kept in the local archive"
4_campaigns/numerical_workplan/runs/N6/lyapunov_N2000_P100_s46_lam0p300_dt0p01.npz,17110677,,"raw campaign output, kept in the local archive"
4_campaigns/numerical_workplan/runs/N6/lyapunov_N2000_P100_s46_lam0p325_dt0p01.npz,17108648,,"raw campaign output, kept in the local archive"
4_campaigns/numerical_workplan/runs/N6/lyapunov_N2000_P100_s44_lam0p325_dt0p01.npz,17108271,,"raw campaign output, kept in the local archive"
4_campaigns/numerical_workplan/runs/N6/lyapunov_N2000_P100_s43_lam0p325_dt0p01.npz,17105898,,"raw campaign output, kept in the local archive"
4_campaigns/numerical_workplan/runs/N6/lyapunov_N2000_P100_s43_lam0p310_dt0p01.npz,17105592,,"raw campaign output, kept in the local archive"
4_campaigns/numerical_workplan/runs/N6/lyapunov_N2000_P100_s46_lam0p310_dt0p01.npz,17105333,,"raw campaign output, kept in the local archive"
4_campaigns/numerical_workplan/runs/N6/lyapunov_N2000_P100_s46_lam0p290_dt0p01.npz,17104638,,"raw campaign output, kept in the local archive"
4_campaigns/numerical_workplan/runs/N6/lyapunov_N2000_P100_s43_lam0p320_dt0p01.npz,17104414,,"raw campaign output, kept in the local archive"
4_campaigns/numerical_workplan/runs/N6/lyapunov_N2000_P100_s42_lam0p310_dt0p01.npz,17103854,,"raw campaign output, kept in the local archive"
4_campaigns/numerical_workplan/runs/N6/lyapunov_N2000_P100_s43_lam0p300_dt0p01.npz,17103561,,"raw campaign output, kept in the local archive"
4_campaigns/numerical_workplan/runs/N6/lyapunov_N2000_P100_s46_lam0p320_dt0p01.npz,17098829,,"raw campaign output, kept in the local archive"
4_campaigns/numerical_workplan/runs/N6/lyapunov_N2000_P100_s43_lam0p290_dt0p01.npz,17098637,,"raw campaign output, kept in the local archive"
4_campaigns/numerical_workplan/runs/N6/lyapunov_N2000_P100_s44_lam0p310_dt0p01.npz,17093494,,"raw campaign output, kept in the local archive"
4_campaigns/numerical_workplan/runs/N6/lyapunov_N2000_P100_s44_lam0p290_dt0p01.npz,17088821,,"raw campaign output, kept in the local archive"
4_campaigns/numerical_workplan/runs/N6/lyapunov_N2000_P100_s45_lam0p325_dt0p01.npz,17085999,,"raw campaign output, kept in the local archive"
4_campaigns/numerical_workplan/runs/N6/lyapunov_N2000_P100_s45_lam0p300_dt0p01.npz,17083779,,"raw campaign output, kept in the local archive"
4_campaigns/numerical_workplan/runs/N6/lyapunov_N2000_P100_s42_lam0p290_dt0p01.npz,17082939,,"raw campaign output, kept in the local archive"
4_campaigns/numerical_workplan/runs/N6/lyapunov_N2000_P100_s45_lam0p320_dt0p01.npz,17079184,,"raw campaign output, kept in the local archive"
4_campaigns/numerical_workplan/runs/N6/lyapunov_N2000_P100_s42_lam0p300_dt0p01.npz,17078093,,"raw campaign output, kept in the local archive"
4_campaigns/numerical_workplan/runs/N6/lyapunov_N2000_P100_s45_lam0p310_dt0p01.npz,17074607,,"raw campaign output, kept in the local archive"
4_campaigns/numerical_workplan/runs/N6/lyapunov_N2000_P100_s44_lam0p320_dt0p01.npz,17074605,,"raw campaign output, kept in the local archive"
4_campaigns/numerical_workplan/runs/N6/lyapunov_N2000_P100_s42_lam0p325_dt0p01.npz,17073451,,"raw campaign output, kept in the local archive"
4_campaigns/numerical_workplan/runs/N6/lyapunov_N2000_P100_s45_lam0p290_dt0p01.npz,17066725,,"raw campaign output, kept in the local archive"
4_campaigns/numerical_workplan/runs/N6/lyapunov_N2000_P100_s44_lam0p300_dt0p01.npz,17031791,,"raw campaign output, kept in the local archive"
4_campaigns/numerical_workplan/runs/N8/lyapunov_N2000_a0p15_lam0p50_s46_k1.npz,16107293,,"raw campaign output, kept in the local archive"
4_campaigns/numerical_workplan/runs/N8/lyapunov_N2000_a0p15_lam0p40_s46_k1.npz,16106529,,"raw campaign output, kept in the local archive"
4_campaigns/numerical_workplan/runs/N8/lyapunov_N2000_a0p15_lam0p70_s46_k1.npz,16051761,,"raw campaign output, kept in the local archive"
4_campaigns/numerical_workplan/runs/N8/lyapunov_N2000_a0p15_lam0p90_s46_k1.npz,16018234,,"raw campaign output, kept in the local archive"
4_campaigns/numerical_workplan/runs/N8/lyapunov_N2000_a0p13_lam0p35_s46_k1.npz,13965785,,"raw campaign output, kept in the local archive"
4_campaigns/numerical_workplan/runs/N8/lyapunov_N2000_a0p13_lam0p40_s46_k1.npz,13962007,,"raw campaign output, kept in the local archive"
4_campaigns/numerical_workplan/runs/N8/lyapunov_N2000_a0p13_lam0p50_s46_k1.npz,13960563,,"raw campaign output, kept in the local archive"
4_campaigns/numerical_workplan/runs/N8/lyapunov_N2000_a0p13_lam0p70_s46_k1.npz,13901074,,"raw campaign output, kept in the local archive"
4_campaigns/numerical_workplan/runs/N8/lyapunov_N2000_a0p13_lam0p90_s46_k1.npz,13873612,,"raw campaign output, kept in the local archive"
4_campaigns/numerical_workplan/runs/N6/lyapunov_N2000_P100_s42_lam0p320_dt0p01.npz,11526954,,"raw campaign output, kept in the local archive"
4_campaigns/numerical_workplan/runs/N6/lyapunov_N2000_P100_s42_lam0p290_dt0p005.npz,11062082,,"raw campaign output, kept in the local archive"
4_campaigns/numerical_workplan/runs/N8/lyapunov_N2000_a0p09_lam0p35_s46_k1.npz,9672229,,"raw campaign output, kept in the local archive"
4_campaigns/numerical_workplan/runs/N8/lyapunov_N2000_a0p09_lam0p40_s46_k1.npz,9658674,,"raw campaign output, kept in the local archive"
4_campaigns/numerical_workplan/runs/N8/lyapunov_N2000_a0p09_lam0p50_s46_k1.npz,9649138,,"raw campaign output, kept in the local archive"
4_campaigns/numerical_workplan/runs/N8/lyapunov_N2000_a0p09_lam0p70_s46_k1.npz,9554541,,"raw campaign output, kept in the local archive"
4_campaigns/numerical_workplan/runs/N8/lyapunov_N2000_a0p09_lam0p90_s46_k1.npz,9524475,,"raw campaign output, kept in the local archive"
4_campaigns/numerical_workplan/runs/N8/trajectory_N2000_a0p15_lam0p40_s45.npz,8054334,,"raw campaign output, kept in the local archive"
4_campaigns/numerical_workplan/runs/N8/trajectory_N2000_a0p15_lam0p40_s43.npz,8054158,,"raw campaign output, kept in the local archive"
4_campaigns/numerical_workplan/runs/N8/trajectory_N2000_a0p15_lam0p40_s44.npz,8052623,,"raw campaign output, kept in the local archive"
4_campaigns/numerical_workplan/runs/N8/trajectory_N2000_a0p15_lam0p40_s42.npz,8052288,,"raw campaign output, kept in the local archive"
4_campaigns/numerical_workplan/runs/N8/trajectory_N2000_a0p15_lam0p40_s46.npz,8051421,,"raw campaign output, kept in the local archive"
4_campaigns/numerical_workplan/runs/N8/trajectory_N2000_a0p15_lam0p35_s44.npz,8049665,,"raw campaign output, kept in the local archive"
4_campaigns/numerical_workplan/runs/N8/trajectory_N2000_a0p15_lam0p50_s44.npz,8049397,,"raw campaign output, kept in the local archive"
4_campaigns/numerical_workplan/runs/N8/trajectory_N2000_a0p15_lam0p50_s43.npz,8043396,,"raw campaign output, kept in the local archive"
4_campaigns/numerical_workplan/runs/N8/trajectory_N2000_a0p15_lam0p50_s42.npz,8040826,,"raw campaign output, kept in the local archive"
4_campaigns/numerical_workplan/runs/N8/trajectory_N2000_a0p15_lam0p50_s46.npz,8037051,,"raw campaign output, kept in the local archive"
4_campaigns/numerical_workplan/runs/N8/trajectory_N2000_a0p15_lam0p50_s45.npz,8027213,,"raw campaign output, kept in the local archive"
4_campaigns/numerical_workplan/runs/N8/trajectory_N2000_a0p15_lam0p70_s43.npz,7995287,,"raw campaign output, kept in the local archive"
4_campaigns/numerical_workplan/runs/N8/trajectory_N2000_a0p15_lam0p70_s45.npz,7991797,,"raw campaign output, kept in the local archive"
4_campaigns/numerical_workplan/runs/N8/trajectory_N2000_a0p15_lam0p90_s45.npz,7977749,,"raw campaign output, kept in the local archive"
4_campaigns/numerical_workplan/runs/N8/trajectory_N2000_a0p15_lam0p70_s44.npz,7972728,,"raw campaign output, kept in the local archive"
4_campaigns/numerical_workplan/runs/N8/trajectory_N2000_a0p15_lam0p90_s44.npz,7966481,,"raw campaign output, kept in the local archive"
4_campaigns/numerical_workplan/runs/N8/trajectory_N2000_a0p15_lam0p70_s46.npz,7963543,,"raw campaign output, kept in the local archive"
4_campaigns/numerical_workplan/runs/N8/trajectory_N2000_a0p15_lam0p90_s42.npz,7961306,,"raw campaign output, kept in the local archive"
4_campaigns/numerical_workplan/runs/N8/trajectory_N2000_a0p15_lam0p90_s46.npz,7957562,,"raw campaign output, kept in the local archive"
4_campaigns/numerical_workplan/runs/N8/trajectory_N2000_a0p15_lam0p90_s43.npz,7954017,,"raw campaign output, kept in the local archive"
4_campaigns/numerical_workplan/runs/N8/trajectory_N2000_a0p15_lam0p35_s46.npz,7951079,,"raw campaign output, kept in the local archive"
4_campaigns/numerical_workplan/runs/N8/trajectory_N2000_a0p15_lam0p70_s42.npz,7949522,,"raw campaign output, kept in the local archive"
4_campaigns/numerical_workplan/runs/N8/trajectory_N2000_a0p15_lam0p35_s43.npz,7948702,,"raw campaign output, kept in the local archive"
4_campaigns/numerical_workplan/runs/N8/trajectory_N2000_a0p15_lam0p35_s42.npz,7856607,,"raw campaign output, kept in the local archive"
4_campaigns/numerical_workplan/runs/N2/arclength_N2000_P100_s52_mu40_production.npz,7721783,,"raw campaign output, kept in the local archive"
4_campaigns/numerical_workplan/runs/N2/arclength_N2000_P100_s42_mu91_production.npz,7720371,,"raw campaign output, kept in the local archive"
4_campaigns/numerical_workplan/runs/N2/arclength_N2000_P100_s60_mu65_production.npz,7719937,,"raw campaign output, kept in the local archive"
4_campaigns/numerical_workplan/runs/N2/arclength_N2000_P100_s47_mu79_production.npz,7719704,,"raw campaign output, kept in the local archive"
4_campaigns/numerical_workplan/runs/N2/arclength_N2000_P100_s51_mu27_production.npz,7717051,,"raw campaign output, kept in the local archive"
4_campaigns/numerical_workplan/runs/N8/trajectory_N2000_a0p13_lam0p40_s42.npz,6981986,,"raw campaign output, kept in the local archive"
4_campaigns/numerical_workplan/runs/N8/trajectory_N2000_a0p13_lam0p35_s46.npz,6981245,,"raw campaign output, kept in the local archive"
4_campaigns/numerical_workplan/runs/N8/trajectory_N2000_a0p13_lam0p40_s46.npz,6979620,,"raw campaign output, kept in the local archive"
4_campaigns/numerical_workplan/runs/N8/trajectory_N2000_a0p13_lam0p40_s45.npz,6979607,,"raw campaign output, kept in the local archive"
4_campaigns/numerical_workplan/runs/N8/trajectory_N2000_a0p13_lam0p35_s43.npz,6979077,,"raw campaign output, kept in the local archive"
4_campaigns/numerical_workplan/runs/N8/trajectory_N2000_a0p13_lam0p35_s44.npz,6978263,,"raw campaign output, kept in the local archive"
4_campaigns/numerical_workplan/runs/N8/trajectory_N2000_a0p13_lam0p35_s42.npz,6977557,,"raw campaign output, kept in the local archive"
4_campaigns/numerical_workplan/runs/N8/trajectory_N2000_a0p13_lam0p35_s45.npz,6977487,,"raw campaign output, kept in the local archive"
4_campaigns/numerical_workplan/runs/N8/trajectory_N2000_a0p13_lam0p40_s43.npz,6976076,,"raw campaign output, kept in the local archive"
4_campaigns/numerical_workplan/runs/N8/trajectory_N2000_a0p13_lam0p40_s44.npz,6975140,,"raw campaign output, kept in the local archive"
4_campaigns/numerical_workplan/runs/N8/trajectory_N2000_a0p13_lam0p50_s43.npz,6975131,,"raw campaign output, kept in the local archive"
4_campaigns/numerical_workplan/runs/N8/trajectory_N2000_a0p13_lam0p50_s45.npz,6974066,,"raw campaign output, kept in the local archive"
4_campaigns/numerical_workplan/runs/N8/trajectory_N2000_a0p13_lam0p50_s42.npz,6969815,,"raw campaign output, kept in the local archive"
4_campaigns/numerical_workplan/runs/N8/trajectory_N2000_a0p13_lam0p50_s46.npz,6964723,,"raw campaign output, kept in the local archive"
4_campaigns/numerical_workplan/runs/N8/trajectory_N2000_a0p13_lam0p50_s44.npz,6961421,,"raw campaign output, kept in the local archive"
4_campaigns/numerical_workplan/runs/N8/trajectory_N2000_a0p13_lam0p70_s43.npz,6915389,,"raw campaign output, kept in the local archive"
4_campaigns/numerical_workplan/runs/N8/trajectory_N2000_a0p13_lam0p70_s46.npz,6903215,,"raw campaign output, kept in the local archive"
4_campaigns/numerical_workplan/runs/N8/trajectory_N2000_a0p13_lam0p90_s44.npz,6898851,,"raw campaign output, kept in the local archive"
4_campaigns/numerical_workplan/runs/N8/trajectory_N2000_a0p13_lam0p90_s43.npz,6897928,,"raw campaign output, kept in the local archive"
4_campaigns/numerical_workplan/runs/N8/trajectory_N2000_a0p13_lam0p90_s45.npz,6895936,,"raw campaign output, kept in the local archive"
4_campaigns/numerical_workplan/runs/N8/trajectory_N2000_a0p13_lam0p90_s46.npz,6893951,,"raw campaign output, kept in the local archive"
4_campaigns/numerical_workplan/runs/N8/trajectory_N2000_a0p13_lam0p70_s45.npz,6887175,,"raw campaign output, kept in the local archive"
4_campaigns/numerical_workplan/runs/N8/trajectory_N2000_a0p13_lam0p90_s42.npz,6881894,,"raw campaign output, kept in the local archive"
4_campaigns/numerical_workplan/runs/N8/trajectory_N2000_a0p13_lam0p70_s44.npz,6881035,,"raw campaign output, kept in the local archive"
4_campaigns/numerical_workplan/runs/N8/trajectory_N2000_a0p13_lam0p70_s42.npz,6880483,,"raw campaign output, kept in the local archive"
3_numerics/results/2_cycle_rappel_snic/data/E34/E34_cycle_uniqueness_lam0.330000_L33s1_20260730T224716.npz,6145960,,raw output above the repository size ceiling
3_numerics/results/2_cycle_rappel_snic/data/E34/E34_cycle_uniqueness_lam0.330000_L33s2_20260730T224716.npz,6087642,,raw output above the repository size ceiling
3_numerics/results/2_cycle_rappel_snic/data/E34/E34_cycle_uniqueness_lam0.330000_L33s3_20260730T224716.npz,5985269,,raw output above the repository size ceiling
3_numerics/results/6_motifs_correles/data/E37_modernK_c0.60_seed42_trace_20260731T111257.npz,5715872,,raw output above the repository size ceiling
4_campaigns/numerical_workplan/runs/N5A/boundary_N2000_P100_s44_tau10_lam0.360_lyap.npz,5385032,,"raw campaign output, kept in the local archive"
4_campaigns/numerical_workplan/runs/N8/lyapunov_N2000_a0p05_lam0p35_s46_k1.npz,5384763,,"raw campaign output, kept in the local archive"
4_campaigns/numerical_workplan/runs/N5A/boundary_N2000_P100_s45_tau10_lam0.360_lyap.npz,5383306,,"raw campaign output, kept in the local archive"
4_campaigns/numerical_workplan/runs/N5A/boundary_N2000_P100_s46_tau10_lam0.358_lyap.npz,5382021,,"raw campaign output, kept in the local archive"
4_campaigns/numerical_workplan/runs/N5A/boundary_N2000_P100_s42_tau10_lam0.358_lyap.npz,5379307,,"raw campaign output, kept in the local archive"
4_campaigns/numerical_workplan/runs/N5A/boundary_N2000_P100_s43_tau10_lam0.360_lyap.npz,5379212,,"raw campaign output, kept in the local archive"
4_campaigns/numerical_workplan/runs/N5A/boundary_N2000_P100_s46_tau10_lam0.360_lyap.npz,5378499,,"raw campaign output, kept in the local archive"
4_campaigns/numerical_workplan/runs/N5A/boundary_N2000_P100_s42_tau10_lam0.360_lyap.npz,5378439,,"raw campaign output, kept in the local archive"
4_campaigns/numerical_workplan/runs/N5A/boundary_N2000_P100_s45_tau10_lam0.358_lyap.npz,5378260,,"raw campaign output, kept in the local archive"
4_campaigns/numerical_workplan/runs/N5A/boundary_N2000_P100_s44_tau10_lam0.358_lyap.npz,5377961,,"raw campaign output, kept in the local archive"
4_campaigns/numerical_workplan/runs/N5A/boundary_N2000_P100_s43_tau10_lam0.358_lyap.npz,5377723,,"raw campaign output, kept in the local archive"
4_campaigns/numerical_workplan/runs/N8/lyapunov_N2000_a0p05_lam0p40_s46_k1.npz,5369293,,"raw campaign output, kept in the local archive"
4_campaigns/numerical_workplan/runs/N8/lyapunov_N2000_a0p05_lam0p50_s46_k1.npz,5339121,,"raw campaign output, kept in the local archive"
4_campaigns/numerical_workplan/runs/N8/lyapunov_N2000_a0p05_lam0p70_s46_k1.npz,5291443,,"raw campaign output, kept in the local archive"
4_campaigns/numerical_workplan/runs/N8/lyapunov_N2000_a0p05_lam0p90_s46_k1.npz,5264849,,"raw campaign output, kept in the local archive"
4_campaigns/numerical_workplan/runs/N8/trajectory_N2000_a0p09_lam0p35_s46.npz,4836193,,"raw campaign output, kept in the local archive"
4_campaigns/numerical_workplan/runs/N8/trajectory_N2000_a0p09_lam0p35_s43.npz,4834596,,"raw campaign output, kept in the local archive"
4_campaigns/numerical_workplan/runs/N8/trajectory_N2000_a0p09_lam0p35_s42.npz,4831399,,"raw campaign output, kept in the local archive"
4_campaigns/numerical_workplan/runs/N8/trajectory_N2000_a0p09_lam0p35_s44.npz,4830500,,"raw campaign output, kept in the local archive"
4_campaigns/numerical_workplan/runs/N8/trajectory_N2000_a0p09_lam0p35_s45.npz,4828201,,"raw campaign output, kept in the local archive"
4_campaigns/numerical_workplan/runs/N8/trajectory_N2000_a0p09_lam0p40_s45.npz,4827938,,"raw campaign output, kept in the local archive"
4_campaigns/numerical_workplan/runs/N8/trajectory_N2000_a0p09_lam0p40_s42.npz,4827174,,"raw campaign output, kept in the local archive"
4_campaigns/numerical_workplan/runs/N8/trajectory_N2000_a0p09_lam0p40_s46.npz,4826622,,"raw campaign output, kept in the local archive"
4_campaigns/numerical_workplan/runs/N8/trajectory_N2000_a0p09_lam0p40_s43.npz,4824788,,"raw campaign output, kept in the local archive"
4_campaigns/numerical_workplan/runs/N8/trajectory_N2000_a0p09_lam0p40_s44.npz,4822325,,"raw campaign output, kept in the local archive"
4_campaigns/numerical_workplan/runs/benchmarks/n8_N2000_P300_k1_T20.npz,4816910,,"raw campaign output, kept in the local archive"
4_campaigns/numerical_workplan/runs/N8/trajectory_N2000_a0p09_lam0p50_s43.npz,4794390,,"raw campaign output, kept in the local archive"
4_campaigns/numerical_workplan/runs/N8/trajectory_N2000_a0p09_lam0p50_s42.npz,4793093,,"raw campaign output, kept in the local archive"
4_campaigns/numerical_workplan/runs/N8/trajectory_N2000_a0p09_lam0p50_s44.npz,4787448,,"raw campaign output, kept in the local archive"
4_campaigns/numerical_workplan/runs/N8/trajectory_N2000_a0p09_lam0p50_s45.npz,4786967,,"raw campaign output, kept in the local archive"
4_campaigns/numerical_workplan/runs/N8/trajectory_N2000_a0p09_lam0p50_s46.npz,4782146,,"raw campaign output, kept in the local archive"
4_campaigns/numerical_workplan/runs/N8/trajectory_N2000_a0p09_lam0p70_s46.npz,4770939,,"raw campaign output, kept in the local archive"
4_campaigns/numerical_workplan/runs/N8/trajectory_N2000_a0p09_lam0p70_s42.npz,4759257,,"raw campaign output, kept in the local archive"
4_campaigns/numerical_workplan/runs/N8/trajectory_N2000_a0p09_lam0p70_s43.npz,4745130,,"raw campaign output, kept in the local archive"
4_campaigns/numerical_workplan/runs/N8/trajectory_N2000_a0p09_lam0p70_s45.npz,4744936,,"raw campaign output, kept in the local archive"
3_numerics/results/6_motifs_correles/data/E37_modernK_c0.00_seed42_trace_20260731T110921.npz,4743486,,raw output above the repository size ceiling
4_campaigns/numerical_workplan/runs/N8/trajectory_N2000_a0p09_lam0p70_s44.npz,4741558,,"raw campaign output, kept in the local archive"
4_campaigns/numerical_workplan/runs/N8/trajectory_N2000_a0p09_lam0p90_s45.npz,4735758,,"raw campaign output, kept in the local archive"
4_campaigns/numerical_workplan/runs/N8/trajectory_N2000_a0p09_lam0p90_s42.npz,4727056,,"raw campaign output, kept in the local archive"
4_campaigns/numerical_workplan/runs/N8/trajectory_N2000_a0p09_lam0p90_s44.npz,4724435,,"raw campaign output, kept in the local archive"
4_campaigns/numerical_workplan/runs/N8/trajectory_N2000_a0p09_lam0p90_s46.npz,4716046,,"raw campaign output, kept in the local archive"
4_campaigns/numerical_workplan/runs/N8/trajectory_N2000_a0p09_lam0p90_s43.npz,4708431,,"raw campaign output, kept in the local archive"
4_campaigns/numerical_workplan/runs/N5A/boundary_N2000_P100_s46_tau5_lam0.360_lyap.npz,4621477,,"raw campaign output, kept in the local archive"
4_campaigns/numerical_workplan/runs/N5A/boundary_N2000_P100_s44_tau5_lam0.358_lyap.npz,4621359,,"raw campaign output, kept in the local archive"
4_campaigns/numerical_workplan/runs/N5A/boundary_N2000_P100_s44_tau5_lam0.360_lyap.npz,4621358,,"raw campaign output, kept in the local archive"
4_campaigns/numerical_workplan/runs/N5A/boundary_N2000_P100_s46_tau5_lam0.358_lyap.npz,4621265,,"raw campaign output, kept in the local archive"
4_campaigns/numerical_workplan/runs/N5A/boundary_N2000_P100_s42_tau5_lam0.360_lyap.npz,4621036,,"raw campaign output, kept in the local archive"
4_campaigns/numerical_workplan/runs/N5A/boundary_N2000_P100_s42_tau5_lam0.358_lyap.npz,4621035,,"raw campaign output, kept in the local archive"
4_campaigns/numerical_workplan/runs/N5A/boundary_N2000_P100_s43_tau5_lam0.360_lyap.npz,4620965,,"raw campaign output, kept in the local archive"
4_campaigns/numerical_workplan/runs/N5A/boundary_N2000_P100_s43_tau5_lam0.358_lyap.npz,4620916,,"raw campaign output, kept in the local archive"
4_campaigns/numerical_workplan/runs/N5A/boundary_N2000_P100_s45_tau5_lam0.360_lyap.npz,4620728,,"raw campaign output, kept in the local archive"
4_campaigns/numerical_workplan/runs/N5A/boundary_N2000_P100_s45_tau5_lam0.358_lyap.npz,4620548,,"raw campaign output, kept in the local archive"
3_numerics/results/6_motifs_correles/data/E37_modernK_c0.90_seed42_trace_20260731T111638.npz,4539386,,raw output above the repository size ceiling
3_numerics/results/2_cycle_rappel_snic/data/E34/E34_cycle_uniqueness_lam0.350000_L35s1_20260730T224716.npz,4475662,,raw output above the repository size ceiling
3_numerics/results/2_cycle_rappel_snic/data/E34/E34_cycle_uniqueness_lam0.350000_L35s3_20260730T224716.npz,4475292,,raw output above the repository size ceiling
3_numerics/results/2_cycle_rappel_snic/data/E34/E34_cycle_uniqueness_lam0.350000_L35s2_20260730T224716.npz,4448842,,raw output above the repository size ceiling
3_numerics/results/2_cycle_rappel_snic/data/E34/E34_cycle_uniqueness_lam0.350000_L35s4_20260730T224716.npz,4398401,,raw output above the repository size ceiling
4_campaigns/numerical_workplan/runs/N5A/boundary_N2000_P100_s43_tau3_lam0.358_lyap.npz,4315721,,"raw campaign output, kept in the local archive"
4_campaigns/numerical_workplan/runs/N5A/boundary_N2000_P100_s42_tau3_lam0.360_lyap.npz,4315496,,"raw campaign output, kept in the local archive"
4_campaigns/numerical_workplan/runs/N5A/boundary_N2000_P100_s45_tau3_lam0.358_lyap.npz,4315438,,"raw campaign output, kept in the local archive"
4_campaigns/numerical_workplan/runs/N5A/boundary_N2000_P100_s46_tau3_lam0.360_lyap.npz,4315394,,"raw campaign output, kept in the local archive"
4_campaigns/numerical_workplan/runs/N5A/boundary_N2000_P100_s46_tau3_lam0.358_lyap.npz,4315380,,"raw campaign output, kept in the local archive"
4_campaigns/numerical_workplan/runs/N5A/boundary_N2000_P100_s45_tau3_lam0.360_lyap.npz,4315379,,"raw campaign output, kept in the local archive"
4_campaigns/numerical_workplan/runs/N5A/boundary_N2000_P100_s42_tau3_lam0.358_lyap.npz,4315215,,"raw campaign output, kept in the local archive"
4_campaigns/numerical_workplan/runs/N5A/boundary_N2000_P100_s43_tau3_lam0.360_lyap.npz,4315090,,"raw campaign output, kept in the local archive"
4_campaigns/numerical_workplan/runs/N5A/boundary_N2000_P100_s46_tau2_lam0.330_lyap.npz,4153783,,"raw campaign output, kept in the local archive"
4_campaigns/numerical_workplan/runs/N5A/boundary_N2000_P100_s43_tau2_lam0.360_lyap.npz,4153774,,"raw campaign output, kept in the local archive"
4_campaigns/numerical_workplan/runs/N5A/boundary_N2000_P100_s43_tau2_lam0.358_lyap.npz,4151374,,"raw campaign output, kept in the local archive"
4_campaigns/numerical_workplan/runs/N5A/boundary_N2000_P100_s44_tau2_lam0.360_lyap.npz,4150968,,"raw campaign output, kept in the local archive"
4_campaigns/numerical_workplan/runs/N5A/boundary_N2000_P100_s42_tau2_lam0.360_lyap.npz,4150762,,"raw campaign output, kept in the local archive"
4_campaigns/numerical_workplan/runs/N5A/boundary_N2000_P100_s46_tau2_lam0.326_lyap.npz,4150300,,"raw campaign output, kept in the local archive"
4_campaigns/numerical_workplan/runs/N5A/boundary_N2000_P100_s44_tau2_lam0.358_lyap.npz,4150288,,"raw campaign output, kept in the local archive"
4_campaigns/numerical_workplan/runs/N5A/boundary_N2000_P100_s42_tau2_lam0.358_lyap.npz,4150139,,"raw campaign output, kept in the local archive"
4_campaigns/numerical_workplan/runs/N5A/boundary_N2000_P100_s46_tau2_lam0.328_lyap.npz,4149705,,"raw campaign output, kept in the local archive"
4_campaigns/numerical_workplan/runs/N5A/boundary_N2000_P100_s45_tau2_lam0.358_lyap.npz,4135921,,"raw campaign output, kept in the local archive"
4_campaigns/numerical_workplan/runs/N5A/boundary_N2000_P100_s42_tau1.4_lam0.360_lyap.npz,4062039,,"raw campaign output, kept in the local archive"
4_campaigns/numerical_workplan/runs/N5A/boundary_N2000_P100_s44_tau1.4_lam0.360_lyap.npz,4061647,,"raw campaign output, kept in the local archive"
4_campaigns/numerical_workplan/runs/N5A/boundary_N2000_P100_s46_tau1.4_lam0.358_lyap.npz,4061590,,"raw campaign output, kept in the local archive"
4_campaigns/numerical_workplan/runs/N5A/boundary_N2000_P100_s43_tau1.4_lam0.358_lyap.npz,4060877,,"raw campaign output, kept in the local archive"
4_campaigns/numerical_workplan/runs/N5A/boundary_N2000_P100_s42_tau1.4_lam0.358_lyap.npz,4060493,,"raw campaign output, kept in the local archive"
4_campaigns/numerical_workplan/runs/N5A/boundary_N2000_P100_s43_tau1.4_lam0.360_lyap.npz,4060182,,"raw campaign output, kept in the local archive"
4_campaigns/numerical_workplan/runs/N5A/boundary_N2000_P100_s46_tau1.4_lam0.360_lyap.npz,4060006,,"raw campaign output, kept in the local archive"
4_campaigns/numerical_workplan/runs/N5A/boundary_N2000_P100_s44_tau1.4_lam0.358_lyap.npz,4057605,,"raw campaign output, kept in the local archive"
4_campaigns/numerical_workplan/runs/N5A/boundary_N2000_P100_s45_tau2_lam0.360_lyap.npz,4053486,,"raw campaign output, kept in the local archive"
4_campaigns/numerical_workplan/runs/N5A/boundary_N2000_P100_s46_tau1.3_lam0.360_lyap.npz,4048045,,"raw campaign output, kept in the local archive"
4_campaigns/numerical_workplan/runs/N5A/boundary_N2000_P100_s42_tau1.3_lam0.360_lyap.npz,4046331,,"raw campaign output, kept in the local archive"
4_campaigns/numerical_workplan/runs/N5A/boundary_N2000_P100_s43_tau1.3_lam0.358_lyap.npz,4046190,,"raw campaign output, kept in the local archive"
4_campaigns/numerical_workplan/runs/N5A/boundary_N2000_P100_s45_tau1.4_lam0.360_lyap.npz,4045719,,"raw campaign output, kept in the local archive"
4_campaigns/numerical_workplan/runs/N5A/boundary_N2000_P100_s42_tau1.3_lam0.358_lyap.npz,4045148,,"raw campaign output, kept in the local archive"
4_campaigns/numerical_workplan/runs/N5A/boundary_N2000_P100_s46_tau1.3_lam0.358_lyap.npz,4045003,,"raw campaign output, kept in the local archive"
4_campaigns/numerical_workplan/runs/N5A/boundary_N2000_P100_s43_tau1.3_lam0.360_lyap.npz,4044815,,"raw campaign output, kept in the local archive"
4_campaigns/numerical_workplan/runs/N5A/boundary_N2000_P100_s44_tau1.3_lam0.360_lyap.npz,4044353,,"raw campaign output, kept in the local archive"
4_campaigns/numerical_workplan/runs/N5A/boundary_N2000_P100_s44_tau1.3_lam0.358_lyap.npz,4039623,,"raw campaign output, kept in the local archive"
4_campaigns/numerical_workplan/runs/N5A/boundary_N2000_P100_s45_tau1.3_lam0.360_lyap.npz,4033768,,"raw campaign output, kept in the local archive"
4_campaigns/numerical_workplan/runs/N5A/boundary_N2000_P100_s46_tau1.2_lam0.358_lyap.npz,4033661,,"raw campaign output, kept in the local archive"
4_campaigns/numerical_workplan/runs/N5A/boundary_N2000_P100_s42_tau1.2_lam0.360_lyap.npz,4031903,,"raw campaign output, kept in the local archive"
4_campaigns/numerical_workplan/runs/N5A/boundary_N2000_P100_s42_tau1.2_lam0.358_lyap.npz,4031848,,"raw campaign output, kept in the local archive"
4_campaigns/numerical_workplan/runs/N5A/boundary_N2000_P100_s43_tau1.2_lam0.358_lyap.npz,4031270,,"raw campaign output, kept in the local archive"
4_campaigns/numerical_workplan/runs/N5A/boundary_N2000_P100_s46_tau1.2_lam0.360_lyap.npz,4030960,,"raw campaign output, kept in the local archive"
4_campaigns/numerical_workplan/runs/N5A/boundary_N2000_P100_s44_tau1.2_lam0.360_lyap.npz,4026902,,"raw campaign output, kept in the local archive"
4_campaigns/numerical_workplan/runs/N5A/boundary_N2000_P100_s43_tau1.2_lam0.360_lyap.npz,4026111,,"raw campaign output, kept in the local archive"
4_campaigns/numerical_workplan/runs/N5A/boundary_N2000_P100_s45_tau1.3_lam0.358_lyap.npz,4025567,,"raw campaign output, kept in the local archive"
4_campaigns/numerical_workplan/runs/N5A/boundary_N2000_P100_s44_tau1.2_lam0.358_lyap.npz,4019452,,"raw campaign output, kept in the local archive"
4_campaigns/numerical_workplan/runs/N5A/boundary_N2000_P100_s45_tau1.2_lam0.358_lyap.npz,4018105,,"raw campaign output, kept in the local archive"
4_campaigns/numerical_workplan/runs/N5A/boundary_N2000_P100_s45_tau1.2_lam0.360_lyap.npz,4015729,,"raw campaign output, kept in the local archive"
4_campaigns/numerical_workplan/runs/N5A/boundary_N2000_P100_s45_tau1.4_lam0.358_lyap.npz,4012199,,"raw campaign output, kept in the local archive"
4_campaigns/numerical_workplan/runs/N5A/boundary_N2000_P100_s46_tau1_lam0.360_lyap.npz,4003289,,"raw campaign output, kept in the local archive"
4_campaigns/numerical_workplan/runs/N5A/boundary_N2000_P100_s46_tau1_lam0.358_lyap.npz,4001584,,"raw campaign output, kept in the local archive"
4_campaigns/numerical_workplan/runs/N5A/boundary_N2000_P100_s42_tau1_lam0.358_lyap.npz,4001475,,"raw campaign output, kept in the local archive"
4_campaigns/numerical_workplan/runs/N5A/boundary_N2000_P100_s42_tau1_lam0.360_lyap.npz,3999475,,"raw campaign output, kept in the local archive"
4_campaigns/numerical_workplan/runs/N5A/boundary_N2000_P100_s46_tau0.5_lam0.358_lyap.npz,3925824,,"raw campaign output, kept in the local archive"
4_campaigns/numerical_workplan/runs/N5A/boundary_N2000_P100_s46_tau0.5_lam0.360_lyap.npz,3925720,,"raw campaign output, kept in the local archive"
4_campaigns/numerical_workplan/runs/N5A/boundary_N2000_P100_s42_tau0.5_lam0.358_lyap.npz,3925567,,"raw campaign output, kept in the local archive"
4_campaigns/numerical_workplan/runs/N5A/boundary_N2000_P100_s42_tau0.5_lam0.360_lyap.npz,3923273,,"raw campaign output, kept in the local archive"
4_campaigns/numerical_workplan/runs/N5A/boundary_N2000_P100_s43_tau0.5_lam0.360_lyap.npz,3920949,,"raw campaign output, kept in the local archive"
4_campaigns/numerical_workplan/runs/N5A/boundary_N2000_P100_s45_tau0.5_lam0.358_lyap.npz,3906764,,"raw campaign output, kept in the local archive"
3_numerics/results/7_tau_implicite/data/E36A_reference_N2000_P100_K11_seed42/runs/lam1_coherent/coarse/chunks/chunk_00000.npz,3575860,,per-chunk raw output
3_numerics/results/7_tau_implicite/data/E36A_reference_N2000_P100_K11_seed42/runs/lam1_perturbed/coarse/chunks/chunk_00000.npz,3575860,,per-chunk raw output
3_numerics/results/7_tau_implicite/data/E36A_reference_N2000_P100_K11_seed42/runs/lam2_coherent/coarse/chunks/chunk_00000.npz,3575860,,per-chunk raw output
3_numerics/results/7_tau_implicite/data/E36A_reference_N2000_P100_K11_seed42/runs/lam2_coherent/fine/chunks/chunk_00000.npz,3575860,,per-chunk raw output
3_numerics/results/7_tau_implicite/data/E36A_reference_N2000_P100_K11_seed42/runs/lam2_perturbed/coarse/chunks/chunk_00000.npz,3575860,,per-chunk raw output
3_numerics/results/7_tau_implicite/data/E36A_reference_N2000_P100_K11_seed42/runs/lam2_perturbed/fine/chunks/chunk_00000.npz,3575860,,per-chunk raw output
3_numerics/results/7_tau_implicite/data/E36A_reference_N2000_P100_K11_seed42/runs/lam4_coherent/coarse/chunks/chunk_00000.npz,3575860,,per-chunk raw output
3_numerics/results/7_tau_implicite/data/E36A_reference_N2000_P100_K11_seed42/runs/lam4_coherent/fine/chunks/chunk_00000.npz,3575860,,per-chunk raw output
3_numerics/results/7_tau_implicite/data/E36A_reference_N2000_P100_K11_seed42/runs/lam4_perturbed/coarse/chunks/chunk_00000.npz,3575860,,per-chunk raw output
3_numerics/results/7_tau_implicite/data/E36A_reference_N2000_P100_K11_seed42/runs/lam4_perturbed/fine/chunks/chunk_00000.npz,3575860,,per-chunk raw output
3_numerics/results/7_tau_implicite/data/E36A_reference_N2000_P100_K11_seed42/runs/lam1_coherent/coarse/chunks/chunk_00001.npz,3558076,,per-chunk raw output
3_numerics/results/7_tau_implicite/data/E36A_reference_N2000_P100_K11_seed42/runs/lam1_coherent/coarse/chunks/chunk_00002.npz,3558076,,per-chunk raw output
3_numerics/results/7_tau_implicite/data/E36A_reference_N2000_P100_K11_seed42/runs/lam1_coherent/coarse/chunks/chunk_00003.npz,3558076,,per-chunk raw output
3_numerics/results/7_tau_implicite/data/E36A_reference_N2000_P100_K11_seed42/runs/lam1_coherent/coarse/chunks/chunk_00004.npz,3558076,,per-chunk raw output
3_numerics/results/7_tau_implicite/data/E36A_reference_N2000_P100_K11_seed42/runs/lam1_coherent/coarse/chunks/chunk_00005.npz,3558076,,per-chunk raw output
3_numerics/results/7_tau_implicite/data/E36A_reference_N2000_P100_K11_seed42/runs/lam1_coherent/coarse/chunks/chunk_00006.npz,3558076,,per-chunk raw output
3_numerics/results/7_tau_implicite/data/E36A_reference_N2000_P100_K11_seed42/runs/lam1_coherent/coarse/chunks/chunk_00007.npz,3558076,,per-chunk raw output
3_numerics/results/7_tau_implicite/data/E36A_reference_N2000_P100_K11_seed42/runs/lam1_coherent/coarse/chunks/chunk_00008.npz,3558076,,per-chunk raw output
3_numerics/results/7_tau_implicite/data/E36A_reference_N2000_P100_K11_seed42/runs/lam1_coherent/coarse/chunks/chunk_00009.npz,3558076,,per-chunk raw output
3_numerics/results/7_tau_implicite/data/E36A_reference_N2000_P100_K11_seed42/runs/lam1_coherent/coarse/chunks/chunk_00010.npz,3558076,,per-chunk raw output
3_numerics/results/7_tau_implicite/data/E36A_reference_N2000_P100_K11_seed42/runs/lam1_coherent/coarse/chunks/chunk_00011.npz,3558076,,per-chunk raw output
3_numerics/results/7_tau_implicite/data/E36A_reference_N2000_P100_K11_seed42/runs/lam1_coherent/coarse/chunks/chunk_00012.npz,3558076,,per-chunk raw output
3_numerics/results/7_tau_implicite/data/E36A_reference_N2000_P100_K11_seed42/runs/lam1_coherent/coarse/chunks/chunk_00013.npz,3558076,,per-chunk raw output
3_numerics/results/7_tau_implicite/data/E36A_reference_N2000_P100_K11_seed42/runs/lam1_coherent/coarse/chunks/chunk_00014.npz,3558076,,per-chunk raw output
3_numerics/results/7_tau_implicite/data/E36A_reference_N2000_P100_K11_seed42/runs/lam1_coherent/coarse/chunks/chunk_00015.npz,3558076,,per-chunk raw output
3_numerics/results/7_tau_implicite/data/E36A_reference_N2000_P100_K11_seed42/runs/lam1_coherent/coarse/chunks/chunk_00016.npz,3558076,,per-chunk raw output
3_numerics/results/7_tau_implicite/data/E36A_reference_N2000_P100_K11_seed42/runs/lam1_coherent/coarse/chunks/chunk_00017.npz,3558076,,per-chunk raw output
3_numerics/results/7_tau_implicite/data/E36A_reference_N2000_P100_K11_seed42/runs/lam1_coherent/coarse/chunks/chunk_00018.npz,3558076,,per-chunk raw output
3_numerics/results/7_tau_implicite/data/E36A_reference_N2000_P100_K11_seed42/runs/lam1_coherent/coarse/chunks/chunk_00019.npz,3558076,,per-chunk raw output
3_numerics/results/7_tau_implicite/data/E36A_reference_N2000_P100_K11_seed42/runs/lam1_perturbed/coarse/chunks/chunk_00001.npz,3558076,,per-chunk raw output
3_numerics/results/7_tau_implicite/data/E36A_reference_N2000_P100_K11_seed42/runs/lam1_perturbed/coarse/chunks/chunk_00002.npz,3558076,,per-chunk raw output
3_numerics/results/7_tau_implicite/data/E36A_reference_N2000_P100_K11_seed42/runs/lam1_perturbed/coarse/chunks/chunk_00003.npz,3558076,,per-chunk raw output
3_numerics/results/7_tau_implicite/data/E36A_reference_N2000_P100_K11_seed42/runs/lam1_perturbed/coarse/chunks/chunk_00004.npz,3558076,,per-chunk raw output
3_numerics/results/7_tau_implicite/data/E36A_reference_N2000_P100_K11_seed42/runs/lam1_perturbed/coarse/chunks/chunk_00005.npz,3558076,,per-chunk raw output
3_numerics/results/7_tau_implicite/data/E36A_reference_N2000_P100_K11_seed42/runs/lam1_perturbed/coarse/chunks/chunk_00006.npz,3558076,,per-chunk raw output
3_numerics/results/7_tau_implicite/data/E36A_reference_N2000_P100_K11_seed42/runs/lam1_perturbed/coarse/chunks/chunk_00007.npz,3558076,,per-chunk raw output
3_numerics/results/7_tau_implicite/data/E36A_reference_N2000_P100_K11_seed42/runs/lam1_perturbed/coarse/chunks/chunk_00008.npz,3558076,,per-chunk raw output
3_numerics/results/7_tau_implicite/data/E36A_reference_N2000_P100_K11_seed42/runs/lam1_perturbed/coarse/chunks/chunk_00009.npz,3558076,,per-chunk raw output
3_numerics/results/7_tau_implicite/data/E36A_reference_N2000_P100_K11_seed42/runs/lam1_perturbed/coarse/chunks/chunk_00010.npz,3558076,,per-chunk raw output
3_numerics/results/7_tau_implicite/data/E36A_reference_N2000_P100_K11_seed42/runs/lam1_perturbed/coarse/chunks/chunk_00011.npz,3558076,,per-chunk raw output
3_numerics/results/7_tau_implicite/data/E36A_reference_N2000_P100_K11_seed42/runs/lam1_perturbed/coarse/chunks/chunk_00012.npz,3558076,,per-chunk raw output
3_numerics/results/7_tau_implicite/data/E36A_reference_N2000_P100_K11_seed42/runs/lam1_perturbed/coarse/chunks/chunk_00013.npz,3558076,,per-chunk raw output
3_numerics/results/7_tau_implicite/data/E36A_reference_N2000_P100_K11_seed42/runs/lam1_perturbed/coarse/chunks/chunk_00014.npz,3558076,,per-chunk raw output
3_numerics/results/7_tau_implicite/data/E36A_reference_N2000_P100_K11_seed42/runs/lam1_perturbed/coarse/chunks/chunk_00015.npz,3558076,,per-chunk raw output
3_numerics/results/7_tau_implicite/data/E36A_reference_N2000_P100_K11_seed42/runs/lam1_perturbed/coarse/chunks/chunk_00016.npz,3558076,,per-chunk raw output
3_numerics/results/7_tau_implicite/data/E36A_reference_N2000_P100_K11_seed42/runs/lam1_perturbed/coarse/chunks/chunk_00017.npz,3558076,,per-chunk raw output
3_numerics/results/7_tau_implicite/data/E36A_reference_N2000_P100_K11_seed42/runs/lam1_perturbed/coarse/chunks/chunk_00018.npz,3558076,,per-chunk raw output
3_numerics/results/7_tau_implicite/data/E36A_reference_N2000_P100_K11_seed42/runs/lam1_perturbed/coarse/chunks/chunk_00019.npz,3558076,,per-chunk raw output
3_numerics/results/7_tau_implicite/data/E36A_reference_N2000_P100_K11_seed42/runs/lam2_coherent/coarse/chunks/chunk_00001.npz,3558076,,per-chunk raw output
3_numerics/results/7_tau_implicite/data/E36A_reference_N2000_P100_K11_seed42/runs/lam2_coherent/coarse/chunks/chunk_00002.npz,3558076,,per-chunk raw output
3_numerics/results/7_tau_implicite/data/E36A_reference_N2000_P100_K11_seed42/runs/lam2_coherent/coarse/chunks/chunk_00003.npz,3558076,,per-chunk raw output
3_numerics/results/7_tau_implicite/data/E36A_reference_N2000_P100_K11_seed42/runs/lam2_coherent/coarse/chunks/chunk_00004.npz,3558076,,per-chunk raw output
3_numerics/results/7_tau_implicite/data/E36A_reference_N2000_P100_K11_seed42/runs/lam2_coherent/coarse/chunks/chunk_00005.npz,3558076,,per-chunk raw output
3_numerics/results/7_tau_implicite/data/E36A_reference_N2000_P100_K11_seed42/runs/lam2_coherent/coarse/chunks/chunk_00006.npz,3558076,,per-chunk raw output
3_numerics/results/7_tau_implicite/data/E36A_reference_N2000_P100_K11_seed42/runs/lam2_coherent/coarse/chunks/chunk_00007.npz,3558076,,per-chunk raw output
3_numerics/results/7_tau_implicite/data/E36A_reference_N2000_P100_K11_seed42/runs/lam2_coherent/coarse/chunks/chunk_00008.npz,3558076,,per-chunk raw output
3_numerics/results/7_tau_implicite/data/E36A_reference_N2000_P100_K11_seed42/runs/lam2_coherent/coarse/chunks/chunk_00009.npz,3558076,,per-chunk raw output
3_numerics/results/7_tau_implicite/data/E36A_reference_N2000_P100_K11_seed42/runs/lam2_coherent/coarse/chunks/chunk_00010.npz,3558076,,per-chunk raw output
3_numerics/results/7_tau_implicite/data/E36A_reference_N2000_P100_K11_seed42/runs/lam2_coherent/coarse/chunks/chunk_00011.npz,3558076,,per-chunk raw output
3_numerics/results/7_tau_implicite/data/E36A_reference_N2000_P100_K11_seed42/runs/lam2_coherent/coarse/chunks/chunk_00012.npz,3558076,,per-chunk raw output
3_numerics/results/7_tau_implicite/data/E36A_reference_N2000_P100_K11_seed42/runs/lam2_coherent/coarse/chunks/chunk_00013.npz,3558076,,per-chunk raw output
3_numerics/results/7_tau_implicite/data/E36A_reference_N2000_P100_K11_seed42/runs/lam2_coherent/coarse/chunks/chunk_00014.npz,3558076,,per-chunk raw output
3_numerics/results/7_tau_implicite/data/E36A_reference_N2000_P100_K11_seed42/runs/lam2_coherent/coarse/chunks/chunk_00015.npz,3558076,,per-chunk raw output
3_numerics/results/7_tau_implicite/data/E36A_reference_N2000_P100_K11_seed42/runs/lam2_coherent/coarse/chunks/chunk_00016.npz,3558076,,per-chunk raw output
3_numerics/results/7_tau_implicite/data/E36A_reference_N2000_P100_K11_seed42/runs/lam2_coherent/coarse/chunks/chunk_00017.npz,3558076,,per-chunk raw output
3_numerics/results/7_tau_implicite/data/E36A_reference_N2000_P100_K11_seed42/runs/lam2_coherent/coarse/chunks/chunk_00018.npz,3558076,,per-chunk raw output
3_numerics/results/7_tau_implicite/data/E36A_reference_N2000_P100_K11_seed42/runs/lam2_coherent/coarse/chunks/chunk_00019.npz,3558076,,per-chunk raw output
3_numerics/results/7_tau_implicite/data/E36A_reference_N2000_P100_K11_seed42/runs/lam2_coherent/fine/chunks/chunk_00001.npz,3558076,,per-chunk raw output
3_numerics/results/7_tau_implicite/data/E36A_reference_N2000_P100_K11_seed42/runs/lam2_coherent/fine/chunks/chunk_00002.npz,3558076,,per-chunk raw output
3_numerics/results/7_tau_implicite/data/E36A_reference_N2000_P100_K11_seed42/runs/lam2_coherent/fine/chunks/chunk_00003.npz,3558076,,per-chunk raw output
3_numerics/results/7_tau_implicite/data/E36A_reference_N2000_P100_K11_seed42/runs/lam2_coherent/fine/chunks/chunk_00004.npz,3558076,,per-chunk raw output
3_numerics/results/7_tau_implicite/data/E36A_reference_N2000_P100_K11_seed42/runs/lam2_coherent/fine/chunks/chunk_00005.npz,3558076,,per-chunk raw output
3_numerics/results/7_tau_implicite/data/E36A_reference_N2000_P100_K11_seed42/runs/lam2_coherent/fine/chunks/chunk_00006.npz,3558076,,per-chunk raw output
3_numerics/results/7_tau_implicite/data/E36A_reference_N2000_P100_K11_seed42/runs/lam2_coherent/fine/chunks/chunk_00007.npz,3558076,,per-chunk raw output
3_numerics/results/7_tau_implicite/data/E36A_reference_N2000_P100_K11_seed42/runs/lam2_coherent/fine/chunks/chunk_00008.npz,3558076,,per-chunk raw output
3_numerics/results/7_tau_implicite/data/E36A_reference_N2000_P100_K11_seed42/runs/lam2_coherent/fine/chunks/chunk_00009.npz,3558076,,per-chunk raw output
3_numerics/results/7_tau_implicite/data/E36A_reference_N2000_P100_K11_seed42/runs/lam2_coherent/fine/chunks/chunk_00010.npz,3558076,,per-chunk raw output
3_numerics/results/7_tau_implicite/data/E36A_reference_N2000_P100_K11_seed42/runs/lam2_coherent/fine/chunks/chunk_00011.npz,3558076,,per-chunk raw output
3_numerics/results/7_tau_implicite/data/E36A_reference_N2000_P100_K11_seed42/runs/lam2_coherent/fine/chunks/chunk_00012.npz,3558076,,per-chunk raw output
3_numerics/results/7_tau_implicite/data/E36A_reference_N2000_P100_K11_seed42/runs/lam2_coherent/fine/chunks/chunk_00013.npz,3558076,,per-chunk raw output
3_numerics/results/7_tau_implicite/data/E36A_reference_N2000_P100_K11_seed42/runs/lam2_coherent/fine/chunks/chunk_00014.npz,3558076,,per-chunk raw output
3_numerics/results/7_tau_implicite/data/E36A_reference_N2000_P100_K11_seed42/runs/lam2_coherent/fine/chunks/chunk_00015.npz,3558076,,per-chunk raw output
3_numerics/results/7_tau_implicite/data/E36A_reference_N2000_P100_K11_seed42/runs/lam2_coherent/fine/chunks/chunk_00016.npz,3558076,,per-chunk raw output
3_numerics/results/7_tau_implicite/data/E36A_reference_N2000_P100_K11_seed42/runs/lam2_coherent/fine/chunks/chunk_00017.npz,3558076,,per-chunk raw output
3_numerics/results/7_tau_implicite/data/E36A_reference_N2000_P100_K11_seed42/runs/lam2_coherent/fine/chunks/chunk_00018.npz,3558076,,per-chunk raw output
3_numerics/results/7_tau_implicite/data/E36A_reference_N2000_P100_K11_seed42/runs/lam2_coherent/fine/chunks/chunk_00019.npz,3558076,,per-chunk raw output
3_numerics/results/7_tau_implicite/data/E36A_reference_N2000_P100_K11_seed42/runs/lam2_perturbed/coarse/chunks/chunk_00001.npz,3558076,,per-chunk raw output
3_numerics/results/7_tau_implicite/data/E36A_reference_N2000_P100_K11_seed42/runs/lam2_perturbed/coarse/chunks/chunk_00002.npz,3558076,,per-chunk raw output
3_numerics/results/7_tau_implicite/data/E36A_reference_N2000_P100_K11_seed42/runs/lam2_perturbed/coarse/chunks/chunk_00003.npz,3558076,,per-chunk raw output
3_numerics/results/7_tau_implicite/data/E36A_reference_N2000_P100_K11_seed42/runs/lam2_perturbed/coarse/chunks/chunk_00004.npz,3558076,,per-chunk raw output
3_numerics/results/7_tau_implicite/data/E36A_reference_N2000_P100_K11_seed42/runs/lam2_perturbed/coarse/chunks/chunk_00005.npz,3558076,,per-chunk raw output
3_numerics/results/7_tau_implicite/data/E36A_reference_N2000_P100_K11_seed42/runs/lam2_perturbed/coarse/chunks/chunk_00006.npz,3558076,,per-chunk raw output
3_numerics/results/7_tau_implicite/data/E36A_reference_N2000_P100_K11_seed42/runs/lam2_perturbed/coarse/chunks/chunk_00007.npz,3558076,,per-chunk raw output
3_numerics/results/7_tau_implicite/data/E36A_reference_N2000_P100_K11_seed42/runs/lam2_perturbed/coarse/chunks/chunk_00008.npz,3558076,,per-chunk raw output
3_numerics/results/7_tau_implicite/data/E36A_reference_N2000_P100_K11_seed42/runs/lam2_perturbed/coarse/chunks/chunk_00009.npz,3558076,,per-chunk raw output
3_numerics/results/7_tau_implicite/data/E36A_reference_N2000_P100_K11_seed42/runs/lam2_perturbed/coarse/chunks/chunk_00010.npz,3558076,,per-chunk raw output
3_numerics/results/7_tau_implicite/data/E36A_reference_N2000_P100_K11_seed42/runs/lam2_perturbed/coarse/chunks/chunk_00011.npz,3558076,,per-chunk raw output
3_numerics/results/7_tau_implicite/data/E36A_reference_N2000_P100_K11_seed42/runs/lam2_perturbed/coarse/chunks/chunk_00012.npz,3558076,,per-chunk raw output
3_numerics/results/7_tau_implicite/data/E36A_reference_N2000_P100_K11_seed42/runs/lam2_perturbed/coarse/chunks/chunk_00013.npz,3558076,,per-chunk raw output
3_numerics/results/7_tau_implicite/data/E36A_reference_N2000_P100_K11_seed42/runs/lam2_perturbed/coarse/chunks/chunk_00014.npz,3558076,,per-chunk raw output
3_numerics/results/7_tau_implicite/data/E36A_reference_N2000_P100_K11_seed42/runs/lam2_perturbed/coarse/chunks/chunk_00015.npz,3558076,,per-chunk raw output
3_numerics/results/7_tau_implicite/data/E36A_reference_N2000_P100_K11_seed42/runs/lam2_perturbed/coarse/chunks/chunk_00016.npz,3558076,,per-chunk raw output
3_numerics/results/7_tau_implicite/data/E36A_reference_N2000_P100_K11_seed42/runs/lam2_perturbed/coarse/chunks/chunk_00017.npz,3558076,,per-chunk raw output
3_numerics/results/7_tau_implicite/data/E36A_reference_N2000_P100_K11_seed42/runs/lam2_perturbed/coarse/chunks/chunk_00018.npz,3558076,,per-chunk raw output
3_numerics/results/7_tau_implicite/data/E36A_reference_N2000_P100_K11_seed42/runs/lam2_perturbed/coarse/chunks/chunk_00019.npz,3558076,,per-chunk raw output
3_numerics/results/7_tau_implicite/data/E36A_reference_N2000_P100_K11_seed42/runs/lam2_perturbed/fine/chunks/chunk_00001.npz,3558076,,per-chunk raw output
3_numerics/results/7_tau_implicite/data/E36A_reference_N2000_P100_K11_seed42/runs/lam2_perturbed/fine/chunks/chunk_00002.npz,3558076,,per-chunk raw output
3_numerics/results/7_tau_implicite/data/E36A_reference_N2000_P100_K11_seed42/runs/lam2_perturbed/fine/chunks/chunk_00003.npz,3558076,,per-chunk raw output
3_numerics/results/7_tau_implicite/data/E36A_reference_N2000_P100_K11_seed42/runs/lam2_perturbed/fine/chunks/chunk_00004.npz,3558076,,per-chunk raw output
3_numerics/results/7_tau_implicite/data/E36A_reference_N2000_P100_K11_seed42/runs/lam2_perturbed/fine/chunks/chunk_00005.npz,3558076,,per-chunk raw output
3_numerics/results/7_tau_implicite/data/E36A_reference_N2000_P100_K11_seed42/runs/lam2_perturbed/fine/chunks/chunk_00006.npz,3558076,,per-chunk raw output
3_numerics/results/7_tau_implicite/data/E36A_reference_N2000_P100_K11_seed42/runs/lam2_perturbed/fine/chunks/chunk_00007.npz,3558076,,per-chunk raw output
3_numerics/results/7_tau_implicite/data/E36A_reference_N2000_P100_K11_seed42/runs/lam2_perturbed/fine/chunks/chunk_00008.npz,3558076,,per-chunk raw output
3_numerics/results/7_tau_implicite/data/E36A_reference_N2000_P100_K11_seed42/runs/lam2_perturbed/fine/chunks/chunk_00009.npz,3558076,,per-chunk raw output
3_numerics/results/7_tau_implicite/data/E36A_reference_N2000_P100_K11_seed42/runs/lam2_perturbed/fine/chunks/chunk_00010.npz,3558076,,per-chunk raw output
3_numerics/results/7_tau_implicite/data/E36A_reference_N2000_P100_K11_seed42/runs/lam2_perturbed/fine/chunks/chunk_00011.npz,3558076,,per-chunk raw output
3_numerics/results/7_tau_implicite/data/E36A_reference_N2000_P100_K11_seed42/runs/lam2_perturbed/fine/chunks/chunk_00012.npz,3558076,,per-chunk raw output
3_numerics/results/7_tau_implicite/data/E36A_reference_N2000_P100_K11_seed42/runs/lam2_perturbed/fine/chunks/chunk_00013.npz,3558076,,per-chunk raw output
3_numerics/results/7_tau_implicite/data/E36A_reference_N2000_P100_K11_seed42/runs/lam2_perturbed/fine/chunks/chunk_00014.npz,3558076,,per-chunk raw output
3_numerics/results/7_tau_implicite/data/E36A_reference_N2000_P100_K11_seed42/runs/lam2_perturbed/fine/chunks/chunk_00015.npz,3558076,,per-chunk raw output
3_numerics/results/7_tau_implicite/data/E36A_reference_N2000_P100_K11_seed42/runs/lam2_perturbed/fine/chunks/chunk_00016.npz,3558076,,per-chunk raw output
3_numerics/results/7_tau_implicite/data/E36A_reference_N2000_P100_K11_seed42/runs/lam2_perturbed/fine/chunks/chunk_00017.npz,3558076,,per-chunk raw output
3_numerics/results/7_tau_implicite/data/E36A_reference_N2000_P100_K11_seed42/runs/lam2_perturbed/fine/chunks/chunk_00018.npz,3558076,,per-chunk raw output
3_numerics/results/7_tau_implicite/data/E36A_reference_N2000_P100_K11_seed42/runs/lam2_perturbed/fine/chunks/chunk_00019.npz,3558076,,per-chunk raw output
3_numerics/results/7_tau_implicite/data/E36A_reference_N2000_P100_K11_seed42/runs/lam4_coherent/coarse/chunks/chunk_00001.npz,3558076,,per-chunk raw output
3_numerics/results/7_tau_implicite/data/E36A_reference_N2000_P100_K11_seed42/runs/lam4_coherent/coarse/chunks/chunk_00002.npz,3558076,,per-chunk raw output
3_numerics/results/7_tau_implicite/data/E36A_reference_N2000_P100_K11_seed42/runs/lam4_coherent/coarse/chunks/chunk_00003.npz,3558076,,per-chunk raw output
3_numerics/results/7_tau_implicite/data/E36A_reference_N2000_P100_K11_seed42/runs/lam4_coherent/coarse/chunks/chunk_00004.npz,3558076,,per-chunk raw output
3_numerics/results/7_tau_implicite/data/E36A_reference_N2000_P100_K11_seed42/runs/lam4_coherent/coarse/chunks/chunk_00005.npz,3558076,,per-chunk raw output
3_numerics/results/7_tau_implicite/data/E36A_reference_N2000_P100_K11_seed42/runs/lam4_coherent/coarse/chunks/chunk_00006.npz,3558076,,per-chunk raw output
3_numerics/results/7_tau_implicite/data/E36A_reference_N2000_P100_K11_seed42/runs/lam4_coherent/coarse/chunks/chunk_00007.npz,3558076,,per-chunk raw output
3_numerics/results/7_tau_implicite/data/E36A_reference_N2000_P100_K11_seed42/runs/lam4_coherent/coarse/chunks/chunk_00008.npz,3558076,,per-chunk raw output
3_numerics/results/7_tau_implicite/data/E36A_reference_N2000_P100_K11_seed42/runs/lam4_coherent/coarse/chunks/chunk_00009.npz,3558076,,per-chunk raw output
3_numerics/results/7_tau_implicite/data/E36A_reference_N2000_P100_K11_seed42/runs/lam4_coherent/coarse/chunks/chunk_00010.npz,3558076,,per-chunk raw output
3_numerics/results/7_tau_implicite/data/E36A_reference_N2000_P100_K11_seed42/runs/lam4_coherent/coarse/chunks/chunk_00011.npz,3558076,,per-chunk raw output
3_numerics/results/7_tau_implicite/data/E36A_reference_N2000_P100_K11_seed42/runs/lam4_coherent/coarse/chunks/chunk_00012.npz,3558076,,per-chunk raw output
3_numerics/results/7_tau_implicite/data/E36A_reference_N2000_P100_K11_seed42/runs/lam4_coherent/coarse/chunks/chunk_00013.npz,3558076,,per-chunk raw output
3_numerics/results/7_tau_implicite/data/E36A_reference_N2000_P100_K11_seed42/runs/lam4_coherent/coarse/chunks/chunk_00014.npz,3558076,,per-chunk raw output
3_numerics/results/7_tau_implicite/data/E36A_reference_N2000_P100_K11_seed42/runs/lam4_coherent/coarse/chunks/chunk_00015.npz,3558076,,per-chunk raw output
3_numerics/results/7_tau_implicite/data/E36A_reference_N2000_P100_K11_seed42/runs/lam4_coherent/coarse/chunks/chunk_00016.npz,3558076,,per-chunk raw output
3_numerics/results/7_tau_implicite/data/E36A_reference_N2000_P100_K11_seed42/runs/lam4_coherent/coarse/chunks/chunk_00017.npz,3558076,,per-chunk raw output
3_numerics/results/7_tau_implicite/data/E36A_reference_N2000_P100_K11_seed42/runs/lam4_coherent/coarse/chunks/chunk_00018.npz,3558076,,per-chunk raw output
3_numerics/results/7_tau_implicite/data/E36A_reference_N2000_P100_K11_seed42/runs/lam4_coherent/coarse/chunks/chunk_00019.npz,3558076,,per-chunk raw output
3_numerics/results/7_tau_implicite/data/E36A_reference_N2000_P100_K11_seed42/runs/lam4_coherent/fine/chunks/chunk_00001.npz,3558076,,per-chunk raw output
3_numerics/results/7_tau_implicite/data/E36A_reference_N2000_P100_K11_seed42/runs/lam4_coherent/fine/chunks/chunk_00002.npz,3558076,,per-chunk raw output
3_numerics/results/7_tau_implicite/data/E36A_reference_N2000_P100_K11_seed42/runs/lam4_coherent/fine/chunks/chunk_00003.npz,3558076,,per-chunk raw output
3_numerics/results/7_tau_implicite/data/E36A_reference_N2000_P100_K11_seed42/runs/lam4_coherent/fine/chunks/chunk_00004.npz,3558076,,per-chunk raw output
3_numerics/results/7_tau_implicite/data/E36A_reference_N2000_P100_K11_seed42/runs/lam4_coherent/fine/chunks/chunk_00005.npz,3558076,,per-chunk raw output
3_numerics/results/7_tau_implicite/data/E36A_reference_N2000_P100_K11_seed42/runs/lam4_coherent/fine/chunks/chunk_00006.npz,3558076,,per-chunk raw output
3_numerics/results/7_tau_implicite/data/E36A_reference_N2000_P100_K11_seed42/runs/lam4_coherent/fine/chunks/chunk_00007.npz,3558076,,per-chunk raw output
3_numerics/results/7_tau_implicite/data/E36A_reference_N2000_P100_K11_seed42/runs/lam4_coherent/fine/chunks/chunk_00008.npz,3558076,,per-chunk raw output
3_numerics/results/7_tau_implicite/data/E36A_reference_N2000_P100_K11_seed42/runs/lam4_coherent/fine/chunks/chunk_00009.npz,3558076,,per-chunk raw output
3_numerics/results/7_tau_implicite/data/E36A_reference_N2000_P100_K11_seed42/runs/lam4_coherent/fine/chunks/chunk_00010.npz,3558076,,per-chunk raw output
3_numerics/results/7_tau_implicite/data/E36A_reference_N2000_P100_K11_seed42/runs/lam4_coherent/fine/chunks/chunk_00011.npz,3558076,,per-chunk raw output
3_numerics/results/7_tau_implicite/data/E36A_reference_N2000_P100_K11_seed42/runs/lam4_coherent/fine/chunks/chunk_00012.npz,3558076,,per-chunk raw output
3_numerics/results/7_tau_implicite/data/E36A_reference_N2000_P100_K11_seed42/runs/lam4_coherent/fine/chunks/chunk_00013.npz,3558076,,per-chunk raw output
3_numerics/results/7_tau_implicite/data/E36A_reference_N2000_P100_K11_seed42/runs/lam4_coherent/fine/chunks/chunk_00014.npz,3558076,,per-chunk raw output
3_numerics/results/7_tau_implicite/data/E36A_reference_N2000_P100_K11_seed42/runs/lam4_coherent/fine/chunks/chunk_00015.npz,3558076,,per-chunk raw output
3_numerics/results/7_tau_implicite/data/E36A_reference_N2000_P100_K11_seed42/runs/lam4_coherent/fine/chunks/chunk_00016.npz,3558076,,per-chunk raw output
3_numerics/results/7_tau_implicite/data/E36A_reference_N2000_P100_K11_seed42/runs/lam4_coherent/fine/chunks/chunk_00017.npz,3558076,,per-chunk raw output
3_numerics/results/7_tau_implicite/data/E36A_reference_N2000_P100_K11_seed42/runs/lam4_coherent/fine/chunks/chunk_00018.npz,3558076,,per-chunk raw output
3_numerics/results/7_tau_implicite/data/E36A_reference_N2000_P100_K11_seed42/runs/lam4_coherent/fine/chunks/chunk_00019.npz,3558076,,per-chunk raw output
3_numerics/results/7_tau_implicite/data/E36A_reference_N2000_P100_K11_seed42/runs/lam4_perturbed/coarse/chunks/chunk_00001.npz,3558076,,per-chunk raw output
3_numerics/results/7_tau_implicite/data/E36A_reference_N2000_P100_K11_seed42/runs/lam4_perturbed/coarse/chunks/chunk_00002.npz,3558076,,per-chunk raw output
3_numerics/results/7_tau_implicite/data/E36A_reference_N2000_P100_K11_seed42/runs/lam4_perturbed/coarse/chunks/chunk_00003.npz,3558076,,per-chunk raw output
3_numerics/results/7_tau_implicite/data/E36A_reference_N2000_P100_K11_seed42/runs/lam4_perturbed/coarse/chunks/chunk_00004.npz,3558076,,per-chunk raw output
3_numerics/results/7_tau_implicite/data/E36A_reference_N2000_P100_K11_seed42/runs/lam4_perturbed/coarse/chunks/chunk_00005.npz,3558076,,per-chunk raw output
3_numerics/results/7_tau_implicite/data/E36A_reference_N2000_P100_K11_seed42/runs/lam4_perturbed/coarse/chunks/chunk_00006.npz,3558076,,per-chunk raw output
3_numerics/results/7_tau_implicite/data/E36A_reference_N2000_P100_K11_seed42/runs/lam4_perturbed/coarse/chunks/chunk_00007.npz,3558076,,per-chunk raw output
3_numerics/results/7_tau_implicite/data/E36A_reference_N2000_P100_K11_seed42/runs/lam4_perturbed/coarse/chunks/chunk_00008.npz,3558076,,per-chunk raw output
3_numerics/results/7_tau_implicite/data/E36A_reference_N2000_P100_K11_seed42/runs/lam4_perturbed/coarse/chunks/chunk_00009.npz,3558076,,per-chunk raw output
3_numerics/results/7_tau_implicite/data/E36A_reference_N2000_P100_K11_seed42/runs/lam4_perturbed/coarse/chunks/chunk_00010.npz,3558076,,per-chunk raw output
3_numerics/results/7_tau_implicite/data/E36A_reference_N2000_P100_K11_seed42/runs/lam4_perturbed/coarse/chunks/chunk_00011.npz,3558076,,per-chunk raw output
3_numerics/results/7_tau_implicite/data/E36A_reference_N2000_P100_K11_seed42/runs/lam4_perturbed/coarse/chunks/chunk_00012.npz,3558076,,per-chunk raw output
3_numerics/results/7_tau_implicite/data/E36A_reference_N2000_P100_K11_seed42/runs/lam4_perturbed/coarse/chunks/chunk_00013.npz,3558076,,per-chunk raw output
3_numerics/results/7_tau_implicite/data/E36A_reference_N2000_P100_K11_seed42/runs/lam4_perturbed/coarse/chunks/chunk_00014.npz,3558076,,per-chunk raw output
3_numerics/results/7_tau_implicite/data/E36A_reference_N2000_P100_K11_seed42/runs/lam4_perturbed/coarse/chunks/chunk_00015.npz,3558076,,per-chunk raw output
3_numerics/results/7_tau_implicite/data/E36A_reference_N2000_P100_K11_seed42/runs/lam4_perturbed/coarse/chunks/chunk_00016.npz,3558076,,per-chunk raw output
3_numerics/results/7_tau_implicite/data/E36A_reference_N2000_P100_K11_seed42/runs/lam4_perturbed/coarse/chunks/chunk_00017.npz,3558076,,per-chunk raw output
3_numerics/results/7_tau_implicite/data/E36A_reference_N2000_P100_K11_seed42/runs/lam4_perturbed/coarse/chunks/chunk_00018.npz,3558076,,per-chunk raw output
3_numerics/results/7_tau_implicite/data/E36A_reference_N2000_P100_K11_seed42/runs/lam4_perturbed/coarse/chunks/chunk_00019.npz,3558076,,per-chunk raw output
3_numerics/results/7_tau_implicite/data/E36A_reference_N2000_P100_K11_seed42/runs/lam4_perturbed/fine/chunks/chunk_00001.npz,3558076,,per-chunk raw output
3_numerics/results/7_tau_implicite/data/E36A_reference_N2000_P100_K11_seed42/runs/lam4_perturbed/fine/chunks/chunk_00002.npz,3558076,,per-chunk raw output
3_numerics/results/7_tau_implicite/data/E36A_reference_N2000_P100_K11_seed42/runs/lam4_perturbed/fine/chunks/chunk_00003.npz,3558076,,per-chunk raw output
3_numerics/results/7_tau_implicite/data/E36A_reference_N2000_P100_K11_seed42/runs/lam4_perturbed/fine/chunks/chunk_00004.npz,3558076,,per-chunk raw output
3_numerics/results/7_tau_implicite/data/E36A_reference_N2000_P100_K11_seed42/runs/lam4_perturbed/fine/chunks/chunk_00005.npz,3558076,,per-chunk raw output
3_numerics/results/7_tau_implicite/data/E36A_reference_N2000_P100_K11_seed42/runs/lam4_perturbed/fine/chunks/chunk_00006.npz,3558076,,per-chunk raw output
3_numerics/results/7_tau_implicite/data/E36A_reference_N2000_P100_K11_seed42/runs/lam4_perturbed/fine/chunks/chunk_00007.npz,3558076,,per-chunk raw output
3_numerics/results/7_tau_implicite/data/E36A_reference_N2000_P100_K11_seed42/runs/lam4_perturbed/fine/chunks/chunk_00008.npz,3558076,,per-chunk raw output
3_numerics/results/7_tau_implicite/data/E36A_reference_N2000_P100_K11_seed42/runs/lam4_perturbed/fine/chunks/chunk_00009.npz,3558076,,per-chunk raw output
3_numerics/results/7_tau_implicite/data/E36A_reference_N2000_P100_K11_seed42/runs/lam4_perturbed/fine/chunks/chunk_00010.npz,3558076,,per-chunk raw output
3_numerics/results/7_tau_implicite/data/E36A_reference_N2000_P100_K11_seed42/runs/lam4_perturbed/fine/chunks/chunk_00011.npz,3558076,,per-chunk raw output
3_numerics/results/7_tau_implicite/data/E36A_reference_N2000_P100_K11_seed42/runs/lam4_perturbed/fine/chunks/chunk_00012.npz,3558076,,per-chunk raw output
3_numerics/results/7_tau_implicite/data/E36A_reference_N2000_P100_K11_seed42/runs/lam4_perturbed/fine/chunks/chunk_00013.npz,3558076,,per-chunk raw output
3_numerics/results/7_tau_implicite/data/E36A_reference_N2000_P100_K11_seed42/runs/lam4_perturbed/fine/chunks/chunk_00014.npz,3558076,,per-chunk raw output
3_numerics/results/7_tau_implicite/data/E36A_reference_N2000_P100_K11_seed42/runs/lam4_perturbed/fine/chunks/chunk_00015.npz,3558076,,per-chunk raw output
3_numerics/results/7_tau_implicite/data/E36A_reference_N2000_P100_K11_seed42/runs/lam4_perturbed/fine/chunks/chunk_00016.npz,3558076,,per-chunk raw output
3_numerics/results/7_tau_implicite/data/E36A_reference_N2000_P100_K11_seed42/runs/lam4_perturbed/fine/chunks/chunk_00017.npz,3558076,,per-chunk raw output
3_numerics/results/7_tau_implicite/data/E36A_reference_N2000_P100_K11_seed42/runs/lam4_perturbed/fine/chunks/chunk_00018.npz,3558076,,per-chunk raw output
3_numerics/results/7_tau_implicite/data/E36A_reference_N2000_P100_K11_seed42/runs/lam4_perturbed/fine/chunks/chunk_00019.npz,3558076,,per-chunk raw output
4_campaigns/numerical_workplan/runs/N2/dynamic_N2000_P100_s42_d0p001_dt0p01_smoke.npz,3072931,,"raw campaign output, kept in the local archive"
4_campaigns/numerical_workplan/runs/N2/dynamic_N2000_P100_s42_d0p01_dt0p01_smoke.npz,3072889,,"raw campaign output, kept in the local archive"
4_campaigns/numerical_workplan/runs/N1_AUDIT/points/N2000_P100_s61_ascending_lam0p32503470_dt0p005_tours5.npz,3058800,,"raw campaign output, kept in the local archive"
4_campaigns/numerical_workplan/runs/N1_AUDIT/points/N2000_P100_s48_descending_lam0p33287438_dt0p005_tours5.npz,3058538,,"raw campaign output, kept in the local archive"
4_campaigns/numerical_workplan/runs/N1_AUDIT/points/N2000_P100_s48_descending_lam0p33251628_dt0p005_tours5.npz,3057321,,"raw campaign output, kept in the local archive"
4_campaigns/numerical_workplan/runs/N1_AUDIT/points/N2000_P100_s42_ascending_lam0p32790625_dt0p005_tours5.npz,3057237,,"raw campaign output, kept in the local archive"
4_campaigns/numerical_workplan/runs/N1_AUDIT/points/N2000_P100_s48_ascending_lam0p33269533_dt0p005_tours5.npz,3056569,,"raw campaign output, kept in the local archive"
4_campaigns/numerical_workplan/runs/N1_AUDIT/points/N2000_P100_s44_descending_lam0p33978572_dt0p005_tours5.npz,3056047,,"raw campaign output, kept in the local archive"
4_campaigns/numerical_workplan/runs/N1_AUDIT/points/N2000_P100_s44_ascending_lam0p34050000_dt0p005_tours5.npz,3056005,,"raw campaign output, kept in the local archive"
4_campaigns/numerical_workplan/runs/N1_AUDIT/points/N2000_P100_s48_ascending_lam0p33359060_dt0p005_tours5.npz,3055837,,"raw campaign output, kept in the local archive"
4_campaigns/numerical_workplan/runs/N1_AUDIT/points/N2000_P100_s48_descending_lam0p33359060_dt0p005_tours5.npz,3055337,,"raw campaign output, kept in the local archive"
4_campaigns/numerical_workplan/runs/N1_AUDIT/points/N2000_P100_s61_descending_lam0p32601848_dt0p005_tours5.npz,3052205,,"raw campaign output, kept in the local archive"
4_campaigns/numerical_workplan/runs/N1_AUDIT/points/N2000_P100_s44_descending_lam0p33933929_dt0p005_tours5.npz,3051712,,"raw campaign output, kept in the local archive"
4_campaigns/numerical_workplan/runs/N1_AUDIT/points/N2000_P100_s42_descending_lam0p32875000_dt0p005_tours5.npz,3051437,,"raw campaign output, kept in the local archive"
4_campaigns/numerical_workplan/runs/N1_AUDIT/points/N2000_P100_s42_descending_lam0p32790625_dt0p005_tours5.npz,3050828,,"raw campaign output, kept in the local archive"
4_campaigns/numerical_workplan/runs/N1_AUDIT/points/N2000_P100_s42_descending_lam0p32818750_dt0p005_tours5.npz,3050053,,"raw campaign output, kept in the local archive"
4_campaigns/numerical_workplan/runs/N1_AUDIT/points/N2000_P100_s42_descending_lam0p32776562_dt0p005_tours5.npz,3049769,,"raw campaign output, kept in the local archive"
4_campaigns/numerical_workplan/runs/N1_AUDIT/points/N2000_P100_s44_descending_lam0p33942857_dt0p005_tours5.npz,3046826,,"raw campaign output, kept in the local archive"
4_campaigns/numerical_workplan/runs/N1_AUDIT/points/N2000_P100_s61_descending_lam0p32460184_dt0p005_tours5.npz,3045986,,"raw campaign output, kept in the local archive"
4_campaigns/numerical_workplan/runs/N1_AUDIT/points/N2000_P100_s44_descending_lam0p34050000_dt0p005_tours5.npz,3045753,,"raw campaign output, kept in the local archive"
4_campaigns/numerical_workplan/runs/N1_AUDIT/points/N2000_P100_s48_descending_lam0p33233722_dt0p005_tours5.npz,3044610,,"raw campaign output, kept in the local archive"
4_campaigns/numerical_workplan/runs/N1_AUDIT/points/N2000_P100_s42_ascending_lam0p32875000_dt0p005_tours5.npz,3044515,,"raw campaign output, kept in the local archive"
4_campaigns/numerical_workplan/runs/N1_AUDIT/points/N2000_P100_s42_descending_lam0p32766016_dt0p005_tours5.npz,3044189,,"raw campaign output, kept in the local archive"
3_numerics/results/2_cycle_rappel_snic/data/E34/E34_cycle_uniqueness_lam0.350000_C6_20260731T003221.npz,3043581,,raw output above the repository size ceiling
3_numerics/results/2_cycle_rappel_snic/data/E34/E34_cycle_uniqueness_lam0.350000_C1_20260731T003221.npz,3043521,,raw output above the repository size ceiling
3_numerics/results/2_cycle_rappel_snic/data/E34/E34_cycle_uniqueness_lam0.350000_C2_20260731T003221.npz,3043484,,raw output above the repository size ceiling
3_numerics/results/2_cycle_rappel_snic/data/E34/E34_cycle_uniqueness_lam0.350000_C3_20260731T003221.npz,3043451,,raw output above the repository size ceiling
4_campaigns/numerical_workplan/runs/N1_AUDIT/points/N2000_P100_s61_ascending_lam0p32538886_dt0p005_tours5.npz,3041566,,"raw campaign output, kept in the local archive"
4_campaigns/numerical_workplan/runs/N1_AUDIT/points/N2000_P100_s42_ascending_lam0p32776562_dt0p005_tours5.npz,3038674,,"raw campaign output, kept in the local archive"
4_campaigns/numerical_workplan/runs/N1_AUDIT/points/N2000_P100_s61_descending_lam0p32475924_dt0p005_tours5.npz,3035684,,"raw campaign output, kept in the local archive"
4_campaigns/numerical_workplan/runs/N1_AUDIT/points/N2000_P100_s61_ascending_lam0p32601848_dt0p005_tours5.npz,3033843,,"raw campaign output, kept in the local archive"
4_campaigns/numerical_workplan/runs/N1_AUDIT/points/N2000_P100_s42_descending_lam0p32769531_dt0p005_tours5.npz,3018607,,"raw campaign output, kept in the local archive"
4_campaigns/numerical_workplan/runs/N1_AUDIT/points/N2000_P100_s61_ascending_lam0p32507405_dt0p005_tours5.npz,2926183,,"raw campaign output, kept in the local archive"
4_campaigns/numerical_workplan/runs/N1_AUDIT/points/N2000_P100_s42_ascending_lam0p32818750_dt0p005_tours5.npz,2912673,,"raw campaign output, kept in the local archive"
3_numerics/results/2_cycle_rappel_snic/data/E34/E34_cycle_uniqueness_lam0.350000_C5_20260731T003221.npz,2864327,,raw output above the repository size ceiling
3_numerics/results/2_cycle_rappel_snic/data/E34/E34_cycle_uniqueness_lam0.350000_C4_20260731T003221.npz,2864186,,raw output above the repository size ceiling
4_campaigns/numerical_workplan/runs/N2/dynamic_s42_d0p01_dt0p01.npz,2854401,,"raw campaign output, kept in the local archive"
4_campaigns/numerical_workplan/runs/N1_AUDIT/points/N2000_P100_s48_ascending_lam0p33260580_dt0p005_tours5.npz,2833928,,"raw campaign output, kept in the local archive"
4_campaigns/numerical_workplan/runs/N1_AUDIT/points/N2000_P100_s48_ascending_lam0p33287438_dt0p005_tours5.npz,2833787,,"raw campaign output, kept in the local archive"
4_campaigns/numerical_workplan/runs/N1_AUDIT/points/N2000_P100_s44_ascending_lam0p33978572_dt0p005_tours5.npz,2804999,,"raw campaign output, kept in the local archive"
4_campaigns/numerical_workplan/runs/N1_AUDIT/points/N2000_P100_s44_ascending_lam0p33933929_dt0p005_tours5.npz,2712324,,"raw campaign output, kept in the local archive"
4_campaigns/numerical_workplan/runs/N5A/boundary_N2000_P100_s42_tau10_lam0.346.npz,2691421,,"raw campaign output, kept in the local archive"
4_campaigns/numerical_workplan/runs/N5A/boundary_N2000_P100_s44_tau10_lam0.352.npz,2691401,,"raw campaign output, kept in the local archive"
4_campaigns/numerical_workplan/runs/N5A/boundary_N2000_P100_s45_tau10_lam0.354.npz,2691321,,"raw campaign output, kept in the local archive"
4_campaigns/numerical_workplan/runs/N5A/boundary_N2000_P100_s45_tau10_lam0.358.npz,2691247,,"raw campaign output, kept in the local archive"
4_campaigns/numerical_workplan/runs/N5A/boundary_N2000_P100_s43_tau10_lam0.360.npz,2691115,,"raw campaign output, kept in the local archive"
4_campaigns/numerical_workplan/runs/N5A/boundary_N2000_P100_s43_tau10_lam0.330.npz,2690902,,"raw campaign output, kept in the local archive"
4_campaigns/numerical_workplan/runs/N5A/boundary_N2000_P100_s44_tau10_lam0.346.npz,2690821,,"raw campaign output, kept in the local archive"
4_campaigns/numerical_workplan/runs/N8/trajectory_N2000_a0p05_lam0p35_s44.npz,2690809,,"raw campaign output, kept in the local archive"
4_campaigns/numerical_workplan/runs/N5A/boundary_N2000_P100_s46_tau10_lam0.350.npz,2690580,,"raw campaign output, kept in the local archive"
4_campaigns/numerical_workplan/runs/N5A/boundary_N2000_P100_s46_tau10_lam0.344.npz,2690527,,"raw campaign output, kept in the local archive"
4_campaigns/numerical_workplan/runs/N5A/boundary_N2000_P100_s42_tau10_lam0.348.npz,2690423,,"raw campaign output, kept in the local archive"
4_campaigns/numerical_workplan/runs/N5A/boundary_N2000_P100_s42_tau10_lam0.344.npz,2690386,,"raw campaign output, kept in the local archive"
4_campaigns/numerical_workplan/runs/N8/trajectory_N2000_a0p05_lam0p35_s42.npz,2690202,,"raw campaign output, kept in the local archive"
4_campaigns/numerical_workplan/runs/N5A/boundary_N2000_P100_s43_tau10_lam0.338.npz,2690177,,"raw campaign output, kept in the local archive"
4_campaigns/numerical_workplan/runs/N5A/boundary_N2000_P100_s45_tau10_lam0.346.npz,2689799,,"raw campaign output, kept in the local archive"
4_campaigns/numerical_workplan/runs/N8/trajectory_N2000_a0p05_lam0p40_s43.npz,2689760,,"raw campaign output, kept in the local archive"
4_campaigns/numerical_workplan/runs/N8/trajectory_N2000_a0p05_lam0p35_s43.npz,2689753,,"raw campaign output, kept in the local archive"
4_campaigns/numerical_workplan/runs/N5A/boundary_N2000_P100_s43_tau10_lam0.336.npz,2689690,,"raw campaign output, kept in the local archive"
4_campaigns/numerical_workplan/runs/N5A/boundary_N2000_P100_s43_tau10_lam0.328.npz,2689676,,"raw campaign output, kept in the local archive"
4_campaigns/numerical_workplan/runs/N5A/boundary_N2000_P100_s42_tau10_lam0.336.npz,2689660,,"raw campaign output, kept in the local archive"
4_campaigns/numerical_workplan/runs/N5A/boundary_N2000_P100_s44_tau10_lam0.344.npz,2689534,,"raw campaign output, kept in the local archive"
4_campaigns/numerical_workplan/runs/N5A/boundary_N2000_P100_s42_tau10_lam0.342.npz,2689061,,"raw campaign output, kept in the local archive"
4_campaigns/numerical_workplan/runs/N5A/boundary_N2000_P100_s42_tau10_lam0.326.npz,2688945,,"raw campaign output, kept in the local archive"
4_campaigns/numerical_workplan/runs/N5A/boundary_N2000_P100_s43_tau10_lam0.352.npz,2688929,,"raw campaign output, kept in the local archive"
4_campaigns/numerical_workplan/runs/N5A/boundary_N2000_P100_s46_tau10_lam0.352.npz,2688926,,"raw campaign output, kept in the local archive"
4_campaigns/numerical_workplan/runs/N5A/boundary_N2000_P100_s46_tau10_lam0.342.npz,2688916,,"raw campaign output, kept in the local archive"
4_campaigns/numerical_workplan/runs/N5A/boundary_N2000_P100_s46_tau10_lam0.336.npz,2688816,,"raw campaign output, kept in the local archive"
4_campaigns/numerical_workplan/runs/N5A/boundary_N2000_P100_s43_tau10_lam0.354.npz,2688278,,"raw campaign output, kept in the local archive"
4_campaigns/numerical_workplan/runs/N5A/boundary_N2000_P100_s45_tau10_lam0.324.npz,2688147,,"raw campaign output, kept in the local archive"
4_campaigns/numerical_workplan/runs/N8/trajectory_N2000_a0p05_lam0p35_s46.npz,2688080,,"raw campaign output, kept in the local archive"
4_campaigns/numerical_workplan/runs/N5A/boundary_N2000_P100_s42_tau10_lam0.328.npz,2687949,,"raw campaign output, kept in the local archive"
4_campaigns/numerical_workplan/runs/N5A/boundary_N2000_P100_s43_tau10_lam0.340.npz,2687887,,"raw campaign output, kept in the local archive"
4_campaigns/numerical_workplan/runs/N5A/boundary_N2000_P100_s43_tau10_lam0.322.npz,2687870,,"raw campaign output, kept in the local archive"
4_campaigns/numerical_workplan/runs/N5A/boundary_N2000_P100_s46_tau10_lam0.360.npz,2687825,,"raw campaign output, kept in the local archive"
4_campaigns/numerical_workplan/runs/N5A/boundary_N2000_P100_s44_tau10_lam0.358.npz,2687765,,"raw campaign output, kept in the local archive"
4_campaigns/numerical_workplan/runs/N8/trajectory_N2000_a0p05_lam0p35_s45.npz,2687721,,"raw campaign output, kept in the local archive"
4_campaigns/numerical_workplan/runs/N5A/boundary_N2000_P100_s45_tau10_lam0.330.npz,2687405,,"raw campaign output, kept in the local archive"
4_campaigns/numerical_workplan/runs/N5A/boundary_N2000_P100_s45_tau10_lam0.338.npz,2687374,,"raw campaign output, kept in the local archive"
4_campaigns/numerical_workplan/runs/N5A/boundary_N2000_P100_s44_tau10_lam0.342.npz,2687281,,"raw campaign output, kept in the local archive"
4_campaigns/numerical_workplan/runs/N5A/boundary_N2000_P100_s42_tau10_lam0.330.npz,2687235,,"raw campaign output, kept in the local archive"
4_campaigns/numerical_workplan/runs/N5A/boundary_N2000_P100_s43_tau10_lam0.324.npz,2687232,,"raw campaign output, kept in the local archive"
4_campaigns/numerical_workplan/runs/N5A/boundary_N2000_P100_s42_tau10_lam0.350.npz,2687209,,"raw campaign output, kept in the local archive"
4_campaigns/numerical_workplan/runs/N5A/boundary_N2000_P100_s45_tau10_lam0.348.npz,2687188,,"raw campaign output, kept in the local archive"
4_campaigns/numerical_workplan/runs/N5A/boundary_N2000_P100_s44_tau10_lam0.338.npz,2687074,,"raw campaign output, kept in the local archive"
4_campaigns/numerical_workplan/runs/N5A/boundary_N2000_P100_s42_tau10_lam0.360.npz,2687057,,"raw campaign output, kept in the local archive"
4_campaigns/numerical_workplan/runs/N5A/boundary_N2000_P100_s46_tau10_lam0.328.npz,2686918,,"raw campaign output, kept in the local archive"
4_campaigns/numerical_workplan/runs/N5A/boundary_N2000_P100_s42_tau10_lam0.332.npz,2686914,,"raw campaign output, kept in the local archive"
4_campaigns/numerical_workplan/runs/N5A/boundary_N2000_P100_s45_tau10_lam0.326.npz,2686821,,"raw campaign output, kept in the local archive"
4_campaigns/numerical_workplan/runs/N5A/boundary_N2000_P100_s45_tau10_lam0.316.npz,2686800,,"raw campaign output, kept in the local archive"
4_campaigns/numerical_workplan/runs/N5A/boundary_N2000_P100_s44_tau10_lam0.356.npz,2686694,,"raw campaign output, kept in the local archive"
4_campaigns/numerical_workplan/runs/N5A/boundary_N2000_P100_s45_tau10_lam0.322.npz,2686601,,"raw campaign output, kept in the local archive"
4_campaigns/numerical_workplan/runs/N5A/boundary_N2000_P100_s42_tau10_lam0.354.npz,2686515,,"raw campaign output, kept in the local archive"
4_campaigns/numerical_workplan/runs/N5A/boundary_N2000_P100_s43_tau10_lam0.332.npz,2686514,,"raw campaign output, kept in the local archive"
4_campaigns/numerical_workplan/runs/N5A/boundary_N2000_P100_s46_tau10_lam0.334.npz,2686445,,"raw campaign output, kept in the local archive"
4_campaigns/numerical_workplan/runs/N5A/boundary_N2000_P100_s44_tau10_lam0.340.npz,2686398,,"raw campaign output, kept in the local archive"
4_campaigns/numerical_workplan/runs/N5A/boundary_N2000_P100_s43_tau10_lam0.356.npz,2686374,,"raw campaign output, kept in the local archive"
4_campaigns/numerical_workplan/runs/N5A/boundary_N2000_P100_s42_tau10_lam0.358.npz,2686360,,"raw campaign output, kept in the local archive"
4_campaigns/numerical_workplan/runs/N5A/boundary_N2000_P100_s44_tau10_lam0.348.npz,2686339,,"raw campaign output, kept in the local archive"
4_campaigns/numerical_workplan/runs/N5A/boundary_N2000_P100_s43_tau10_lam0.348.npz,2686307,,"raw campaign output, kept in the local archive"
4_campaigns/numerical_workplan/runs/N5A/boundary_N2000_P100_s46_tau10_lam0.338.npz,2686291,,"raw campaign output, kept in the local archive"
4_campaigns/numerical_workplan/runs/N5A/boundary_N2000_P100_s45_tau10_lam0.336.npz,2686287,,"raw campaign output, kept in the local archive"
4_campaigns/numerical_workplan/runs/N5A/boundary_N2000_P100_s45_tau10_lam0.334.npz,2686214,,"raw campaign output, kept in the local archive"
4_campaigns/numerical_workplan/runs/N5A/boundary_N2000_P100_s42_tau10_lam0.338.npz,2686104,,"raw campaign output, kept in the local archive"
4_campaigns/numerical_workplan/runs/N5A/boundary_N2000_P100_s45_tau10_lam0.328.npz,2686025,,"raw campaign output, kept in the local archive"
4_campaigns/numerical_workplan/runs/N5A/boundary_N2000_P100_s46_tau10_lam0.348.npz,2685987,,"raw campaign output, kept in the local archive"
4_campaigns/numerical_workplan/runs/N5A/boundary_N2000_P100_s42_tau10_lam0.340.npz,2685966,,"raw campaign output, kept in the local archive"
4_campaigns/numerical_workplan/runs/N5A/boundary_N2000_P100_s42_tau10_lam0.356.npz,2685857,,"raw campaign output, kept in the local archive"
4_campaigns/numerical_workplan/runs/N5A/boundary_N2000_P100_s45_tau10_lam0.352.npz,2685818,,"raw campaign output, kept in the local archive"
4_campaigns/numerical_workplan/runs/N5A/boundary_N2000_P100_s45_tau10_lam0.344.npz,2685760,,"raw campaign output, kept in the local archive"
4_campaigns/numerical_workplan/runs/N5A/boundary_N2000_P100_s43_tau10_lam0.320.npz,2685568,,"raw campaign output, kept in the local archive"
4_campaigns/numerical_workplan/runs/N5A/boundary_N2000_P100_s46_tau10_lam0.330.npz,2685541,,"raw campaign output, kept in the local archive"
4_campaigns/numerical_workplan/runs/N5A/boundary_N2000_P100_s46_tau10_lam0.346.npz,2685519,,"raw campaign output, kept in the local archive"
4_campaigns/numerical_workplan/runs/N5A/boundary_N2000_P100_s45_tau10_lam0.340.npz,2685479,,"raw campaign output, kept in the local archive"
4_campaigns/numerical_workplan/runs/N5A/boundary_N2000_P100_s43_tau10_lam0.342.npz,2685368,,"raw campaign output, kept in the local archive"
4_campaigns/numerical_workplan/runs/N5A/boundary_N2000_P100_s43_tau10_lam0.358.npz,2685300,,"raw campaign output, kept in the local archive"
4_campaigns/numerical_workplan/runs/N5A/boundary_N2000_P100_s46_tau10_lam0.340.npz,2685275,,"raw campaign output, kept in the local archive"
4_campaigns/numerical_workplan/runs/N5A/boundary_N2000_P100_s45_tau10_lam0.332.npz,2685107,,"raw campaign output, kept in the local archive"
4_campaigns/numerical_workplan/runs/N5A/boundary_N2000_P100_s45_tau10_lam0.342.npz,2685104,,"raw campaign output, kept in the local archive"
4_campaigns/numerical_workplan/runs/N5A/boundary_N2000_P100_s46_tau10_lam0.332.npz,2685018,,"raw campaign output, kept in the local archive"
4_campaigns/numerical_workplan/runs/N5A/boundary_N2000_P100_s43_tau10_lam0.346.npz,2684969,,"raw campaign output, kept in the local archive"
4_campaigns/numerical_workplan/runs/N5A/boundary_N2000_P100_s44_tau10_lam0.350.npz,2684937,,"raw campaign output, kept in the local archive"
4_campaigns/numerical_workplan/runs/N5A/boundary_N2000_P100_s45_tau10_lam0.360.npz,2684790,,"raw campaign output, kept in the local archive"
4_campaigns/numerical_workplan/runs/N5A/boundary_N2000_P100_s43_tau10_lam0.326.npz,2684776,,"raw campaign output, kept in the local archive"
4_campaigns/numerical_workplan/runs/N5A/boundary_N2000_P100_s42_tau10_lam0.352.npz,2684558,,"raw campaign output, kept in the local archive"
4_campaigns/numerical_workplan/runs/N5A/boundary_N2000_P100_s43_tau10_lam0.334.npz,2684445,,"raw campaign output, kept in the local archive"
4_campaigns/numerical_workplan/runs/N5A/boundary_N2000_P100_s45_tau10_lam0.318.npz,2684429,,"raw campaign output, kept in the local archive"
4_campaigns/numerical_workplan/runs/N5A/boundary_N2000_P100_s44_tau10_lam0.354.npz,2684340,,"raw campaign output, kept in the local archive"
4_campaigns/numerical_workplan/runs/N5A/boundary_N2000_P100_s46_tau10_lam0.356.npz,2684116,,"raw campaign output, kept in the local archive"
4_campaigns/numerical_workplan/runs/N5A/boundary_N2000_P100_s45_tau10_lam0.356.npz,2684010,,"raw campaign output, kept in the local archive"
4_campaigns/numerical_workplan/runs/N5A/boundary_N2000_P100_s45_tau10_lam0.350.npz,2683954,,"raw campaign output, kept in the local archive"
4_campaigns/numerical_workplan/runs/N5A/boundary_N2000_P100_s46_tau10_lam0.354.npz,2683836,,"raw campaign output, kept in the local archive"
4_campaigns/numerical_workplan/runs/N5A/boundary_N2000_P100_s46_tau10_lam0.326.npz,2683612,,"raw campaign output, kept in the local archive"
4_campaigns/numerical_workplan/runs/N5A/boundary_N2000_P100_s44_tau10_lam0.360.npz,2683427,,"raw campaign output, kept in the local archive"
4_campaigns/numerical_workplan/runs/N5A/boundary_N2000_P100_s46_tau10_lam0.358.npz,2683289,,"raw campaign output, kept in the local archive"
4_campaigns/numerical_workplan/runs/N5A/boundary_N2000_P100_s43_tau10_lam0.344.npz,2683126,,"raw campaign output, kept in the local archive"
4_campaigns/numerical_workplan/runs/N5A/boundary_N2000_P100_s43_tau10_lam0.350.npz,2683097,,"raw campaign output, kept in the local archive"
4_campaigns/numerical_workplan/runs/N8/trajectory_N2000_a0p05_lam0p50_s42.npz,2679416,,"raw campaign output, kept in the local archive"
4_campaigns/numerical_workplan/runs/N8/trajectory_N2000_a0p05_lam0p50_s45.npz,2679220,,"raw campaign output, kept in the local archive"
4_campaigns/numerical_workplan/runs/N8/trajectory_N2000_a0p05_lam0p40_s45.npz,2678209,,"raw campaign output, kept in the local archive"
4_campaigns/numerical_workplan/runs/N8/trajectory_N2000_a0p05_lam0p50_s44.npz,2677701,,"raw campaign output, kept in the local archive"
4_campaigns/numerical_workplan/runs/N8/trajectory_N2000_a0p05_lam0p50_s46.npz,2677224,,"raw campaign output, kept in the local archive"
4_campaigns/numerical_workplan/runs/N8/trajectory_N2000_a0p05_lam0p40_s42.npz,2676784,,"raw campaign output, kept in the local archive"
4_campaigns/numerical_workplan/runs/N5A/boundary_N2000_P100_s42_tau10_lam0.334.npz,2676586,,"raw campaign output, kept in the local archive"
4_campaigns/numerical_workplan/runs/N8/trajectory_N2000_a0p05_lam0p40_s44.npz,2675192,,"raw campaign output, kept in the local archive"
4_campaigns/numerical_workplan/runs/N1_AUDIT/points/N2000_P100_s44_ascending_lam0p33942857_dt0p005_tours5.npz,2674020,,"raw campaign output, kept in the local archive"
4_campaigns/numerical_workplan/runs/N8/trajectory_N2000_a0p05_lam0p40_s46.npz,2673365,,"raw campaign output, kept in the local archive"
4_campaigns/numerical_workplan/runs/N8/trajectory_N2000_a0p05_lam0p50_s43.npz,2647394,,"raw campaign output, kept in the local archive"
4_campaigns/numerical_workplan/runs/N5A/boundary_N2000_P100_s45_tau10_lam0.320.npz,2638901,,"raw campaign output, kept in the local archive"
4_campaigns/numerical_workplan/runs/N8/trajectory_N2000_a0p05_lam0p70_s46.npz,2637234,,"raw campaign output, kept in the local archive"
4_campaigns/numerical_workplan/runs/N8/trajectory_N2000_a0p05_lam0p70_s43.npz,2635584,,"raw campaign output, kept in the local archive"
4_campaigns/numerical_workplan/runs/N8/trajectory_N2000_a0p05_lam0p70_s45.npz,2634622,,"raw campaign output, kept in the local archive"
4_campaigns/numerical_workplan/runs/N8/trajectory_N2000_a0p05_lam0p70_s42.npz,2633318,,"raw campaign output, kept in the local archive"
4_campaigns/numerical_workplan/runs/N8/trajectory_N2000_a0p05_lam0p70_s44.npz,2630477,,"raw campaign output, kept in the local archive"
4_campaigns/numerical_workplan/runs/N8/trajectory_N2000_a0p05_lam0p90_s44.npz,2628045,,"raw campaign output, kept in the local archive"
4_campaigns/numerical_workplan/runs/N8/trajectory_N2000_a0p05_lam0p90_s43.npz,2624161,,"raw campaign output, kept in the local archive"
4_campaigns/numerical_workplan/runs/N8/trajectory_N2000_a0p05_lam0p90_s42.npz,2623509,,"raw campaign output, kept in the local archive"
4_campaigns/numerical_workplan/runs/N8/trajectory_N2000_a0p05_lam0p90_s45.npz,2621979,,"raw campaign output, kept in the local archive"
4_campaigns/numerical_workplan/runs/N8/trajectory_N2000_a0p05_lam0p90_s46.npz,2618147,,"raw campaign output, kept in the local archive"
4_campaigns/numerical_workplan/runs/N1_AUDIT/points/N2000_P100_s42_ascending_lam0p32769531_dt0p005_tours5.npz,2617927,,"raw campaign output, kept in the local archive"
4_campaigns/numerical_workplan/runs/N5A/coherence_N2000_P100_s42_tau10_dt0.01.npz,2615379,,"raw campaign output, kept in the local archive"
4_campaigns/numerical_workplan/runs/N5A/coherence_N2000_P100_s46_tau10_dt0.01.npz,2610151,,"raw campaign output, kept in the local archive"
4_campaigns/numerical_workplan/runs/N5A/coherence_N2000_P100_s45_tau10_dt0.01.npz,2607599,,"raw campaign output, kept in the local archive"
4_campaigns/numerical_workplan/runs/N5A/coherence_N2000_P100_s44_tau10_dt0.01.npz,2606762,,"raw campaign output, kept in the local archive"
4_campaigns/numerical_workplan/runs/N5A/coherence_N2000_P100_s43_tau10_dt0.01.npz,2603338,,"raw campaign output, kept in the local archive"
3_numerics/results/2_cycle_rappel_snic/data/E34/E34_circle_traj_circle2_20260730T211432.npz,2544540,,raw output above the repository size ceiling
4_campaigns/numerical_workplan/runs/N1_AUDIT/points/N2000_P100_s42_ascending_lam0p32766016_dt0p005_tours5.npz,2513627,,"raw campaign output, kept in the local archive"
4_campaigns/numerical_workplan/runs/N1/dynamic_N2000_P100_seed51.checkpoint.npz,2471472,,"raw campaign output, kept in the local archive"
4_campaigns/numerical_workplan/runs/N1/dynamic_N2000_P100_seed47.checkpoint.npz,2416154,,"raw campaign output, kept in the local archive"
4_campaigns/numerical_workplan/runs/N1/dynamic_N2000_P100_seed53.checkpoint.npz,2386900,,"raw campaign output, kept in the local archive"
4_campaigns/numerical_workplan/runs/N1/dynamic_N2000_P100_seed51.npz,2381308,,"raw campaign output, kept in the local archive"
4_campaigns/numerical_workplan/runs/N1/dynamic_N2000_P100_seed42.checkpoint.npz,2375501,,"raw campaign output, kept in the local archive"
4_campaigns/numerical_workplan/runs/N1/dynamic_N2000_P100_seed44.npz,2338479,,"raw campaign output, kept in the local archive"
4_campaigns/numerical_workplan/runs/N1/dynamic_N2000_P100_seed43.checkpoint.npz,2326151,,"raw campaign output, kept in the local archive"
4_campaigns/numerical_workplan/runs/N1/dynamic_N2000_P100_seed46.npz,2324656,,"raw campaign output, kept in the local archive"
4_campaigns/numerical_workplan/runs/N1/dynamic_N2000_P100_seed56.checkpoint.npz,2317930,,"raw campaign output, kept in the local archive"
4_campaigns/numerical_workplan/runs/N1/dynamic_N2000_P100_seed47.npz,2304671,,"raw campaign output, kept in the local archive"
4_campaigns/numerical_workplan/runs/N1/dynamic_N2000_P100_seed48.npz,2300609,,"raw campaign output, kept in the local archive"
4_campaigns/numerical_workplan/runs/N1/dynamic_N2000_P100_seed45.checkpoint.npz,2299959,,"raw campaign output, kept in the local archive"
4_campaigns/numerical_workplan/runs/N1/dynamic_N2000_P100_seed50.checkpoint.npz,2291701,,"raw campaign output, kept in the local archive"
4_campaigns/numerical_workplan/runs/N1/dynamic_N2000_P100_seed60.npz,2283486,,"raw campaign output, kept in the local archive"
4_campaigns/numerical_workplan/runs/N1/dynamic_N2000_P100_seed44.checkpoint.npz,2268988,,"raw campaign output, kept in the local archive"
4_campaigns/numerical_workplan/runs/N1/dynamic_N2000_P100_seed57.checkpoint.npz,2265751,,"raw campaign output, kept in the local archive"
4_campaigns/numerical_workplan/runs/N1/dynamic_N2000_P100_seed53.npz,2256248,,"raw campaign output, kept in the local archive"
4_campaigns/numerical_workplan/runs/N1/dynamic_N2000_P100_seed49.npz,2237524,,"raw campaign output, kept in the local archive"
4_campaigns/numerical_workplan/runs/N1/dynamic_N2000_P100_seed52.npz,2237452,,"raw campaign output, kept in the local archive"
4_campaigns/numerical_workplan/runs/N2/dynamic_s42_d0p001_dt0p01.npz,2237107,,"raw campaign output, kept in the local archive"
4_campaigns/numerical_workplan/runs/N1/dynamic_N2000_P100_seed49.checkpoint.npz,2234327,,"raw campaign output, kept in the local archive"
4_campaigns/numerical_workplan/runs/N1/dynamic_N2000_P100_seed58.npz,2200713,,"raw campaign output, kept in the local archive"
4_campaigns/numerical_workplan/runs/N1/dynamic_N2000_P100_seed50.npz,2129421,,"raw campaign output, kept in the local archive"
4_campaigns/numerical_workplan/runs/N1/dynamic_N2000_P100_seed43.npz,2122135,,"raw campaign output, kept in the local archive"
4_campaigns/numerical_workplan/runs/N1/dynamic_N2000_P100_seed42.npz,2118985,,"raw campaign output, kept in the local archive"
4_campaigns/numerical_workplan/runs/N1/dynamic_N2000_P100_seed59.npz,2118691,,"raw campaign output, kept in the local archive"
4_campaigns/numerical_workplan/runs/N1/dynamic_N2000_P100_seed57.npz,2107258,,"raw campaign output, kept in the local archive"
4_campaigns/numerical_workplan/runs/N1/dynamic_N2000_P100_seed59.checkpoint.npz,2042925,,"raw campaign output, kept in the local archive"
4_campaigns/numerical_workplan/runs/N1/dynamic_N2000_P100_seed54.npz,1991261,,"raw campaign output, kept in the local archive"
4_campaigns/numerical_workplan/runs/N1/dynamic_N2000_P100_seed61.checkpoint.npz,1957347,,"raw campaign output, kept in the local archive"
4_campaigns/numerical_workplan/runs/N1/dynamic_N2000_P100_seed52.checkpoint.npz,1938132,,"raw campaign output, kept in the local archive"
4_campaigns/numerical_workplan/runs/N5A/boundary_N2000_P100_s46_tau5_lam0.352.npz,1927213,,"raw campaign output, kept in the local archive"
4_campaigns/numerical_workplan/runs/N5A/boundary_N2000_P100_s42_tau5_lam0.336.npz,1927150,,"raw campaign output, kept in the local archive"
4_campaigns/numerical_workplan/runs/N5A/boundary_N2000_P100_s46_tau5_lam0.346.npz,1927048,,"raw campaign output, kept in the local archive"
4_campaigns/numerical_workplan/runs/N5A/boundary_N2000_P100_s42_tau5_lam0.356.npz,1927042,,"raw campaign output, kept in the local archive"
4_campaigns/numerical_workplan/runs/N5A/boundary_N2000_P100_s45_tau5_lam0.360.npz,1927031,,"raw campaign output, kept in the local archive"
4_campaigns/numerical_workplan/runs/N5A/boundary_N2000_P100_s44_tau5_lam0.346.npz,1927022,,"raw campaign output, kept in the local archive"
4_campaigns/numerical_workplan/runs/N5A/boundary_N2000_P100_s44_tau5_lam0.356.npz,1927011,,"raw campaign output, kept in the local archive"
4_campaigns/numerical_workplan/runs/N5A/boundary_N2000_P100_s42_tau5_lam0.360.npz,1926953,,"raw campaign output, kept in the local archive"
4_campaigns/numerical_workplan/runs/N5A/boundary_N2000_P100_s42_tau5_lam0.358.npz,1926916,,"raw campaign output, kept in the local archive"
4_campaigns/numerical_workplan/runs/N5A/boundary_N2000_P100_s42_tau5_lam0.346.npz,1926874,,"raw campaign output, kept in the local archive"
4_campaigns/numerical_workplan/runs/N5A/boundary_N2000_P100_s42_tau5_lam0.348.npz,1926862,,"raw campaign output, kept in the local archive"
4_campaigns/numerical_workplan/runs/N5A/boundary_N2000_P100_s46_tau5_lam0.358.npz,1926835,,"raw campaign output, kept in the local archive"
4_campaigns/numerical_workplan/runs/N5A/boundary_N2000_P100_s46_tau5_lam0.344.npz,1926834,,"raw campaign output, kept in the local archive"
4_campaigns/numerical_workplan/runs/N5A/boundary_N2000_P100_s46_tau5_lam0.350.npz,1926833,,"raw campaign output, kept in the local archive"
4_campaigns/numerical_workplan/runs/N5A/boundary_N2000_P100_s46_tau5_lam0.356.npz,1926828,,"raw campaign output, kept in the local archive"
4_campaigns/numerical_workplan/runs/N5A/boundary_N2000_P100_s44_tau5_lam0.348.npz,1926827,,"raw campaign output, kept in the local archive"
4_campaigns/numerical_workplan/runs/N5A/boundary_N2000_P100_s46_tau5_lam0.360.npz,1926812,,"raw campaign output, kept in the local archive"
4_campaigns/numerical_workplan/runs/N5A/boundary_N2000_P100_s43_tau5_lam0.360.npz,1926807,,"raw campaign output, kept in the local archive"
4_campaigns/numerical_workplan/runs/N5A/boundary_N2000_P100_s45_tau5_lam0.354.npz,1926793,,"raw campaign output, kept in the local archive"
4_campaigns/numerical_workplan/runs/N5A/boundary_N2000_P100_s42_tau5_lam0.354.npz,1926784,,"raw campaign output, kept in the local archive"
4_campaigns/numerical_workplan/runs/N5A/boundary_N2000_P100_s44_tau5_lam0.358.npz,1926779,,"raw campaign output, kept in the local archive"
4_campaigns/numerical_workplan/runs/N5A/boundary_N2000_P100_s42_tau5_lam0.340.npz,1926763,,"raw campaign output, kept in the local archive"
4_campaigns/numerical_workplan/runs/N5A/boundary_N2000_P100_s43_tau5_lam0.328.npz,1926742,,"raw campaign output, kept in the local archive"
4_campaigns/numerical_workplan/runs/N5A/boundary_N2000_P100_s45_tau5_lam0.358.npz,1926713,,"raw campaign output, kept in the local archive"
4_campaigns/numerical_workplan/runs/N5A/boundary_N2000_P100_s45_tau5_lam0.338.npz,1926678,,"raw campaign output, kept in the local archive"
4_campaigns/numerical_workplan/runs/N5A/boundary_N2000_P100_s42_tau5_lam0.344.npz,1926654,,"raw campaign output, kept in the local archive"
4_campaigns/numerical_workplan/runs/N5A/boundary_N2000_P100_s42_tau5_lam0.350.npz,1926644,,"raw campaign output, kept in the local archive"
4_campaigns/numerical_workplan/runs/N5A/boundary_N2000_P100_s42_tau5_lam0.352.npz,1926633,,"raw campaign output, kept in the local archive"
4_campaigns/numerical_workplan/runs/N5A/boundary_N2000_P100_s44_tau5_lam0.352.npz,1926631,,"raw campaign output, kept in the local archive"
4_campaigns/numerical_workplan/runs/N5A/boundary_N2000_P100_s43_tau5_lam0.338.npz,1926615,,"raw campaign output, kept in the local archive"
4_campaigns/numerical_workplan/runs/N5A/boundary_N2000_P100_s43_tau5_lam0.354.npz,1926605,,"raw campaign output, kept in the local archive"
4_campaigns/numerical_workplan/runs/N5A/boundary_N2000_P100_s45_tau5_lam0.340.npz,1926590,,"raw campaign output, kept in the local archive"
4_campaigns/numerical_workplan/runs/N5A/boundary_N2000_P100_s43_tau5_lam0.332.npz,1926584,,"raw campaign output, kept in the local archive"
4_campaigns/numerical_workplan/runs/N5A/boundary_N2000_P100_s45_tau5_lam0.320.npz,1926584,,"raw campaign output, kept in the local archive"
4_campaigns/numerical_workplan/runs/N5A/boundary_N2000_P100_s45_tau5_lam0.352.npz,1926571,,"raw campaign output, kept in the local archive"
4_campaigns/numerical_workplan/runs/N5A/boundary_N2000_P100_s46_tau5_lam0.354.npz,1926562,,"raw campaign output, kept in the local archive"
4_campaigns/numerical_workplan/runs/N5A/boundary_N2000_P100_s43_tau5_lam0.340.npz,1926547,,"raw campaign output, kept in the local archive"
4_campaigns/numerical_workplan/runs/N5A/boundary_N2000_P100_s43_tau5_lam0.358.npz,1926540,,"raw campaign output, kept in the local archive"
4_campaigns/numerical_workplan/runs/N5A/boundary_N2000_P100_s46_tau5_lam0.332.npz,1926534,,"raw campaign output, kept in the local archive"
4_campaigns/numerical_workplan/runs/N5A/boundary_N2000_P100_s45_tau5_lam0.348.npz,1926533,,"raw campaign output, kept in the local archive"
4_campaigns/numerical_workplan/runs/N5A/boundary_N2000_P100_s43_tau5_lam0.350.npz,1926531,,"raw campaign output, kept in the local archive"
4_campaigns/numerical_workplan/runs/N5A/boundary_N2000_P100_s45_tau5_lam0.342.npz,1926481,,"raw campaign output, kept in the local archive"
4_campaigns/numerical_workplan/runs/N5A/boundary_N2000_P100_s42_tau5_lam0.342.npz,1926465,,"raw campaign output, kept in the local archive"
4_campaigns/numerical_workplan/runs/N5A/boundary_N2000_P100_s43_tau5_lam0.344.npz,1926437,,"raw campaign output, kept in the local archive"
4_campaigns/numerical_workplan/runs/N5A/boundary_N2000_P100_s44_tau5_lam0.338.npz,1926428,,"raw campaign output, kept in the local archive"
4_campaigns/numerical_workplan/runs/N5A/boundary_N2000_P100_s43_tau5_lam0.342.npz,1926427,,"raw campaign output, kept in the local archive"
4_campaigns/numerical_workplan/runs/N5A/boundary_N2000_P100_s45_tau5_lam0.334.npz,1926423,,"raw campaign output, kept in the local archive"
4_campaigns/numerical_workplan/runs/N5A/boundary_N2000_P100_s45_tau5_lam0.328.npz,1926405,,"raw campaign output, kept in the local archive"
4_campaigns/numerical_workplan/runs/N5A/boundary_N2000_P100_s44_tau5_lam0.350.npz,1926384,,"raw campaign output, kept in the local archive"
4_campaigns/numerical_workplan/runs/N5A/boundary_N2000_P100_s46_tau5_lam0.330.npz,1926327,,"raw campaign output, kept in the local archive"
4_campaigns/numerical_workplan/runs/N5A/boundary_N2000_P100_s43_tau5_lam0.352.npz,1926298,,"raw campaign output, kept in the local archive"
4_campaigns/numerical_workplan/runs/N5A/boundary_N2000_P100_s45_tau5_lam0.356.npz,1926289,,"raw campaign output, kept in the local archive"
4_campaigns/numerical_workplan/runs/N5A/boundary_N2000_P100_s46_tau5_lam0.328.npz,1926282,,"raw campaign output, kept in the local archive"
4_campaigns/numerical_workplan/runs/N5A/boundary_N2000_P100_s42_tau5_lam0.326.npz,1926235,,"raw campaign output, kept in the local archive"
4_campaigns/numerical_workplan/runs/N5A/boundary_N2000_P100_s46_tau5_lam0.334.npz,1926207,,"raw campaign output, kept in the local archive"
4_campaigns/numerical_workplan/runs/N5A/boundary_N2000_P100_s43_tau5_lam0.330.npz,1926200,,"raw campaign output, kept in the local archive"
4_campaigns/numerical_workplan/runs/N5A/boundary_N2000_P100_s45_tau5_lam0.344.npz,1926200,,"raw campaign output, kept in the local archive"
4_campaigns/numerical_workplan/runs/N5A/boundary_N2000_P100_s46_tau5_lam0.336.npz,1926127,,"raw campaign output, kept in the local archive"
4_campaigns/numerical_workplan/runs/N5A/boundary_N2000_P100_s43_tau5_lam0.334.npz,1926124,,"raw campaign output, kept in the local archive"
4_campaigns/numerical_workplan/runs/N5A/boundary_N2000_P100_s43_tau5_lam0.336.npz,1926114,,"raw campaign output, kept in the local archive"
4_campaigns/numerical_workplan/runs/N5A/boundary_N2000_P100_s44_tau5_lam0.340.npz,1926114,,"raw campaign output, kept in the local archive"
4_campaigns/numerical_workplan/runs/N5A/boundary_N2000_P100_s43_tau5_lam0.348.npz,1926076,,"raw campaign output, kept in the local archive"
4_campaigns/numerical_workplan/runs/N5A/boundary_N2000_P100_s44_tau5_lam0.342.npz,1926063,,"raw campaign output, kept in the local archive"
4_campaigns/numerical_workplan/runs/N5A/boundary_N2000_P100_s43_tau5_lam0.318.npz,1926053,,"raw campaign output, kept in the local archive"
4_campaigns/numerical_workplan/runs/N5A/boundary_N2000_P100_s43_tau5_lam0.356.npz,1926052,,"raw campaign output, kept in the local archive"
4_campaigns/numerical_workplan/runs/N5A/boundary_N2000_P100_s46_tau5_lam0.338.npz,1926008,,"raw campaign output, kept in the local archive"
4_campaigns/numerical_workplan/runs/N5A/boundary_N2000_P100_s42_tau5_lam0.328.npz,1925998,,"raw campaign output, kept in the local archive"
4_campaigns/numerical_workplan/runs/N5A/boundary_N2000_P100_s45_tau5_lam0.346.npz,1925991,,"raw campaign output, kept in the local archive"
4_campaigns/numerical_workplan/runs/N5A/boundary_N2000_P100_s44_tau5_lam0.360.npz,1925956,,"raw campaign output, kept in the local archive"
4_campaigns/numerical_workplan/runs/N5A/boundary_N2000_P100_s45_tau5_lam0.322.npz,1925940,,"raw campaign output, kept in the local archive"
4_campaigns/numerical_workplan/runs/N5A/boundary_N2000_P100_s45_tau5_lam0.330.npz,1925866,,"raw campaign output, kept in the local archive"
4_campaigns/numerical_workplan/runs/N5A/boundary_N2000_P100_s46_tau5_lam0.342.npz,1925821,,"raw campaign output, kept in the local archive"
4_campaigns/numerical_workplan/runs/N5A/boundary_N2000_P100_s45_tau5_lam0.336.npz,1925819,,"raw campaign output, kept in the local archive"
4_campaigns/numerical_workplan/runs/N5A/boundary_N2000_P100_s44_tau5_lam0.354.npz,1925797,,"raw campaign output, kept in the local archive"
4_campaigns/numerical_workplan/runs/N5A/boundary_N2000_P100_s42_tau5_lam0.332.npz,1925721,,"raw campaign output, kept in the local archive"
4_campaigns/numerical_workplan/runs/N5A/boundary_N2000_P100_s42_tau5_lam0.334.npz,1925695,,"raw campaign output, kept in the local archive"
4_campaigns/numerical_workplan/runs/N5A/boundary_N2000_P100_s45_tau5_lam0.332.npz,1925694,,"raw campaign output, kept in the local archive"
4_campaigns/numerical_workplan/runs/N5A/boundary_N2000_P100_s42_tau5_lam0.338.npz,1925649,,"raw campaign output, kept in the local archive"
4_campaigns/numerical_workplan/runs/N5A/boundary_N2000_P100_s43_tau5_lam0.346.npz,1925588,,"raw campaign output, kept in the local archive"
4_campaigns/numerical_workplan/runs/N5A/boundary_N2000_P100_s45_tau5_lam0.324.npz,1925562,,"raw campaign output, kept in the local archive"
4_campaigns/numerical_workplan/runs/N5A/boundary_N2000_P100_s46_tau5_lam0.348.npz,1925528,,"raw campaign output, kept in the local archive"
4_campaigns/numerical_workplan/runs/N5A/boundary_N2000_P100_s45_tau5_lam0.318.npz,1925509,,"raw campaign output, kept in the local archive"
4_campaigns/numerical_workplan/runs/N5A/boundary_N2000_P100_s45_tau5_lam0.326.npz,1925460,,"raw campaign output, kept in the local archive"
4_campaigns/numerical_workplan/runs/N5A/boundary_N2000_P100_s43_tau5_lam0.322.npz,1925450,,"raw campaign output, kept in the local archive"
4_campaigns/numerical_workplan/runs/N5A/boundary_N2000_P100_s43_tau5_lam0.320.npz,1925443,,"raw campaign output, kept in the local archive"
4_campaigns/numerical_workplan/runs/N5A/boundary_N2000_P100_s46_tau5_lam0.340.npz,1925309,,"raw campaign output, kept in the local archive"
4_campaigns/numerical_workplan/runs/N5A/boundary_N2000_P100_s43_tau5_lam0.324.npz,1925279,,"raw campaign output, kept in the local archive"
4_campaigns/numerical_workplan/runs/N5A/boundary_N2000_P100_s45_tau5_lam0.316.npz,1925090,,"raw campaign output, kept in the local archive"
4_campaigns/numerical_workplan/runs/N5A/boundary_N2000_P100_s45_tau5_lam0.350.npz,1925011,,"raw campaign output, kept in the local archive"
4_campaigns/numerical_workplan/runs/N5A/boundary_N2000_P100_s43_tau5_lam0.326.npz,1924995,,"raw campaign output, kept in the local archive"
4_campaigns/numerical_workplan/runs/N5A/boundary_N2000_P100_s42_tau5_lam0.330.npz,1923818,,"raw campaign output, kept in the local archive"
4_campaigns/numerical_workplan/runs/N5A/boundary_N2000_P100_s46_tau5_lam0.326.npz,1923313,,"raw campaign output, kept in the local archive"
4_campaigns/numerical_workplan/runs/N5A/boundary_N2000_P100_s44_tau5_lam0.344.npz,1921425,,"raw campaign output, kept in the local archive"
4_campaigns/numerical_workplan/runs/N5A/coherence_N2000_P100_s42_tau5_dt0.01.npz,1920725,,"raw campaign output, kept in the local archive"
4_campaigns/numerical_workplan/runs/N5A/coherence_N2000_P100_s43_tau5_dt0.01.npz,1920455,,"raw campaign output, kept in the local archive"
4_campaigns/numerical_workplan/runs/N5A/coherence_N2000_P100_s46_tau5_dt0.01.npz,1919980,,"raw campaign output, kept in the local archive"
4_campaigns/numerical_workplan/runs/N5A/coherence_N2000_P100_s45_tau5_dt0.01.npz,1919756,,"raw campaign output, kept in the local archive"
4_campaigns/numerical_workplan/runs/N5A/coherence_N2000_P100_s44_tau5_dt0.01.npz,1918944,,"raw campaign output, kept in the local archive"
4_campaigns/numerical_workplan/runs/N1/dynamic_N2000_P100_seed58.checkpoint.npz,1821101,,"raw campaign output, kept in the local archive"
4_campaigns/numerical_workplan/runs/N5A/boundary_N2000_P100_s43_tau10_lam0.318.npz,1784140,,"raw campaign output, kept in the local archive"
4_campaigns/numerical_workplan/runs/N1/dynamic_N2000_P100_seed56.npz,1770048,,"raw campaign output, kept in the local archive"
4_campaigns/numerical_workplan/runs/N1/dynamic_N2000_P100_seed45.npz,1753960,,"raw campaign output, kept in the local archive"
4_campaigns/numerical_workplan/runs/N1/dynamic_N2000_P100_seed48.checkpoint.npz,1721704,,"raw campaign output, kept in the local archive"
4_campaigns/numerical_workplan/runs/N1/static_N2000_P100_seed42.npz,1690817,,"raw campaign output, kept in the local archive"
4_campaigns/numerical_workplan/runs/N1/static_N2000_P100_seed56.npz,1690734,,"raw campaign output, kept in the local archive"
4_campaigns/numerical_workplan/runs/N1/static_N2000_P100_seed60.npz,1690713,,"raw campaign output, kept in the local archive"
4_campaigns/numerical_workplan/runs/N1/static_N2000_P100_seed52.npz,1690683,,"raw campaign output, kept in the local archive"
4_campaigns/numerical_workplan/runs/N1/static_N2000_P100_seed49.npz,1690672,,"raw campaign output, kept in the local archive"
4_campaigns/numerical_workplan/runs/N1/static_N2000_P100_seed55.npz,1690671,,"raw campaign output, kept in the local archive"
4_campaigns/numerical_workplan/runs/N1/static_N2000_P100_seed51.npz,1690668,,"raw campaign output, kept in the local archive"
4_campaigns/numerical_workplan/runs/N1/static_N2000_P100_seed50.npz,1690667,,"raw campaign output, kept in the local archive"
4_campaigns/numerical_workplan/runs/N1/static_N2000_P100_seed54.npz,1690630,,"raw campaign output, kept in the local archive"
4_campaigns/numerical_workplan/runs/N1/static_N2000_P100_seed58.npz,1690602,,"raw campaign output, kept in the local archive"
4_campaigns/numerical_workplan/runs/N1/static_N2000_P100_seed57.npz,1690585,,"raw campaign output, kept in the local archive"
4_campaigns/numerical_workplan/runs/N1/static_N2000_P100_seed53.npz,1690554,,"raw campaign output, kept in the local archive"
4_campaigns/numerical_workplan/runs/N1/static_N2000_P100_seed47.npz,1690518,,"raw campaign output, kept in the local archive"
4_campaigns/numerical_workplan/runs/N1/static_N2000_P100_seed48.npz,1690513,,"raw campaign output, kept in the local archive"
4_campaigns/numerical_workplan/runs/N1/static_N2000_P100_seed43.npz,1690487,,"raw campaign output, kept in the local archive"
4_campaigns/numerical_workplan/runs/N1/static_N2000_P100_seed59.npz,1690469,,"raw campaign output, kept in the local archive"
4_campaigns/numerical_workplan/runs/N1/static_N2000_P100_seed45.npz,1690462,,"raw campaign output, kept in the local archive"
4_campaigns/numerical_workplan/runs/N1/static_N2000_P100_seed46.npz,1690449,,"raw campaign output, kept in the local archive"
4_campaigns/numerical_workplan/runs/N1/static_N2000_P100_seed61.npz,1690407,,"raw campaign output, kept in the local archive"
4_campaigns/numerical_workplan/runs/N1/static_N2000_P100_seed44.npz,1690375,,"raw campaign output, kept in the local archive"
4_campaigns/numerical_workplan/runs/N1/dynamic_N2000_P100_seed61.npz,1685204,,"raw campaign output, kept in the local archive"
4_campaigns/numerical_workplan/runs/N1/dynamic_N2000_P100_seed55.npz,1644510,,"raw campaign output, kept in the local archive"
4_campaigns/numerical_workplan/runs/N5A/boundary_N2000_P100_s45_tau3_lam0.360.npz,1621657,,"raw campaign output, kept in the local archive"
4_campaigns/numerical_workplan/runs/N5A/boundary_N2000_P100_s46_tau3_lam0.360.npz,1621633,,"raw campaign output, kept in the local archive"
4_campaigns/numerical_workplan/runs/N5A/boundary_N2000_P100_s45_tau3_lam0.354.npz,1621497,,"raw campaign output, kept in the local archive"
4_campaigns/numerical_workplan/runs/N5A/boundary_N2000_P100_s43_tau3_lam0.360.npz,1621411,,"raw campaign output, kept in the local archive"
4_campaigns/numerical_workplan/runs/N5A/boundary_N2000_P100_s45_tau3_lam0.358.npz,1621266,,"raw campaign output, kept in the local archive"
4_campaigns/numerical_workplan/runs/N5A/boundary_N2000_P100_s42_tau3_lam0.356.npz,1621252,,"raw campaign output, kept in the local archive"
4_campaigns/numerical_workplan/runs/N5A/boundary_N2000_P100_s43_tau3_lam0.350.npz,1621236,,"raw campaign output, kept in the local archive"
4_campaigns/numerical_workplan/runs/N5A/boundary_N2000_P100_s45_tau3_lam0.346.npz,1621231,,"raw campaign output, kept in the local archive"
4_campaigns/numerical_workplan/runs/N5A/boundary_N2000_P100_s43_tau3_lam0.352.npz,1621222,,"raw campaign output, kept in the local archive"
4_campaigns/numerical_workplan/runs/N5A/coherence_N2000_P100_s45_tau3_dt0.01.npz,1621172,,"raw campaign output, kept in the local archive"
4_campaigns/numerical_workplan/runs/N5A/boundary_N2000_P100_s42_tau3_lam0.344.npz,1621167,,"raw campaign output, kept in the local archive"
4_campaigns/numerical_workplan/runs/N5A/boundary_N2000_P100_s43_tau3_lam0.358.npz,1621166,,"raw campaign output, kept in the local archive"
4_campaigns/numerical_workplan/runs/N5A/boundary_N2000_P100_s42_tau3_lam0.350.npz,1621160,,"raw campaign output, kept in the local archive"
4_campaigns/numerical_workplan/runs/N5A/boundary_N2000_P100_s43_tau3_lam0.346.npz,1621151,,"raw campaign output, kept in the local archive"
4_campaigns/numerical_workplan/runs/N5A/boundary_N2000_P100_s42_tau3_lam0.340.npz,1621123,,"raw campaign output, kept in the local archive"
4_campaigns/numerical_workplan/runs/N5A/coherence_N2000_P100_s44_tau3_dt0.01.npz,1621113,,"raw campaign output, kept in the local archive"
4_campaigns/numerical_workplan/runs/N5A/boundary_N2000_P100_s42_tau3_lam0.354.npz,1621093,,"raw campaign output, kept in the local archive"
4_campaigns/numerical_workplan/runs/N5A/boundary_N2000_P100_s46_tau3_lam0.356.npz,1621077,,"raw campaign output, kept in the local archive"
4_campaigns/numerical_workplan/runs/N5A/coherence_N2000_P100_s42_tau3_dt0.01.npz,1621077,,"raw campaign output, kept in the local archive"
4_campaigns/numerical_workplan/runs/N5A/boundary_N2000_P100_s43_tau3_lam0.348.npz,1621010,,"raw campaign output, kept in the local archive"
4_campaigns/numerical_workplan/runs/N5A/boundary_N2000_P100_s42_tau3_lam0.360.npz,1621008,,"raw campaign output, kept in the local archive"
4_campaigns/numerical_workplan/runs/N5A/boundary_N2000_P100_s45_tau3_lam0.344.npz,1621008,,"raw campaign output, kept in the local archive"
4_campaigns/numerical_workplan/runs/N5A/boundary_N2000_P100_s42_tau3_lam0.358.npz,1620991,,"raw campaign output, kept in the local archive"
4_campaigns/numerical_workplan/runs/N5A/boundary_N2000_P100_s45_tau3_lam0.350.npz,1620961,,"raw campaign output, kept in the local archive"
4_campaigns/numerical_workplan/runs/N5A/boundary_N2000_P100_s46_tau3_lam0.354.npz,1620956,,"raw campaign output, kept in the local archive"
4_campaigns/numerical_workplan/runs/N5A/boundary_N2000_P100_s45_tau3_lam0.352.npz,1620955,,"raw campaign output, kept in the local archive"
4_campaigns/numerical_workplan/runs/N5A/boundary_N2000_P100_s43_tau3_lam0.338.npz,1620953,,"raw campaign output, kept in the local archive"
4_campaigns/numerical_workplan/runs/N5A/boundary_N2000_P100_s43_tau3_lam0.344.npz,1620885,,"raw campaign output, kept in the local archive"
4_campaigns/numerical_workplan/runs/N5A/boundary_N2000_P100_s43_tau3_lam0.342.npz,1620882,,"raw campaign output, kept in the local archive"
4_campaigns/numerical_workplan/runs/N5A/coherence_N2000_P100_s43_tau3_dt0.01.npz,1620875,,"raw campaign output, kept in the local archive"
4_campaigns/numerical_workplan/runs/N5A/boundary_N2000_P100_s43_tau3_lam0.354.npz,1620859,,"raw campaign output, kept in the local archive"
4_campaigns/numerical_workplan/runs/N5A/boundary_N2000_P100_s43_tau3_lam0.356.npz,1620849,,"raw campaign output, kept in the local archive"
4_campaigns/numerical_workplan/runs/N5A/boundary_N2000_P100_s42_tau3_lam0.346.npz,1620845,,"raw campaign output, kept in the local archive"
4_campaigns/numerical_workplan/runs/N5A/coherence_N2000_P100_s46_tau3_dt0.01.npz,1620842,,"raw campaign output, kept in the local archive"
4_campaigns/numerical_workplan/runs/N5A/boundary_N2000_P100_s42_tau3_lam0.336.npz,1620836,,"raw campaign output, kept in the local archive"
4_campaigns/numerical_workplan/runs/N5A/boundary_N2000_P100_s46_tau3_lam0.352.npz,1620829,,"raw campaign output, kept in the local archive"
4_campaigns/numerical_workplan/runs/N5A/boundary_N2000_P100_s46_tau3_lam0.342.npz,1620827,,"raw campaign output, kept in the local archive"
4_campaigns/numerical_workplan/runs/N5A/boundary_N2000_P100_s46_tau3_lam0.348.npz,1620789,,"raw campaign output, kept in the local archive"
4_campaigns/numerical_workplan/runs/N5A/boundary_N2000_P100_s42_tau3_lam0.348.npz,1620757,,"raw campaign output, kept in the local archive"
4_campaigns/numerical_workplan/runs/N5A/boundary_N2000_P100_s46_tau3_lam0.358.npz,1620756,,"raw campaign output, kept in the local archive"
4_campaigns/numerical_workplan/runs/N5A/boundary_N2000_P100_s45_tau3_lam0.356.npz,1620752,,"raw campaign output, kept in the local archive"
4_campaigns/numerical_workplan/runs/N5A/boundary_N2000_P100_s42_tau3_lam0.342.npz,1620747,,"raw campaign output, kept in the local archive"
4_campaigns/numerical_workplan/runs/N5A/boundary_N2000_P100_s46_tau3_lam0.344.npz,1620732,,"raw campaign output, kept in the local archive"
4_campaigns/numerical_workplan/runs/N5A/boundary_N2000_P100_s46_tau3_lam0.346.npz,1620701,,"raw campaign output, kept in the local archive"
4_campaigns/numerical_workplan/runs/N5A/boundary_N2000_P100_s46_tau3_lam0.338.npz,1620605,,"raw campaign output, kept in the local archive"
4_campaigns/numerical_workplan/runs/N5A/boundary_N2000_P100_s43_tau3_lam0.336.npz,1620513,,"raw campaign output, kept in the local archive"
4_campaigns/numerical_workplan/runs/N5A/boundary_N2000_P100_s42_tau3_lam0.338.npz,1620471,,"raw campaign output, kept in the local archive"
4_campaigns/numerical_workplan/runs/N5A/boundary_N2000_P100_s46_tau3_lam0.350.npz,1620455,,"raw campaign output, kept in the local archive"
4_campaigns/numerical_workplan/runs/N5A/boundary_N2000_P100_s43_tau3_lam0.340.npz,1620277,,"raw campaign output, kept in the local archive"
4_campaigns/numerical_workplan/runs/N5A/boundary_N2000_P100_s45_tau3_lam0.348.npz,1620050,,"raw campaign output, kept in the local archive"
4_campaigns/numerical_workplan/runs/N5A/boundary_N2000_P100_s46_tau3_lam0.340.npz,1619980,,"raw campaign output, kept in the local archive"
4_campaigns/numerical_workplan/runs/N5A/boundary_N2000_P100_s42_tau3_lam0.352.npz,1619963,,"raw campaign output, kept in the local archive"
4_campaigns/numerical_workplan/runs/N5A/boundary_N2000_P100_s44_tau3_lam0.354.npz,1617272,,"raw campaign output, kept in the local archive"
4_campaigns/numerical_workplan/runs/N5A/boundary_N2000_P100_s44_tau3_lam0.350.npz,1616414,,"raw campaign output, kept in the local archive"
4_campaigns/numerical_workplan/runs/N5A/boundary_N2000_P100_s43_tau3_lam0.328.npz,1616167,,"raw campaign output, kept in the local archive"
4_campaigns/numerical_workplan/runs/N5A/boundary_N2000_P100_s44_tau3_lam0.346.npz,1615851,,"raw campaign output, kept in the local archive"
4_campaigns/numerical_workplan/runs/N5A/boundary_N2000_P100_s46_tau3_lam0.316.npz,1615693,,"raw campaign output, kept in the local archive"
4_campaigns/numerical_workplan/runs/N5A/boundary_N2000_P100_s44_tau3_lam0.358.npz,1615507,,"raw campaign output, kept in the local archive"
4_campaigns/numerical_workplan/runs/N5A/boundary_N2000_P100_s46_tau3_lam0.314.npz,1615408,,"raw campaign output, kept in the local archive"
4_campaigns/numerical_workplan/runs/N5A/boundary_N2000_P100_s46_tau3_lam0.300.npz,1615270,,"raw campaign output, kept in the local archive"
4_campaigns/numerical_workplan/runs/N5A/boundary_N2000_P100_s46_tau3_lam0.326.npz,1615130,,"raw campaign output, kept in the local archive"
4_campaigns/numerical_workplan/runs/N5A/boundary_N2000_P100_s46_tau3_lam0.330.npz,1615099,,"raw campaign output, kept in the local archive"
4_campaigns/numerical_workplan/runs/N5A/boundary_N2000_P100_s46_tau3_lam0.336.npz,1615018,,"raw campaign output, kept in the local archive"
4_campaigns/numerical_workplan/runs/N1/dynamic_N2000_P100_seed55.checkpoint.npz,1614912,,"raw campaign output, kept in the local archive"
4_campaigns/numerical_workplan/runs/N5A/boundary_N2000_P100_s46_tau3_lam0.312.npz,1614853,,"raw campaign output, kept in the local archive"
4_campaigns/numerical_workplan/runs/N5A/boundary_N2000_P100_s43_tau3_lam0.314.npz,1614709,,"raw campaign output, kept in the local archive"
4_campaigns/numerical_workplan/runs/N5A/boundary_N2000_P100_s46_tau3_lam0.306.npz,1614645,,"raw campaign output, kept in the local archive"
4_campaigns/numerical_workplan/runs/N5A/boundary_N2000_P100_s44_tau3_lam0.340.npz,1614592,,"raw campaign output, kept in the local archive"
4_campaigns/numerical_workplan/runs/N5A/boundary_N2000_P100_s44_tau3_lam0.352.npz,1614590,,"raw campaign output, kept in the local archive"
4_campaigns/numerical_workplan/runs/N5A/boundary_N2000_P100_s43_tau3_lam0.322.npz,1614452,,"raw campaign output, kept in the local archive"
4_campaigns/numerical_workplan/runs/N5A/boundary_N2000_P100_s46_tau3_lam0.324.npz,1614260,,"raw campaign output, kept in the local archive"
4_campaigns/numerical_workplan/runs/N5A/boundary_N2000_P100_s43_tau3_lam0.308.npz,1614172,,"raw campaign output, kept in the local archive"
4_campaigns/numerical_workplan/runs/N5A/boundary_N2000_P100_s44_tau3_lam0.360.npz,1614161,,"raw campaign output, kept in the local archive"
4_campaigns/numerical_workplan/runs/N5A/boundary_N2000_P100_s46_tau3_lam0.328.npz,1614022,,"raw campaign output, kept in the local archive"
4_campaigns/numerical_workplan/runs/N5A/boundary_N2000_P100_s46_tau3_lam0.332.npz,1613995,,"raw campaign output, kept in the local archive"
4_campaigns/numerical_workplan/runs/N5A/boundary_N2000_P100_s43_tau3_lam0.326.npz,1613942,,"raw campaign output, kept in the local archive"
4_campaigns/numerical_workplan/runs/N5A/boundary_N2000_P100_s46_tau3_lam0.322.npz,1613711,,"raw campaign output, kept in the local archive"
4_campaigns/numerical_workplan/runs/N5A/boundary_N2000_P100_s46_tau3_lam0.320.npz,1613308,,"raw campaign output, kept in the local archive"
4_campaigns/numerical_workplan/runs/N5A/boundary_N2000_P100_s43_tau3_lam0.318.npz,1613293,,"raw campaign output, kept in the local archive"
4_campaigns/numerical_workplan/runs/N5A/boundary_N2000_P100_s43_tau3_lam0.316.npz,1613246,,"raw campaign output, kept in the local archive"
4_campaigns/numerical_workplan/runs/N5A/boundary_N2000_P100_s43_tau3_lam0.310.npz,1613180,,"raw campaign output, kept in the local archive"
4_campaigns/numerical_workplan/runs/N5A/boundary_N2000_P100_s46_tau3_lam0.302.npz,1613004,,"raw campaign output, kept in the local archive"
4_campaigns/numerical_workplan/runs/N5A/boundary_N2000_P100_s46_tau3_lam0.310.npz,1612838,,"raw campaign output, kept in the local archive"
4_campaigns/numerical_workplan/runs/N5A/boundary_N2000_P100_s46_tau3_lam0.308.npz,1612796,,"raw campaign output, kept in the local archive"
4_campaigns/numerical_workplan/runs/N5A/boundary_N2000_P100_s45_tau3_lam0.334.npz,1612761,,"raw campaign output, kept in the local archive"
4_campaigns/numerical_workplan/runs/N5A/boundary_N2000_P100_s42_tau3_lam0.320.npz,1612711,,"raw campaign output, kept in the local archive"
4_campaigns/numerical_workplan/runs/N5A/boundary_N2000_P100_s44_tau3_lam0.338.npz,1612703,,"raw campaign output, kept in the local archive"
4_campaigns/numerical_workplan/runs/N5A/boundary_N2000_P100_s42_tau3_lam0.334.npz,1612644,,"raw campaign output, kept in the local archive"
4_campaigns/numerical_workplan/runs/N5A/boundary_N2000_P100_s43_tau3_lam0.304.npz,1612585,,"raw campaign output, kept in the local archive"
4_campaigns/numerical_workplan/runs/N5A/boundary_N2000_P100_s43_tau3_lam0.332.npz,1612236,,"raw campaign output, kept in the local archive"
4_campaigns/numerical_workplan/runs/N5A/boundary_N2000_P100_s42_tau3_lam0.326.npz,1612119,,"raw campaign output, kept in the local archive"
4_campaigns/numerical_workplan/runs/N5A/boundary_N2000_P100_s44_tau3_lam0.326.npz,1612118,,"raw campaign output, kept in the local archive"
4_campaigns/numerical_workplan/runs/N5A/boundary_N2000_P100_s43_tau3_lam0.306.npz,1611898,,"raw campaign output, kept in the local archive"
4_campaigns/numerical_workplan/runs/N5A/boundary_N2000_P100_s44_tau3_lam0.328.npz,1611791,,"raw campaign output, kept in the local archive"
4_campaigns/numerical_workplan/runs/N5A/boundary_N2000_P100_s45_tau3_lam0.322.npz,1611680,,"raw campaign output, kept in the local archive"
4_campaigns/numerical_workplan/runs/N5A/boundary_N2000_P100_s44_tau3_lam0.334.npz,1611522,,"raw campaign output, kept in the local archive"
4_campaigns/numerical_workplan/runs/N1/dynamic_N2000_P100_seed46.checkpoint.npz,1611329,,"raw campaign output, kept in the local archive"
4_campaigns/numerical_workplan/runs/N5A/boundary_N2000_P100_s44_tau3_lam0.356.npz,1611274,,"raw campaign output, kept in the local archive"
4_campaigns/numerical_workplan/runs/N5A/boundary_N2000_P100_s43_tau3_lam0.334.npz,1610939,,"raw campaign output, kept in the local archive"
4_campaigns/numerical_workplan/runs/N5A/boundary_N2000_P100_s42_tau3_lam0.316.npz,1610310,,"raw campaign output, kept in the local archive"
4_campaigns/numerical_workplan/runs/N5A/boundary_N2000_P100_s42_tau3_lam0.330.npz,1610265,,"raw campaign output, kept in the local archive"
4_campaigns/numerical_workplan/runs/N5A/boundary_N2000_P100_s43_tau3_lam0.330.npz,1609873,,"raw campaign output, kept in the local archive"
4_campaigns/numerical_workplan/runs/N5A/boundary_N2000_P100_s43_tau3_lam0.324.npz,1609802,,"raw campaign output, kept in the local archive"
4_campaigns/numerical_workplan/runs/N5A/boundary_N2000_P100_s42_tau3_lam0.328.npz,1609752,,"raw campaign output, kept in the local archive"
4_campaigns/numerical_workplan/runs/N5A/boundary_N2000_P100_s46_tau3_lam0.318.npz,1609647,,"raw campaign output, kept in the local archive"
4_campaigns/numerical_workplan/runs/N1/dynamic_N2000_P100_seed54.checkpoint.npz,1609545,,"raw campaign output, kept in the local archive"
4_campaigns/numerical_workplan/runs/N5A/boundary_N2000_P100_s42_tau3_lam0.324.npz,1609533,,"raw campaign output, kept in the local archive"
4_campaigns/numerical_workplan/runs/N5A/boundary_N2000_P100_s44_tau3_lam0.348.npz,1609525,,"raw campaign output, kept in the local archive"
4_campaigns/numerical_workplan/runs/N5A/boundary_N2000_P100_s45_tau3_lam0.304.npz,1609197,,"raw campaign output, kept in the local archive"
4_campaigns/numerical_workplan/runs/N5A/boundary_N2000_P100_s44_tau3_lam0.330.npz,1608978,,"raw campaign output, kept in the local archive"
4_campaigns/numerical_workplan/runs/N5A/boundary_N2000_P100_s45_tau3_lam0.318.npz,1608624,,"raw campaign output, kept in the local archive"
4_campaigns/numerical_workplan/runs/N5A/boundary_N2000_P100_s42_tau3_lam0.332.npz,1608421,,"raw campaign output, kept in the local archive"
4_campaigns/numerical_workplan/runs/N5A/boundary_N2000_P100_s43_tau3_lam0.312.npz,1608390,,"raw campaign output, kept in the local archive"
4_campaigns/numerical_workplan/runs/N5A/boundary_N2000_P100_s45_tau3_lam0.310.npz,1608324,,"raw campaign output, kept in the local archive"
4_campaigns/numerical_workplan/runs/N5A/boundary_N2000_P100_s44_tau3_lam0.342.npz,1608128,,"raw campaign output, kept in the local archive"
4_campaigns/numerical_workplan/runs/N1/dynamic_N2000_P100_seed60.checkpoint.npz,1608059,,"raw campaign output, kept in the local archive"
4_campaigns/numerical_workplan/runs/N5A/boundary_N2000_P100_s45_tau3_lam0.308.npz,1607985,,"raw campaign output, kept in the local archive"
4_campaigns/numerical_workplan/runs/N5A/boundary_N2000_P100_s44_tau3_lam0.332.npz,1607019,,"raw campaign output, kept in the local archive"
4_campaigns/numerical_workplan/runs/N5A/boundary_N2000_P100_s42_tau3_lam0.318.npz,1606522,,"raw campaign output, kept in the local archive"
4_campaigns/numerical_workplan/runs/N5A/boundary_N2000_P100_s45_tau3_lam0.336.npz,1606153,,"raw campaign output, kept in the local archive"
4_campaigns/numerical_workplan/runs/N5A/boundary_N2000_P100_s45_tau3_lam0.312.npz,1606083,,"raw campaign output, kept in the local archive"
4_campaigns/numerical_workplan/runs/N5A/boundary_N2000_P100_s45_tau3_lam0.338.npz,1605875,,"raw campaign output, kept in the local archive"
4_campaigns/numerical_workplan/runs/N5A/boundary_N2000_P100_s45_tau3_lam0.326.npz,1605476,,"raw campaign output, kept in the local archive"
4_campaigns/numerical_workplan/runs/N5A/boundary_N2000_P100_s45_tau3_lam0.324.npz,1604978,,"raw campaign output, kept in the local archive"
4_campaigns/numerical_workplan/runs/N5A/boundary_N2000_P100_s45_tau3_lam0.320.npz,1604748,,"raw campaign output, kept in the local archive"
4_campaigns/numerical_workplan/runs/N5A/boundary_N2000_P100_s45_tau3_lam0.306.npz,1604711,,"raw campaign output, kept in the local archive"
4_campaigns/numerical_workplan/runs/N5A/boundary_N2000_P100_s45_tau3_lam0.328.npz,1604696,,"raw campaign output, kept in the local archive"
4_campaigns/numerical_workplan/runs/N5A/boundary_N2000_P100_s45_tau3_lam0.332.npz,1604574,,"raw campaign output, kept in the local archive"
4_campaigns/numerical_workplan/runs/N5A/boundary_N2000_P100_s46_tau3_lam0.334.npz,1604274,,"raw campaign output, kept in the local archive"
4_campaigns/numerical_workplan/runs/N5A/boundary_N2000_P100_s44_tau3_lam0.324.npz,1602844,,"raw campaign output, kept in the local archive"
4_campaigns/numerical_workplan/runs/N5A/boundary_N2000_P100_s44_tau3_lam0.336.npz,1602835,,"raw campaign output, kept in the local archive"
4_campaigns/numerical_workplan/runs/N5A/boundary_N2000_P100_s45_tau3_lam0.342.npz,1602501,,"raw campaign output, kept in the local archive"
4_campaigns/numerical_workplan/runs/N5A/boundary_N2000_P100_s44_tau3_lam0.344.npz,1602254,,"raw campaign output, kept in the local archive"
4_campaigns/numerical_workplan/runs/N5A/boundary_N2000_P100_s42_tau3_lam0.314.npz,1602173,,"raw campaign output, kept in the local archive"
4_campaigns/numerical_workplan/runs/N5A/boundary_N2000_P100_s45_tau3_lam0.316.npz,1602114,,"raw campaign output, kept in the local archive"
4_campaigns/numerical_workplan/runs/N5A/boundary_N2000_P100_s46_tau3_lam0.304.npz,1600270,,"raw campaign output, kept in the local archive"
4_campaigns/numerical_workplan/runs/N5A/boundary_N2000_P100_s45_tau3_lam0.314.npz,1599858,,"raw campaign output, kept in the local archive"
4_campaigns/numerical_workplan/runs/benchmarks/n6_N2000_P100_k8_T20.npz,1599348,,"raw campaign output, kept in the local archive"
4_campaigns/numerical_workplan/runs/N5A/boundary_N2000_P100_s42_tau3_lam0.322.npz,1599166,,"raw campaign output, kept in the local archive"
4_campaigns/numerical_workplan/runs/N5A/boundary_N2000_P100_s45_tau3_lam0.340.npz,1598692,,"raw campaign output, kept in the local archive"
4_campaigns/numerical_workplan/runs/N5A/boundary_N2000_P100_s45_tau3_lam0.330.npz,1593750,,"raw campaign output, kept in the local archive"
4_campaigns/numerical_workplan/runs/N5A/coherence_N2000_P100_s44_tau1.4_dt0.005.npz,1591466,,"raw campaign output, kept in the local archive"
4_campaigns/numerical_workplan/runs/N5A/coherence_N2000_P100_s42_tau1.4_dt0.005.npz,1591281,,"raw campaign output, kept in the local archive"
4_campaigns/numerical_workplan/runs/N5A/coherence_N2000_P100_s43_tau1.4_dt0.005.npz,1591130,,"raw campaign output, kept in the local archive"
4_campaigns/numerical_workplan/runs/N5A/coherence_N2000_P100_s46_tau1.4_dt0.005.npz,1591041,,"raw campaign output, kept in the local archive"
4_campaigns/numerical_workplan/runs/N5A/coherence_N2000_P100_s45_tau1.4_dt0.005.npz,1590999,,"raw campaign output, kept in the local archive"
4_campaigns/numerical_workplan/runs/N5A/boundary_N2000_P100_s43_tau3_lam0.320.npz,1586772,,"raw campaign output, kept in the local archive"
4_campaigns/numerical_workplan/runs/N5A/boundary_N2000_P100_s46_tau5_lam0.324.npz,1586750,,"raw campaign output, kept in the local archive"
4_campaigns/numerical_workplan/runs/N5A/coherence_N2000_P100_s42_tau1.3_dt0.005.npz,1560724,,"raw campaign output, kept in the local archive"
4_campaigns/numerical_workplan/runs/N5A/coherence_N2000_P100_s46_tau1.3_dt0.005.npz,1560719,,"raw campaign output, kept in the local archive"
4_campaigns/numerical_workplan/runs/N5A/coherence_N2000_P100_s43_tau1.3_dt0.005.npz,1560633,,"raw campaign output, kept in the local archive"
4_campaigns/numerical_workplan/runs/N5A/coherence_N2000_P100_s45_tau1.3_dt0.005.npz,1560518,,"raw campaign output, kept in the local archive"
4_campaigns/numerical_workplan/runs/N5A/coherence_N2000_P100_s44_tau1.3_dt0.005.npz,1556973,,"raw campaign output, kept in the local archive"
4_campaigns/numerical_workplan/runs/N1_AUDIT/points/N2000_P100_s48_ascending_lam0p33072574_dt0p005_tours5.npz,1549595,,"raw campaign output, kept in the local archive"
4_campaigns/numerical_workplan/runs/N1_AUDIT/points/N2000_P100_s48_ascending_lam0p33251628_dt0p005_tours5.npz,1541718,,"raw campaign output, kept in the local archive"
4_campaigns/numerical_workplan/runs/N1_AUDIT/points/N2000_P100_s42_descending_lam0p32875000_dt0p01_tours1.npz,1528855,,"raw campaign output, kept in the local archive"
4_campaigns/numerical_workplan/runs/N1_AUDIT/points/N2000_P100_s42_descending_lam0p32818750_dt0p01_tours1.npz,1528127,,"raw campaign output, kept in the local archive"
4_campaigns/numerical_workplan/runs/N5A/coherence_N2000_P100_s45_tau1.2_dt0.005.npz,1527031,,"raw campaign output, kept in the local archive"
4_campaigns/numerical_workplan/runs/N5A/coherence_N2000_P100_s43_tau1.2_dt0.005.npz,1526595,,"raw campaign output, kept in the local archive"
4_campaigns/numerical_workplan/runs/N5A/coherence_N2000_P100_s44_tau1.2_dt0.005.npz,1526110,,"raw campaign output, kept in the local archive"
4_campaigns/numerical_workplan/runs/N5A/coherence_N2000_P100_s42_tau1.2_dt0.005.npz,1526041,,"raw campaign output, kept in the local archive"
4_campaigns/numerical_workplan/runs/N5A/coherence_N2000_P100_s46_tau1.2_dt0.005.npz,1523815,,"raw campaign output, kept in the local archive"
4_campaigns/numerical_workplan/runs/N1_AUDIT/points/N2000_P100_s42_ascending_lam0p32762500_dt0p005_tours5.npz,1499035,,"raw campaign output, kept in the local archive"
4_campaigns/numerical_workplan/runs/N5A/boundary_N2000_P100_s45_tau0.5_lam0.360_lyap.npz,1486034,,"raw campaign output, kept in the local archive"
4_campaigns/numerical_workplan/runs/N1_AUDIT/points/N2000_P100_s61_ascending_lam0p32491665_dt0p005_tours5.npz,1476898,,"raw campaign output, kept in the local archive"
4_campaigns/numerical_workplan/runs/N1_AUDIT/points/N2000_P100_s42_descending_lam0p32762500_dt0p005_tours5.npz,1472656,,"raw campaign output, kept in the local archive"
4_campaigns/numerical_workplan/runs/N5A/coherence_N2000_P100_s46_tau2_dt0.01.npz,1468673,,"raw campaign output, kept in the local archive"
4_campaigns/numerical_workplan/runs/N5A/coherence_N2000_P100_s44_tau2_dt0.01.npz,1468610,,"raw campaign output, kept in the local archive"
4_campaigns/numerical_workplan/runs/N5A/coherence_N2000_P100_s45_tau2_dt0.01.npz,1468605,,"raw campaign output, kept in the local archive"
4_campaigns/numerical_workplan/runs/N5A/coherence_N2000_P100_s43_tau2_dt0.01.npz,1468548,,"raw campaign output, kept in the local archive"
4_campaigns/numerical_workplan/runs/N5A/coherence_N2000_P100_s42_tau2_dt0.01.npz,1468308,,"raw campaign output, kept in the local archive"
4_campaigns/numerical_workplan/runs/N1_AUDIT/points/N2000_P100_s44_descending_lam0p33925000_dt0p005_tours5.npz,1468205,,"raw campaign output, kept in the local archive"
4_campaigns/numerical_workplan/runs/N5A/boundary_N2000_P100_s42_tau3_lam0.302.npz,1467944,,"raw campaign output, kept in the local archive"
4_campaigns/numerical_workplan/runs/N5A/boundary_N2000_P100_s43_tau2_lam0.358.npz,1464922,,"raw campaign output, kept in the local archive"
4_campaigns/numerical_workplan/runs/N5A/boundary_N2000_P100_s46_tau2_lam0.344.npz,1464383,,"raw campaign output, kept in the local archive"
4_campaigns/numerical_workplan/runs/N5A/boundary_N2000_P100_s46_tau2_lam0.348.npz,1464310,,"raw campaign output, kept in the local archive"
4_campaigns/numerical_workplan/runs/N5A/boundary_N2000_P100_s46_tau2_lam0.336.npz,1464287,,"raw campaign output, kept in the local archive"
4_campaigns/numerical_workplan/runs/N5A/boundary_N2000_P100_s44_tau2_lam0.326.npz,1464238,,"raw campaign output, kept in the local archive"
4_campaigns/numerical_workplan/runs/N5A/boundary_N2000_P100_s42_tau2_lam0.354.npz,1464107,,"raw campaign output, kept in the local archive"
4_campaigns/numerical_workplan/runs/N5A/boundary_N2000_P100_s42_tau2_lam0.358.npz,1464000,,"raw campaign output, kept in the local archive"
4_campaigns/numerical_workplan/runs/N5A/boundary_N2000_P100_s42_tau2_lam0.326.npz,1463541,,"raw campaign output, kept in the local archive"
4_campaigns/numerical_workplan/runs/N5A/boundary_N2000_P100_s42_tau2_lam0.346.npz,1463536,,"raw campaign output, kept in the local archive"
4_campaigns/numerical_workplan/runs/N5A/boundary_N2000_P100_s46_tau2_lam0.346.npz,1463442,,"raw campaign output, kept in the local archive"
4_campaigns/numerical_workplan/runs/N5A/boundary_N2000_P100_s46_tau2_lam0.356.npz,1463381,,"raw campaign output, kept in the local archive"
4_campaigns/numerical_workplan/runs/N5A/boundary_N2000_P100_s46_tau2_lam0.334.npz,1463380,,"raw campaign output, kept in the local archive"
4_campaigns/numerical_workplan/runs/N5A/boundary_N2000_P100_s46_tau2_lam0.322.npz,1463379,,"raw campaign output, kept in the local archive"
4_campaigns/numerical_workplan/runs/N5A/boundary_N2000_P100_s42_tau2_lam0.332.npz,1463319,,"raw campaign output, kept in the local archive"
4_campaigns/numerical_workplan/runs/N5A/boundary_N2000_P100_s44_tau2_lam0.360.npz,1463288,,"raw campaign output, kept in the local archive"
4_campaigns/numerical_workplan/runs/N5A/boundary_N2000_P100_s44_tau2_lam0.354.npz,1463263,,"raw campaign output, kept in the local archive"
4_campaigns/numerical_workplan/runs/N5A/boundary_N2000_P100_s44_tau2_lam0.342.npz,1463252,,"raw campaign output, kept in the local archive"
4_campaigns/numerical_workplan/runs/N5A/boundary_N2000_P100_s46_tau2_lam0.338.npz,1463251,,"raw campaign output, kept in the local archive"
4_campaigns/numerical_workplan/runs/N5A/boundary_N2000_P100_s42_tau2_lam0.334.npz,1463247,,"raw campaign output, kept in the local archive"
4_campaigns/numerical_workplan/runs/N5A/boundary_N2000_P100_s46_tau2_lam0.332.npz,1463148,,"raw campaign output, kept in the local archive"
4_campaigns/numerical_workplan/runs/N5A/boundary_N2000_P100_s46_tau2_lam0.326.npz,1463012,,"raw campaign output, kept in the local archive"
4_campaigns/numerical_workplan/runs/N5A/boundary_N2000_P100_s46_tau2_lam0.354.npz,1462973,,"raw campaign output, kept in the local archive"
4_campaigns/numerical_workplan/runs/N5A/boundary_N2000_P100_s42_tau2_lam0.350.npz,1462937,,"raw campaign output, kept in the local archive"
4_campaigns/numerical_workplan/runs/N5A/boundary_N2000_P100_s46_tau2_lam0.328.npz,1462932,,"raw campaign output, kept in the local archive"
4_campaigns/numerical_workplan/runs/N5A/boundary_N2000_P100_s42_tau2_lam0.356.npz,1462665,,"raw campaign output, kept in the local archive"
4_campaigns/numerical_workplan/runs/N5A/boundary_N2000_P100_s42_tau2_lam0.328.npz,1462658,,"raw campaign output, kept in the local archive"
4_campaigns/numerical_workplan/runs/N5A/boundary_N2000_P100_s46_tau2_lam0.352.npz,1462551,,"raw campaign output, kept in the local archive"
4_campaigns/numerical_workplan/runs/N5A/boundary_N2000_P100_s42_tau2_lam0.352.npz,1462532,,"raw campaign output, kept in the local archive"
4_campaigns/numerical_workplan/runs/N5A/boundary_N2000_P100_s46_tau2_lam0.350.npz,1462440,,"raw campaign output, kept in the local archive"
4_campaigns/numerical_workplan/runs/N5A/boundary_N2000_P100_s44_tau2_lam0.346.npz,1462423,,"raw campaign output, kept in the local archive"
4_campaigns/numerical_workplan/runs/N5A/boundary_N2000_P100_s44_tau2_lam0.328.npz,1462271,,"raw campaign output, kept in the local archive"
4_campaigns/numerical_workplan/runs/N5A/boundary_N2000_P100_s43_tau2_lam0.314.npz,1462252,,"raw campaign output, kept in the local archive"
4_campaigns/numerical_workplan/runs/N5A/boundary_N2000_P100_s46_tau2_lam0.360.npz,1462186,,"raw campaign output, kept in the local archive"
4_campaigns/numerical_workplan/runs/N5A/boundary_N2000_P100_s46_tau2_lam0.324.npz,1462067,,"raw campaign output, kept in the local archive"
4_campaigns/numerical_workplan/runs/N5A/boundary_N2000_P100_s46_tau2_lam0.330.npz,1462059,,"raw campaign output, kept in the local archive"
4_campaigns/numerical_workplan/runs/N5A/boundary_N2000_P100_s44_tau2_lam0.334.npz,1462020,,"raw campaign output, kept in the local archive"
4_campaigns/numerical_workplan/runs/N5A/boundary_N2000_P100_s44_tau2_lam0.356.npz,1461992,,"raw campaign output, kept in the local archive"
4_campaigns/numerical_workplan/runs/N5A/boundary_N2000_P100_s43_tau2_lam0.360.npz,1461983,,"raw campaign output, kept in the local archive"
4_campaigns/numerical_workplan/runs/N5A/boundary_N2000_P100_s44_tau2_lam0.352.npz,1461855,,"raw campaign output, kept in the local archive"
4_campaigns/numerical_workplan/runs/N5A/boundary_N2000_P100_s42_tau2_lam0.360.npz,1461568,,"raw campaign output, kept in the local archive"
4_campaigns/numerical_workplan/runs/N5A/boundary_N2000_P100_s43_tau2_lam0.306.npz,1461534,,"raw campaign output, kept in the local archive"
4_campaigns/numerical_workplan/runs/N5A/boundary_N2000_P100_s44_tau2_lam0.344.npz,1461420,,"raw campaign output, kept in the local archive"
4_campaigns/numerical_workplan/runs/N5A/boundary_N2000_P100_s44_tau2_lam0.330.npz,1461150,,"raw campaign output, kept in the local archive"
4_campaigns/numerical_workplan/runs/N5A/boundary_N2000_P100_s42_tau2_lam0.330.npz,1461124,,"raw campaign output, kept in the local archive"
4_campaigns/numerical_workplan/runs/N5A/boundary_N2000_P100_s45_tau2_lam0.314.npz,1460788,,"raw campaign output, kept in the local archive"
4_campaigns/numerical_workplan/runs/N5A/boundary_N2000_P100_s46_tau2_lam0.342.npz,1460757,,"raw campaign output, kept in the local archive"
4_campaigns/numerical_workplan/runs/N5A/boundary_N2000_P100_s46_tau2_lam0.358.npz,1460345,,"raw campaign output, kept in the local archive"
4_campaigns/numerical_workplan/runs/N5A/boundary_N2000_P100_s42_tau2_lam0.322.npz,1460048,,"raw campaign output, kept in the local archive"
4_campaigns/numerical_workplan/runs/N5A/boundary_N2000_P100_s44_tau2_lam0.348.npz,1460012,,"raw campaign output, kept in the local archive"
4_campaigns/numerical_workplan/runs/N5A/boundary_N2000_P100_s43_tau2_lam0.318.npz,1459968,,"raw campaign output, kept in the local archive"
4_campaigns/numerical_workplan/runs/N5A/boundary_N2000_P100_s44_tau2_lam0.338.npz,1459910,,"raw campaign output, kept in the local archive"
4_campaigns/numerical_workplan/runs/N5A/boundary_N2000_P100_s43_tau2_lam0.312.npz,1459848,,"raw campaign output, kept in the local archive"
4_campaigns/numerical_workplan/runs/N5A/boundary_N2000_P100_s44_tau2_lam0.336.npz,1459327,,"raw campaign output, kept in the local archive"
4_campaigns/numerical_workplan/runs/N5A/boundary_N2000_P100_s42_tau2_lam0.336.npz,1459194,,"raw campaign output, kept in the local archive"
4_campaigns/numerical_workplan/runs/N5A/boundary_N2000_P100_s44_tau2_lam0.324.npz,1458673,,"raw campaign output, kept in the local archive"
4_campaigns/numerical_workplan/runs/N5A/boundary_N2000_P100_s42_tau2_lam0.338.npz,1458589,,"raw campaign output, kept in the local archive"
4_campaigns/numerical_workplan/runs/N5A/boundary_N2000_P100_s42_tau2_lam0.320.npz,1458369,,"raw campaign output, kept in the local archive"
4_campaigns/numerical_workplan/runs/N5A/boundary_N2000_P100_s44_tau2_lam0.340.npz,1458298,,"raw campaign output, kept in the local archive"
4_campaigns/numerical_workplan/runs/N5A/boundary_N2000_P100_s44_tau2_lam0.332.npz,1458252,,"raw campaign output, kept in the local archive"
4_campaigns/numerical_workplan/runs/N5A/boundary_N2000_P100_s45_tau2_lam0.336.npz,1458028,,"raw campaign output, kept in the local archive"
4_campaigns/numerical_workplan/runs/N5A/boundary_N2000_P100_s45_tau2_lam0.330.npz,1457879,,"raw campaign output, kept in the local archive"
4_campaigns/numerical_workplan/runs/N5A/boundary_N2000_P100_s45_tau2_lam0.344.npz,1457682,,"raw campaign output, kept in the local archive"
4_campaigns/numerical_workplan/runs/N5A/boundary_N2000_P100_s45_tau2_lam0.318.npz,1457447,,"raw campaign output, kept in the local archive"
4_campaigns/numerical_workplan/runs/N5A/boundary_N2000_P100_s43_tau2_lam0.310.npz,1457159,,"raw campaign output, kept in the local archive"
4_campaigns/numerical_workplan/runs/N5A/boundary_N2000_P100_s46_tau2_lam0.340.npz,1456739,,"raw campaign output, kept in the local archive"
4_campaigns/numerical_workplan/runs/N5A/boundary_N2000_P100_s45_tau2_lam0.352.npz,1456430,,"raw campaign output, kept in the local archive"
4_campaigns/numerical_workplan/runs/N5A/boundary_N2000_P100_s45_tau2_lam0.348.npz,1456423,,"raw campaign output, kept in the local archive"
4_campaigns/numerical_workplan/runs/N5A/boundary_N2000_P100_s45_tau2_lam0.316.npz,1456091,,"raw campaign output, kept in the local archive"
4_campaigns/numerical_workplan/runs/N5A/boundary_N2000_P100_s44_tau2_lam0.350.npz,1455502,,"raw campaign output, kept in the local archive"
4_campaigns/numerical_workplan/runs/N5A/boundary_N2000_P100_s44_tau2_lam0.358.npz,1455246,,"raw campaign output, kept in the local archive"
4_campaigns/numerical_workplan/runs/N5A/boundary_N2000_P100_s42_tau2_lam0.348.npz,1455008,,"raw campaign output, kept in the local archive"
4_campaigns/numerical_workplan/runs/N5A/boundary_N2000_P100_s45_tau2_lam0.350.npz,1454903,,"raw campaign output, kept in the local archive"
4_campaigns/numerical_workplan/runs/N5A/boundary_N2000_P100_s42_tau2_lam0.342.npz,1454753,,"raw campaign output, kept in the local archive"
4_campaigns/numerical_workplan/runs/N5A/boundary_N2000_P100_s45_tau2_lam0.332.npz,1454752,,"raw campaign output, kept in the local archive"
4_campaigns/numerical_workplan/runs/N5A/boundary_N2000_P100_s45_tau2_lam0.324.npz,1454407,,"raw campaign output, kept in the local archive"
4_campaigns/numerical_workplan/runs/N5A/boundary_N2000_P100_s43_tau2_lam0.316.npz,1454401,,"raw campaign output, kept in the local archive"
4_campaigns/numerical_workplan/runs/N5A/boundary_N2000_P100_s43_tau2_lam0.308.npz,1454055,,"raw campaign output, kept in the local archive"
4_campaigns/numerical_workplan/runs/N5A/boundary_N2000_P100_s42_tau2_lam0.324.npz,1453977,,"raw campaign output, kept in the local archive"
4_campaigns/numerical_workplan/runs/N5A/boundary_N2000_P100_s45_tau2_lam0.338.npz,1453675,,"raw campaign output, kept in the local archive"
4_campaigns/numerical_workplan/runs/N5A/boundary_N2000_P100_s45_tau2_lam0.356.npz,1453657,,"raw campaign output, kept in the local archive"
4_campaigns/numerical_workplan/runs/N5A/boundary_N2000_P100_s45_tau2_lam0.340.npz,1453618,,"raw campaign output, kept in the local archive"
4_campaigns/numerical_workplan/runs/N5A/boundary_N2000_P100_s45_tau2_lam0.342.npz,1453185,,"raw campaign output, kept in the local archive"
4_campaigns/numerical_workplan/runs/N5A/boundary_N2000_P100_s45_tau2_lam0.320.npz,1453097,,"raw campaign output, kept in the local archive"
4_campaigns/numerical_workplan/runs/N5A/boundary_N2000_P100_s45_tau2_lam0.358.npz,1453066,,"raw campaign output, kept in the local archive"
4_campaigns/numerical_workplan/runs/N5A/boundary_N2000_P100_s45_tau2_lam0.334.npz,1452507,,"raw campaign output, kept in the local archive"
4_campaigns/numerical_workplan/runs/N5A/boundary_N2000_P100_s45_tau2_lam0.322.npz,1451527,,"raw campaign output, kept in the local archive"
4_campaigns/numerical_workplan/runs/N5A/boundary_N2000_P100_s45_tau2_lam0.354.npz,1451485,,"raw campaign output, kept in the local archive"
4_campaigns/numerical_workplan/runs/N1_AUDIT/points/N2000_P100_s48_descending_lam0p33229246_dt0p005_tours5.npz,1451454,,"raw campaign output, kept in the local archive"
4_campaigns/numerical_workplan/runs/N5A/boundary_N2000_P100_s45_tau2_lam0.346.npz,1451076,,"raw campaign output, kept in the local archive"
4_campaigns/numerical_workplan/runs/N5A/boundary_N2000_P100_s45_tau2_lam0.312.npz,1450438,,"raw campaign output, kept in the local archive"
4_campaigns/numerical_workplan/runs/N5A/boundary_N2000_P100_s45_tau2_lam0.326.npz,1450040,,"raw campaign output, kept in the local archive"
4_campaigns/numerical_workplan/runs/N5A/boundary_N2000_P100_s42_tau2_lam0.344.npz,1449804,,"raw campaign output, kept in the local archive"
4_campaigns/numerical_workplan/runs/N5A/boundary_N2000_P100_s42_tau2_lam0.340.npz,1448200,,"raw campaign output, kept in the local archive"
4_campaigns/numerical_workplan/runs/N5A/boundary_N2000_P100_s45_tau2_lam0.328.npz,1440301,,"raw campaign output, kept in the local archive"
4_campaigns/numerical_workplan/runs/N1_AUDIT/points/N2000_P100_s44_descending_lam0p33929465_dt0p005_tours5.npz,1439333,,"raw campaign output, kept in the local archive"
4_campaigns/numerical_workplan/runs/N5A/coherence_N2000_P100_s44_tau1.8_dt0.01.npz,1437981,,"raw campaign output, kept in the local archive"
4_campaigns/numerical_workplan/runs/N5A/coherence_N2000_P100_s42_tau1.8_dt0.01.npz,1437977,,"raw campaign output, kept in the local archive"
4_campaigns/numerical_workplan/runs/N5A/coherence_N2000_P100_s46_tau1.8_dt0.01.npz,1437832,,"raw campaign output, kept in the local archive"
4_campaigns/numerical_workplan/runs/N5A/coherence_N2000_P100_s45_tau1.8_dt0.01.npz,1437795,,"raw campaign output, kept in the local archive"
4_campaigns/numerical_workplan/runs/N5A/coherence_N2000_P100_s43_tau1.8_dt0.01.npz,1437768,,"raw campaign output, kept in the local archive"
4_campaigns/numerical_workplan/runs/N1_AUDIT/points/N2000_P100_s42_ascending_lam0p32650000_dt0p005_tours5.npz,1433995,,"raw campaign output, kept in the local archive"
4_campaigns/numerical_workplan/runs/N5A/boundary_N2000_P100_s45_tau2_lam0.360.npz,1426472,,"raw campaign output, kept in the local archive"
4_campaigns/numerical_workplan/runs/N5A/coherence_N2000_P100_s46_tau1.6_dt0.01.npz,1407666,,"raw campaign output, kept in the local archive"
4_campaigns/numerical_workplan/runs/N5A/coherence_N2000_P100_s44_tau1.6_dt0.01.npz,1407595,,"raw campaign output, kept in the local archive"
4_campaigns/numerical_workplan/runs/N5A/coherence_N2000_P100_s43_tau1.6_dt0.01.npz,1407440,,"raw campaign output, kept in the local archive"
4_campaigns/numerical_workplan/runs/N5A/coherence_N2000_P100_s42_tau1.6_dt0.01.npz,1407393,,"raw campaign output, kept in the local archive"
4_campaigns/numerical_workplan/runs/N5A/coherence_N2000_P100_s45_tau1.6_dt0.01.npz,1407320,,"raw campaign output, kept in the local archive"
4_campaigns/numerical_workplan/runs/N5A/boundary_N2000_P100_s45_tau2_lam0.310.npz,1401057,,"raw campaign output, kept in the local archive"
4_campaigns/numerical_workplan/runs/N5A/coherence_N2000_P100_s46_tau1.5_dt0.01.npz,1392128,,"raw campaign output, kept in the local archive"
4_campaigns/numerical_workplan/runs/N5A/coherence_N2000_P100_s44_tau1.5_dt0.01.npz,1392115,,"raw campaign output, kept in the local archive"
4_campaigns/numerical_workplan/runs/N5A/coherence_N2000_P100_s42_tau1.5_dt0.01.npz,1392087,,"raw campaign output, kept in the local archive"
4_campaigns/numerical_workplan/runs/N5A/coherence_N2000_P100_s43_tau1.5_dt0.01.npz,1392059,,"raw campaign output, kept in the local archive"
4_campaigns/numerical_workplan/runs/N5A/coherence_N2000_P100_s45_tau1.5_dt0.01.npz,1391919,,"raw campaign output, kept in the local archive"
4_campaigns/numerical_workplan/runs/N5A/coherence_N2000_P100_s44_tau1.45_dt0.01.npz,1384777,,"raw campaign output, kept in the local archive"
4_campaigns/numerical_workplan/runs/N5A/coherence_N2000_P100_s45_tau1.45_dt0.01.npz,1384676,,"raw campaign output, kept in the local archive"
4_campaigns/numerical_workplan/runs/N5A/coherence_N2000_P100_s46_tau1.45_dt0.01.npz,1384622,,"raw campaign output, kept in the local archive"
4_campaigns/numerical_workplan/runs/N5A/coherence_N2000_P100_s42_tau1.45_dt0.01.npz,1384580,,"raw campaign output, kept in the local archive"
4_campaigns/numerical_workplan/runs/N5A/coherence_N2000_P100_s43_tau1.45_dt0.01.npz,1384546,,"raw campaign output, kept in the local archive"
4_campaigns/numerical_workplan/runs/N1_AUDIT/points/N2000_P100_s44_ascending_lam0p33929465_dt0p005_tours5.npz,1379775,,"raw campaign output, kept in the local archive"
4_campaigns/numerical_workplan/runs/N5A/boundary_N2000_P100_s45_tau3_lam0.302.npz,1379076,,"raw campaign output, kept in the local archive"
4_campaigns/numerical_workplan/runs/N1_AUDIT/points/N2000_P100_s48_descending_lam0p33072574_dt0p005_tours5.npz,1378330,,"raw campaign output, kept in the local archive"
4_campaigns/numerical_workplan/runs/N5A/coherence_N2000_P100_s44_tau1.4_dt0.01.npz,1377156,,"raw campaign output, kept in the local archive"
4_campaigns/numerical_workplan/runs/N5A/coherence_N2000_P100_s43_tau1.4_dt0.01.npz,1377065,,"raw campaign output, kept in the local archive"
4_campaigns/numerical_workplan/runs/N5A/coherence_N2000_P100_s46_tau1.4_dt0.01.npz,1376996,,"raw campaign output, kept in the local archive"
4_campaigns/numerical_workplan/runs/N5A/coherence_N2000_P100_s45_tau1.4_dt0.01.npz,1376994,,"raw campaign output, kept in the local archive"
4_campaigns/numerical_workplan/runs/N5A/coherence_N2000_P100_s42_tau1.4_dt0.01.npz,1376979,,"raw campaign output, kept in the local archive"
4_campaigns/numerical_workplan/runs/N1_AUDIT/points/N2000_P100_s48_descending_lam0p33224770_dt0p005_tours5.npz,1376286,,"raw campaign output, kept in the local archive"
4_campaigns/numerical_workplan/runs/N5A/boundary_N2000_P100_s46_tau1.4_lam0.322.npz,1373767,,"raw campaign output, kept in the local archive"
4_campaigns/numerical_workplan/runs/N5A/boundary_N2000_P100_s46_tau1.4_lam0.312.npz,1373724,,"raw campaign output, kept in the local archive"
4_campaigns/numerical_workplan/runs/N5A/boundary_N2000_P100_s43_tau1.4_lam0.332.npz,1373583,,"raw campaign output, kept in the local archive"
4_campaigns/numerical_workplan/runs/N5A/boundary_N2000_P100_s46_tau1.4_lam0.326.npz,1373483,,"raw campaign output, kept in the local archive"
4_campaigns/numerical_workplan/runs/N5A/boundary_N2000_P100_s46_tau1.4_lam0.328.npz,1373408,,"raw campaign output, kept in the local archive"
4_campaigns/numerical_workplan/runs/N5A/boundary_N2000_P100_s44_tau1.4_lam0.346.npz,1373395,,"raw campaign output, kept in the local archive"
4_campaigns/numerical_workplan/runs/N5A/boundary_N2000_P100_s43_tau1.4_lam0.358.npz,1373347,,"raw campaign output, kept in the local archive"
4_campaigns/numerical_workplan/runs/N5A/boundary_N2000_P100_s42_tau1.4_lam0.350.npz,1373340,,"raw campaign output, kept in the local archive"
4_campaigns/numerical_workplan/runs/N5A/boundary_N2000_P100_s46_tau1.4_lam0.342.npz,1373331,,"raw campaign output, kept in the local archive"
4_campaigns/numerical_workplan/runs/N5A/boundary_N2000_P100_s46_tau1.4_lam0.320.npz,1373323,,"raw campaign output, kept in the local archive"
4_campaigns/numerical_workplan/runs/N5A/boundary_N2000_P100_s46_tau1.4_lam0.356.npz,1373177,,"raw campaign output, kept in the local archive"
4_campaigns/numerical_workplan/runs/N5A/boundary_N2000_P100_s44_tau1.4_lam0.354.npz,1373175,,"raw campaign output, kept in the local archive"
4_campaigns/numerical_workplan/runs/N5A/boundary_N2000_P100_s46_tau1.4_lam0.344.npz,1373085,,"raw campaign output, kept in the local archive"
4_campaigns/numerical_workplan/runs/N5A/boundary_N2000_P100_s46_tau1.4_lam0.316.npz,1373013,,"raw campaign output, kept in the local archive"
4_campaigns/numerical_workplan/runs/N5A/boundary_N2000_P100_s46_tau1.4_lam0.334.npz,1372989,,"raw campaign output, kept in the local archive"
4_campaigns/numerical_workplan/runs/N5A/boundary_N2000_P100_s42_tau1.4_lam0.340.npz,1372836,,"raw campaign output, kept in the local archive"
4_campaigns/numerical_workplan/runs/N5A/boundary_N2000_P100_s44_tau2_lam0.322.npz,1372833,,"raw campaign output, kept in the local archive"
4_campaigns/numerical_workplan/runs/N5A/boundary_N2000_P100_s46_tau1.4_lam0.314.npz,1372750,,"raw campaign output, kept in the local archive"
4_campaigns/numerical_workplan/runs/N5A/boundary_N2000_P100_s46_tau1.4_lam0.318.npz,1372721,,"raw campaign output, kept in the local archive"
4_campaigns/numerical_workplan/runs/N5A/boundary_N2000_P100_s46_tau1.4_lam0.350.npz,1372668,,"raw campaign output, kept in the local archive"
4_campaigns/numerical_workplan/runs/N5A/boundary_N2000_P100_s42_tau1.4_lam0.346.npz,1372560,,"raw campaign output, kept in the local archive"
4_campaigns/numerical_workplan/runs/N5A/boundary_N2000_P100_s46_tau1.4_lam0.354.npz,1372477,,"raw campaign output, kept in the local archive"
4_campaigns/numerical_workplan/runs/N5A/boundary_N2000_P100_s42_tau1.4_lam0.326.npz,1372463,,"raw campaign output, kept in the local archive"
4_campaigns/numerical_workplan/runs/N5A/boundary_N2000_P100_s46_tau1.4_lam0.330.npz,1372388,,"raw campaign output, kept in the local archive"
4_campaigns/numerical_workplan/runs/N5A/boundary_N2000_P100_s46_tau1.4_lam0.310.npz,1372368,,"raw campaign output, kept in the local archive"
4_campaigns/numerical_workplan/runs/N5A/boundary_N2000_P100_s42_tau1.4_lam0.352.npz,1372324,,"raw campaign output, kept in the local archive"
4_campaigns/numerical_workplan/runs/N5A/boundary_N2000_P100_s44_tau1.4_lam0.326.npz,1372263,,"raw campaign output, kept in the local archive"
4_campaigns/numerical_workplan/runs/N5A/boundary_N2000_P100_s44_tau1.4_lam0.348.npz,1372261,,"raw campaign output, kept in the local archive"
4_campaigns/numerical_workplan/runs/N5A/boundary_N2000_P100_s46_tau1.4_lam0.352.npz,1372257,,"raw campaign output, kept in the local archive"
4_campaigns/numerical_workplan/runs/N5A/boundary_N2000_P100_s42_tau1.4_lam0.314.npz,1372199,,"raw campaign output, kept in the local archive"
4_campaigns/numerical_workplan/runs/N5A/boundary_N2000_P100_s44_tau1.4_lam0.358.npz,1372154,,"raw campaign output, kept in the local archive"
4_campaigns/numerical_workplan/runs/N5A/boundary_N2000_P100_s43_tau1.4_lam0.338.npz,1372147,,"raw campaign output, kept in the local archive"
4_campaigns/numerical_workplan/runs/N5A/boundary_N2000_P100_s43_tau1.4_lam0.350.npz,1372143,,"raw campaign output, kept in the local archive"
4_campaigns/numerical_workplan/runs/N5A/boundary_N2000_P100_s43_tau1.4_lam0.302.npz,1372142,,"raw campaign output, kept in the local archive"
4_campaigns/numerical_workplan/runs/N5A/boundary_N2000_P100_s46_tau1.4_lam0.346.npz,1372141,,"raw campaign output, kept in the local archive"
4_campaigns/numerical_workplan/runs/N5A/boundary_N2000_P100_s46_tau1.4_lam0.358.npz,1372128,,"raw campaign output, kept in the local archive"
4_campaigns/numerical_workplan/runs/N5A/boundary_N2000_P100_s46_tau1.4_lam0.324.npz,1372118,,"raw campaign output, kept in the local archive"
4_campaigns/numerical_workplan/runs/N5A/boundary_N2000_P100_s44_tau1.4_lam0.316.npz,1372080,,"raw campaign output, kept in the local archive"
4_campaigns/numerical_workplan/runs/N5A/boundary_N2000_P100_s43_tau1.4_lam0.356.npz,1372049,,"raw campaign output, kept in the local archive"
4_campaigns/numerical_workplan/runs/N5A/boundary_N2000_P100_s42_tau1.4_lam0.330.npz,1371968,,"raw campaign output, kept in the local archive"
4_campaigns/numerical_workplan/runs/N5A/boundary_N2000_P100_s44_tau1.4_lam0.360.npz,1371848,,"raw campaign output, kept in the local archive"
4_campaigns/numerical_workplan/runs/N5A/boundary_N2000_P100_s43_tau1.4_lam0.342.npz,1371842,,"raw campaign output, kept in the local archive"
4_campaigns/numerical_workplan/runs/N5A/boundary_N2000_P100_s46_tau1.4_lam0.360.npz,1371840,,"raw campaign output, kept in the local archive"
4_campaigns/numerical_workplan/runs/N5A/boundary_N2000_P100_s43_tau1.4_lam0.352.npz,1371822,,"raw campaign output, kept in the local archive"
4_campaigns/numerical_workplan/runs/N5A/boundary_N2000_P100_s42_tau1.4_lam0.332.npz,1371782,,"raw campaign output, kept in the local archive"
4_campaigns/numerical_workplan/runs/N5A/boundary_N2000_P100_s42_tau1.4_lam0.348.npz,1371767,,"raw campaign output, kept in the local archive"
4_campaigns/numerical_workplan/runs/N5A/boundary_N2000_P100_s43_tau1.4_lam0.346.npz,1371631,,"raw campaign output, kept in the local archive"
4_campaigns/numerical_workplan/runs/N5A/boundary_N2000_P100_s43_tau1.4_lam0.354.npz,1371586,,"raw campaign output, kept in the local archive"
4_campaigns/numerical_workplan/runs/N5A/boundary_N2000_P100_s46_tau1.4_lam0.332.npz,1371468,,"raw campaign output, kept in the local archive"
4_campaigns/numerical_workplan/runs/N5A/boundary_N2000_P100_s43_tau1.4_lam0.336.npz,1371461,,"raw campaign output, kept in the local archive"
4_campaigns/numerical_workplan/runs/N5A/boundary_N2000_P100_s42_tau1.4_lam0.344.npz,1371398,,"raw campaign output, kept in the local archive"
4_campaigns/numerical_workplan/runs/N5A/boundary_N2000_P100_s42_tau1.4_lam0.336.npz,1371387,,"raw campaign output, kept in the local archive"
4_campaigns/numerical_workplan/runs/N5A/boundary_N2000_P100_s44_tau1.4_lam0.328.npz,1371314,,"raw campaign output, kept in the local archive"
4_campaigns/numerical_workplan/runs/N5A/boundary_N2000_P100_s42_tau1.4_lam0.338.npz,1371222,,"raw campaign output, kept in the local archive"
4_campaigns/numerical_workplan/runs/N5A/boundary_N2000_P100_s42_tau1.4_lam0.322.npz,1371202,,"raw campaign output, kept in the local archive"
4_campaigns/numerical_workplan/runs/N5A/boundary_N2000_P100_s44_tau1.4_lam0.310.npz,1371133,,"raw campaign output, kept in the local archive"
4_campaigns/numerical_workplan/runs/N5A/boundary_N2000_P100_s42_tau1.4_lam0.360.npz,1371114,,"raw campaign output, kept in the local archive"
4_campaigns/numerical_workplan/runs/N5A/boundary_N2000_P100_s46_tau1.4_lam0.306.npz,1371095,,"raw campaign output, kept in the local archive"
4_campaigns/numerical_workplan/runs/N5A/boundary_N2000_P100_s43_tau1.4_lam0.326.npz,1370887,,"raw campaign output, kept in the local archive"
4_campaigns/numerical_workplan/runs/N5A/boundary_N2000_P100_s45_tau1.4_lam0.308.npz,1370854,,"raw campaign output, kept in the local archive"
4_campaigns/numerical_workplan/runs/N5A/boundary_N2000_P100_s43_tau1.4_lam0.330.npz,1370781,,"raw campaign output, kept in the local archive"
4_campaigns/numerical_workplan/runs/N5A/boundary_N2000_P100_s44_tau1.4_lam0.304.npz,1370708,,"raw campaign output, kept in the local archive"
4_campaigns/numerical_workplan/runs/N5A/boundary_N2000_P100_s43_tau1.4_lam0.360.npz,1370601,,"raw campaign output, kept in the local archive"
4_campaigns/numerical_workplan/runs/N5A/boundary_N2000_P100_s44_tau1.4_lam0.322.npz,1370552,,"raw campaign output, kept in the local archive"
4_campaigns/numerical_workplan/runs/N5A/boundary_N2000_P100_s42_tau1.4_lam0.354.npz,1370484,,"raw campaign output, kept in the local archive"
4_campaigns/numerical_workplan/runs/N5A/boundary_N2000_P100_s42_tau1.4_lam0.334.npz,1370447,,"raw campaign output, kept in the local archive"
4_campaigns/numerical_workplan/runs/N5A/boundary_N2000_P100_s43_tau1.4_lam0.344.npz,1370446,,"raw campaign output, kept in the local archive"
4_campaigns/numerical_workplan/runs/N5A/boundary_N2000_P100_s43_tau1.4_lam0.348.npz,1370438,,"raw campaign output, kept in the local archive"
4_campaigns/numerical_workplan/runs/N5A/boundary_N2000_P100_s42_tau1.4_lam0.358.npz,1370423,,"raw campaign output, kept in the local archive"
4_campaigns/numerical_workplan/runs/N5A/boundary_N2000_P100_s42_tau1.4_lam0.328.npz,1370262,,"raw campaign output, kept in the local archive"
4_campaigns/numerical_workplan/runs/N5A/boundary_N2000_P100_s44_tau1.4_lam0.300.npz,1370258,,"raw campaign output, kept in the local archive"
4_campaigns/numerical_workplan/runs/N5A/boundary_N2000_P100_s46_tau1.4_lam0.338.npz,1370210,,"raw campaign output, kept in the local archive"
4_campaigns/numerical_workplan/runs/N5A/boundary_N2000_P100_s43_tau1.4_lam0.300.npz,1370138,,"raw campaign output, kept in the local archive"
4_campaigns/numerical_workplan/runs/N5A/boundary_N2000_P100_s42_tau1.4_lam0.324.npz,1370065,,"raw campaign output, kept in the local archive"
4_campaigns/numerical_workplan/runs/N5A/boundary_N2000_P100_s44_tau1.4_lam0.308.npz,1369805,,"raw campaign output, kept in the local archive"
4_campaigns/numerical_workplan/runs/N5A/boundary_N2000_P100_s42_tau1.4_lam0.318.npz,1369758,,"raw campaign output, kept in the local archive"
4_campaigns/numerical_workplan/runs/N5A/boundary_N2000_P100_s45_tau1.4_lam0.318.npz,1369677,,"raw campaign output, kept in the local archive"
4_campaigns/numerical_workplan/runs/N5A/coherence_N2000_P100_s45_tau1.35_dt0.01.npz,1369574,,"raw campaign output, kept in the local archive"
4_campaigns/numerical_workplan/runs/N5A/coherence_N2000_P100_s43_tau1.35_dt0.01.npz,1369493,,"raw campaign output, kept in the local archive"
4_campaigns/numerical_workplan/runs/N5A/boundary_N2000_P100_s46_tau1.4_lam0.302.npz,1369429,,"raw campaign output, kept in the local archive"
4_campaigns/numerical_workplan/runs/N5A/coherence_N2000_P100_s44_tau1.35_dt0.01.npz,1369398,,"raw campaign output, kept in the local archive"
4_campaigns/numerical_workplan/runs/N5A/coherence_N2000_P100_s42_tau1.35_dt0.01.npz,1369373,,"raw campaign output, kept in the local archive"
4_campaigns/numerical_workplan/runs/N5A/coherence_N2000_P100_s46_tau1.35_dt0.01.npz,1369277,,"raw campaign output, kept in the local archive"
4_campaigns/numerical_workplan/runs/N5A/boundary_N2000_P100_s46_tau1.4_lam0.340.npz,1369188,,"raw campaign output, kept in the local archive"
4_campaigns/numerical_workplan/runs/N5A/boundary_N2000_P100_s46_tau1.4_lam0.304.npz,1369096,,"raw campaign output, kept in the local archive"
4_campaigns/numerical_workplan/runs/N5A/boundary_N2000_P100_s43_tau1.4_lam0.334.npz,1369066,,"raw campaign output, kept in the local archive"
4_campaigns/numerical_workplan/runs/N5A/boundary_N2000_P100_s44_tau1.4_lam0.356.npz,1368968,,"raw campaign output, kept in the local archive"
4_campaigns/numerical_workplan/runs/N5A/boundary_N2000_P100_s46_tau1.4_lam0.348.npz,1368873,,"raw campaign output, kept in the local archive"
4_campaigns/numerical_workplan/runs/N5A/boundary_N2000_P100_s45_tau1.4_lam0.310.npz,1368861,,"raw campaign output, kept in the local archive"
4_campaigns/numerical_workplan/runs/N5A/boundary_N2000_P100_s44_tau1.4_lam0.320.npz,1368735,,"raw campaign output, kept in the local archive"
4_campaigns/numerical_workplan/runs/N5A/boundary_N2000_P100_s44_tau1.4_lam0.302.npz,1368721,,"raw campaign output, kept in the local archive"
4_campaigns/numerical_workplan/runs/N5A/boundary_N2000_P100_s43_tau1.4_lam0.328.npz,1368623,,"raw campaign output, kept in the local archive"
4_campaigns/numerical_workplan/runs/N5A/boundary_N2000_P100_s42_tau1.4_lam0.316.npz,1368608,,"raw campaign output, kept in the local archive"
4_campaigns/numerical_workplan/runs/N5A/boundary_N2000_P100_s46_tau1.4_lam0.336.npz,1368235,,"raw campaign output, kept in the local archive"
4_campaigns/numerical_workplan/runs/N5A/boundary_N2000_P100_s45_tau1.4_lam0.348.npz,1368025,,"raw campaign output, kept in the local archive"
4_campaigns/numerical_workplan/runs/N5A/boundary_N2000_P100_s45_tau1.4_lam0.340.npz,1367810,,"raw campaign output, kept in the local archive"
4_campaigns/numerical_workplan/runs/N5A/boundary_N2000_P100_s45_tau1.4_lam0.336.npz,1367805,,"raw campaign output, kept in the local archive"
4_campaigns/numerical_workplan/runs/N5A/boundary_N2000_P100_s42_tau1.4_lam0.356.npz,1367736,,"raw campaign output, kept in the local archive"
4_campaigns/numerical_workplan/runs/N5A/boundary_N2000_P100_s44_tau1.4_lam0.318.npz,1367171,,"raw campaign output, kept in the local archive"
4_campaigns/numerical_workplan/runs/N5A/boundary_N2000_P100_s44_tau1.4_lam0.350.npz,1367094,,"raw campaign output, kept in the local archive"
4_campaigns/numerical_workplan/runs/N5A/boundary_N2000_P100_s45_tau1.4_lam0.360.npz,1366898,,"raw campaign output, kept in the local archive"
4_campaigns/numerical_workplan/runs/N5A/boundary_N2000_P100_s46_tau1.4_lam0.300.npz,1366888,,"raw campaign output, kept in the local archive"
4_campaigns/numerical_workplan/runs/N5A/boundary_N2000_P100_s45_tau1.4_lam0.332.npz,1366636,,"raw campaign output, kept in the local archive"
4_campaigns/numerical_workplan/runs/N5A/boundary_N2000_P100_s45_tau1.4_lam0.316.npz,1366579,,"raw campaign output, kept in the local archive"
4_campaigns/numerical_workplan/runs/N5A/boundary_N2000_P100_s45_tau1.4_lam0.354.npz,1366537,,"raw campaign output, kept in the local archive"
4_campaigns/numerical_workplan/runs/N5A/boundary_N2000_P100_s44_tau1.4_lam0.312.npz,1366322,,"raw campaign output, kept in the local archive"
4_campaigns/numerical_workplan/runs/N5A/boundary_N2000_P100_s45_tau1.4_lam0.314.npz,1366259,,"raw campaign output, kept in the local archive"
4_campaigns/numerical_workplan/runs/N5A/boundary_N2000_P100_s44_tau1.4_lam0.330.npz,1365962,,"raw campaign output, kept in the local archive"
4_campaigns/numerical_workplan/runs/N5A/boundary_N2000_P100_s42_tau1.4_lam0.342.npz,1365862,,"raw campaign output, kept in the local archive"
4_campaigns/numerical_workplan/runs/N5A/boundary_N2000_P100_s45_tau1.4_lam0.352.npz,1365675,,"raw campaign output, kept in the local archive"
4_campaigns/numerical_workplan/runs/N5A/boundary_N2000_P100_s45_tau1.4_lam0.356.npz,1365549,,"raw campaign output, kept in the local archive"
4_campaigns/numerical_workplan/runs/N5A/boundary_N2000_P100_s45_tau1.4_lam0.346.npz,1365477,,"raw campaign output, kept in the local archive"
4_campaigns/numerical_workplan/runs/N5A/boundary_N2000_P100_s45_tau1.4_lam0.342.npz,1365462,,"raw campaign output, kept in the local archive"
4_campaigns/numerical_workplan/runs/N5A/boundary_N2000_P100_s43_tau1.4_lam0.324.npz,1365263,,"raw campaign output, kept in the local archive"
4_campaigns/numerical_workplan/runs/N5A/boundary_N2000_P100_s45_tau1.4_lam0.338.npz,1364970,,"raw campaign output, kept in the local archive"
4_campaigns/numerical_workplan/runs/N5A/boundary_N2000_P100_s45_tau1.4_lam0.312.npz,1364915,,"raw campaign output, kept in the local archive"
4_campaigns/numerical_workplan/runs/N5A/boundary_N2000_P100_s43_tau1.4_lam0.340.npz,1364826,,"raw campaign output, kept in the local archive"
4_campaigns/numerical_workplan/runs/N5A/boundary_N2000_P100_s45_tau1.4_lam0.358.npz,1364734,,"raw campaign output, kept in the local archive"
4_campaigns/numerical_workplan/runs/N5A/boundary_N2000_P100_s45_tau1.4_lam0.306.npz,1364679,,"raw campaign output, kept in the local archive"
4_campaigns/numerical_workplan/runs/N5A/boundary_N2000_P100_s45_tau1.4_lam0.344.npz,1364603,,"raw campaign output, kept in the local archive"
4_campaigns/numerical_workplan/runs/N5A/boundary_N2000_P100_s45_tau1.4_lam0.350.npz,1364123,,"raw campaign output, kept in the local archive"
4_campaigns/numerical_workplan/runs/N5A/boundary_N2000_P100_s44_tau1.4_lam0.352.npz,1363453,,"raw campaign output, kept in the local archive"
4_campaigns/numerical_workplan/runs/N5A/boundary_N2000_P100_s42_tau1.4_lam0.320.npz,1363103,,"raw campaign output, kept in the local archive"
4_campaigns/numerical_workplan/runs/N5A/boundary_N2000_P100_s44_tau1.4_lam0.324.npz,1363071,,"raw campaign output, kept in the local archive"
4_campaigns/numerical_workplan/runs/N5A/boundary_N2000_P100_s45_tau1.4_lam0.330.npz,1362428,,"raw campaign output, kept in the local archive"
4_campaigns/numerical_workplan/runs/N5A/boundary_N2000_P100_s45_tau1.4_lam0.334.npz,1361969,,"raw campaign output, kept in the local archive"
4_campaigns/numerical_workplan/runs/N5A/coherence_N2000_P100_s46_tau1.3_dt0.01.npz,1361928,,"raw campaign output, kept in the local archive"
4_campaigns/numerical_workplan/runs/N5A/coherence_N2000_P100_s42_tau1.3_dt0.01.npz,1361923,,"raw campaign output, kept in the local archive"
4_campaigns/numerical_workplan/runs/N5A/coherence_N2000_P100_s45_tau1.3_dt0.01.npz,1361790,,"raw campaign output, kept in the local archive"
4_campaigns/numerical_workplan/runs/N5A/coherence_N2000_P100_s43_tau1.3_dt0.01.npz,1361745,,"raw campaign output, kept in the local archive"
4_campaigns/numerical_workplan/runs/N5A/boundary_N2000_P100_s46_tau1.4_lam0.308.npz,1360965,,"raw campaign output, kept in the local archive"
4_campaigns/numerical_workplan/runs/N5A/boundary_N2000_P100_s44_tau1.4_lam0.314.npz,1359742,,"raw campaign output, kept in the local archive"
4_campaigns/numerical_workplan/runs/N5A/coherence_N2000_P100_s44_tau1.3_dt0.01.npz,1359629,,"raw campaign output, kept in the local archive"
4_campaigns/numerical_workplan/runs/N5A/boundary_N2000_P100_s44_tau1.4_lam0.306.npz,1359614,,"raw campaign output, kept in the local archive"
4_campaigns/numerical_workplan/runs/N5A/boundary_N2000_P100_s46_tau1.3_lam0.358.npz,1358522,,"raw campaign output, kept in the local archive"
4_campaigns/numerical_workplan/runs/N5A/boundary_N2000_P100_s46_tau1.3_lam0.338.npz,1358122,,"raw campaign output, kept in the local archive"
4_campaigns/numerical_workplan/runs/N5A/boundary_N2000_P100_s46_tau1.3_lam0.348.npz,1357990,,"raw campaign output, kept in the local archive"
4_campaigns/numerical_workplan/runs/N5A/boundary_N2000_P100_s42_tau1.3_lam0.350.npz,1357949,,"raw campaign output, kept in the local archive"
4_campaigns/numerical_workplan/runs/N5A/boundary_N2000_P100_s42_tau1.3_lam0.358.npz,1357764,,"raw campaign output, kept in the local archive"
4_campaigns/numerical_workplan/runs/N5A/boundary_N2000_P100_s46_tau1.3_lam0.328.npz,1357583,,"raw campaign output, kept in the local archive"
4_campaigns/numerical_workplan/runs/N5A/boundary_N2000_P100_s46_tau1.3_lam0.350.npz,1357569,,"raw campaign output, kept in the local archive"
4_campaigns/numerical_workplan/runs/N5A/boundary_N2000_P100_s46_tau1.3_lam0.334.npz,1357522,,"raw campaign output, kept in the local archive"
4_campaigns/numerical_workplan/runs/N5A/boundary_N2000_P100_s46_tau1.3_lam0.356.npz,1357506,,"raw campaign output, kept in the local archive"
4_campaigns/numerical_workplan/runs/N5A/boundary_N2000_P100_s43_tau1.3_lam0.348.npz,1357396,,"raw campaign output, kept in the local archive"
4_campaigns/numerical_workplan/runs/N5A/boundary_N2000_P100_s46_tau1.3_lam0.340.npz,1357353,,"raw campaign output, kept in the local archive"
4_campaigns/numerical_workplan/runs/N5A/boundary_N2000_P100_s43_tau1.4_lam0.304.npz,1357343,,"raw campaign output, kept in the local archive"
4_campaigns/numerical_workplan/runs/N5A/boundary_N2000_P100_s46_tau1.3_lam0.346.npz,1357339,,"raw campaign output, kept in the local archive"
4_campaigns/numerical_workplan/runs/N5A/boundary_N2000_P100_s46_tau1.3_lam0.336.npz,1357305,,"raw campaign output, kept in the local archive"
4_campaigns/numerical_workplan/runs/N5A/boundary_N2000_P100_s46_tau1.3_lam0.342.npz,1357248,,"raw campaign output, kept in the local archive"
4_campaigns/numerical_workplan/runs/N5A/boundary_N2000_P100_s46_tau1.3_lam0.352.npz,1357226,,"raw campaign output, kept in the local archive"
4_campaigns/numerical_workplan/runs/N5A/boundary_N2000_P100_s45_tau1.4_lam0.320.npz,1357217,,"raw campaign output, kept in the local archive"
4_campaigns/numerical_workplan/runs/N5A/boundary_N2000_P100_s46_tau1.3_lam0.332.npz,1357182,,"raw campaign output, kept in the local archive"
4_campaigns/numerical_workplan/runs/N5A/boundary_N2000_P100_s43_tau1.3_lam0.336.npz,1356912,,"raw campaign output, kept in the local archive"
4_campaigns/numerical_workplan/runs/N5A/boundary_N2000_P100_s44_tau1.3_lam0.346.npz,1356903,,"raw campaign output, kept in the local archive"
4_campaigns/numerical_workplan/runs/N5A/boundary_N2000_P100_s43_tau1.3_lam0.358.npz,1356890,,"raw campaign output, kept in the local archive"
4_campaigns/numerical_workplan/runs/N5A/boundary_N2000_P100_s43_tau1.3_lam0.344.npz,1356812,,"raw campaign output, kept in the local archive"
4_campaigns/numerical_workplan/runs/N5A/boundary_N2000_P100_s42_tau1.3_lam0.356.npz,1356733,,"raw campaign output, kept in the local archive"
4_campaigns/numerical_workplan/runs/N5A/boundary_N2000_P100_s46_tau1.3_lam0.326.npz,1356690,,"raw campaign output, kept in the local archive"
4_campaigns/numerical_workplan/runs/N5A/boundary_N2000_P100_s42_tau1.3_lam0.354.npz,1356643,,"raw campaign output, kept in the local archive"
4_campaigns/numerical_workplan/runs/N5A/boundary_N2000_P100_s43_tau1.3_lam0.350.npz,1356618,,"raw campaign output, kept in the local archive"
4_campaigns/numerical_workplan/runs/N5A/boundary_N2000_P100_s44_tau1.3_lam0.354.npz,1356597,,"raw campaign output, kept in the local archive"
4_campaigns/numerical_workplan/runs/N5A/boundary_N2000_P100_s46_tau1.3_lam0.354.npz,1356525,,"raw campaign output, kept in the local archive"
4_campaigns/numerical_workplan/runs/N5A/boundary_N2000_P100_s43_tau1.3_lam0.316.npz,1356491,,"raw campaign output, kept in the local archive"
4_campaigns/numerical_workplan/runs/N5A/boundary_N2000_P100_s44_tau1.3_lam0.348.npz,1356334,,"raw campaign output, kept in the local archive"
4_campaigns/numerical_workplan/runs/N5A/boundary_N2000_P100_s43_tau1.3_lam0.342.npz,1356291,,"raw campaign output, kept in the local archive"
4_campaigns/numerical_workplan/runs/N5A/boundary_N2000_P100_s43_tau1.3_lam0.354.npz,1356188,,"raw campaign output, kept in the local archive"
4_campaigns/numerical_workplan/runs/N5A/boundary_N2000_P100_s44_tau1.3_lam0.326.npz,1356174,,"raw campaign output, kept in the local archive"
4_campaigns/numerical_workplan/runs/N5A/boundary_N2000_P100_s44_tau1.3_lam0.328.npz,1356148,,"raw campaign output, kept in the local archive"
4_campaigns/numerical_workplan/runs/N5A/boundary_N2000_P100_s42_tau1.3_lam0.326.npz,1356011,,"raw campaign output, kept in the local archive"
4_campaigns/numerical_workplan/runs/N5A/boundary_N2000_P100_s43_tau1.3_lam0.346.npz,1355940,,"raw campaign output, kept in the local archive"
4_campaigns/numerical_workplan/runs/N5A/boundary_N2000_P100_s43_tau1.3_lam0.356.npz,1355931,,"raw campaign output, kept in the local archive"
4_campaigns/numerical_workplan/runs/N5A/boundary_N2000_P100_s43_tau1.3_lam0.340.npz,1355797,,"raw campaign output, kept in the local archive"
4_campaigns/numerical_workplan/runs/N5A/boundary_N2000_P100_s43_tau1.3_lam0.334.npz,1355794,,"raw campaign output, kept in the local archive"
4_campaigns/numerical_workplan/runs/N5A/boundary_N2000_P100_s44_tau1.3_lam0.352.npz,1355719,,"raw campaign output, kept in the local archive"
4_campaigns/numerical_workplan/runs/N5A/boundary_N2000_P100_s42_tau1.3_lam0.324.npz,1355573,,"raw campaign output, kept in the local archive"
4_campaigns/numerical_workplan/runs/N5A/boundary_N2000_P100_s43_tau1.3_lam0.328.npz,1355530,,"raw campaign output, kept in the local archive"
4_campaigns/numerical_workplan/runs/N5A/boundary_N2000_P100_s43_tau1.3_lam0.320.npz,1355077,,"raw campaign output, kept in the local archive"
4_campaigns/numerical_workplan/runs/N5A/boundary_N2000_P100_s44_tau1.3_lam0.350.npz,1354955,,"raw campaign output, kept in the local archive"
4_campaigns/numerical_workplan/runs/N5A/boundary_N2000_P100_s43_tau1.3_lam0.352.npz,1354927,,"raw campaign output, kept in the local archive"
4_campaigns/numerical_workplan/runs/N5A/boundary_N2000_P100_s44_tau1.3_lam0.358.npz,1354864,,"raw campaign output, kept in the local archive"
4_campaigns/numerical_workplan/runs/N5A/boundary_N2000_P100_s43_tau1.3_lam0.332.npz,1354714,,"raw campaign output, kept in the local archive"
4_campaigns/numerical_workplan/runs/N5A/boundary_N2000_P100_s43_tau1.3_lam0.338.npz,1354714,,"raw campaign output, kept in the local archive"
4_campaigns/numerical_workplan/runs/N5A/boundary_N2000_P100_s43_tau1.3_lam0.314.npz,1354380,,"raw campaign output, kept in the local archive"
4_campaigns/numerical_workplan/runs/N5A/boundary_N2000_P100_s43_tau1.3_lam0.324.npz,1354195,,"raw campaign output, kept in the local archive"
4_campaigns/numerical_workplan/runs/N5A/coherence_N2000_P100_s46_tau1.25_dt0.01.npz,1354193,,"raw campaign output, kept in the local archive"
4_campaigns/numerical_workplan/runs/N5A/coherence_N2000_P100_s43_tau1.25_dt0.01.npz,1354029,,"raw campaign output, kept in the local archive"
4_campaigns/numerical_workplan/runs/N5A/coherence_N2000_P100_s45_tau1.25_dt0.01.npz,1354014,,"raw campaign output, kept in the local archive"
4_campaigns/numerical_workplan/runs/N5A/boundary_N2000_P100_s43_tau1.3_lam0.322.npz,1354010,,"raw campaign output, kept in the local archive"
4_campaigns/numerical_workplan/runs/N5A/boundary_N2000_P100_s45_tau1.3_lam0.334.npz,1353627,,"raw campaign output, kept in the local archive"
4_campaigns/numerical_workplan/runs/N5A/boundary_N2000_P100_s45_tau1.3_lam0.314.npz,1353508,,"raw campaign output, kept in the local archive"
4_campaigns/numerical_workplan/runs/N5A/boundary_N2000_P100_s45_tau1.3_lam0.336.npz,1353317,,"raw campaign output, kept in the local archive"
4_campaigns/numerical_workplan/runs/N5A/boundary_N2000_P100_s45_tau1.3_lam0.318.npz,1352907,,"raw campaign output, kept in the local archive"
4_campaigns/numerical_workplan/runs/N5A/boundary_N2000_P100_s42_tau1.3_lam0.328.npz,1352641,,"raw campaign output, kept in the local archive"
4_campaigns/numerical_workplan/runs/N5A/boundary_N2000_P100_s45_tau1.3_lam0.310.npz,1352459,,"raw campaign output, kept in the local archive"
4_campaigns/numerical_workplan/runs/N5A/boundary_N2000_P100_s43_tau1.3_lam0.318.npz,1352365,,"raw campaign output, kept in the local archive"
4_campaigns/numerical_workplan/runs/N5A/boundary_N2000_P100_s45_tau1.3_lam0.328.npz,1352212,,"raw campaign output, kept in the local archive"
4_campaigns/numerical_workplan/runs/N5A/coherence_N2000_P100_s42_tau1.25_dt0.01.npz,1352040,,"raw campaign output, kept in the local archive"
4_campaigns/numerical_workplan/runs/N5A/boundary_N2000_P100_s45_tau1.3_lam0.340.npz,1352028,,"raw campaign output, kept in the local archive"
4_campaigns/numerical_workplan/runs/N5A/boundary_N2000_P100_s45_tau1.3_lam0.344.npz,1351649,,"raw campaign output, kept in the local archive"
4_campaigns/numerical_workplan/runs/N5A/boundary_N2000_P100_s42_tau1.3_lam0.352.npz,1351605,,"raw campaign output, kept in the local archive"
4_campaigns/numerical_workplan/runs/N5A/boundary_N2000_P100_s45_tau1.3_lam0.332.npz,1351602,,"raw campaign output, kept in the local archive"
4_campaigns/numerical_workplan/runs/N5A/boundary_N2000_P100_s45_tau1.3_lam0.358.npz,1351328,,"raw campaign output, kept in the local archive"
4_campaigns/numerical_workplan/runs/N5A/coherence_N2000_P100_s44_tau1.25_dt0.01.npz,1351157,,"raw campaign output, kept in the local archive"
4_campaigns/numerical_workplan/runs/N5A/boundary_N2000_P100_s45_tau1.3_lam0.346.npz,1350987,,"raw campaign output, kept in the local archive"
4_campaigns/numerical_workplan/runs/N5A/boundary_N2000_P100_s45_tau1.3_lam0.312.npz,1350657,,"raw campaign output, kept in the local archive"
4_campaigns/numerical_workplan/runs/N5A/boundary_N2000_P100_s45_tau1.3_lam0.356.npz,1350617,,"raw campaign output, kept in the local archive"
4_campaigns/numerical_workplan/runs/N5A/boundary_N2000_P100_s45_tau1.3_lam0.352.npz,1350603,,"raw campaign output, kept in the local archive"
4_campaigns/numerical_workplan/runs/N5A/boundary_N2000_P100_s43_tau1.3_lam0.326.npz,1350570,,"raw campaign output, kept in the local archive"
4_campaigns/numerical_workplan/runs/N5A/boundary_N2000_P100_s46_tau1.3_lam0.324.npz,1350378,,"raw campaign output, kept in the local archive"
4_campaigns/numerical_workplan/runs/N5A/boundary_N2000_P100_s44_tau1.4_lam0.344.npz,1350306,,"raw campaign output, kept in the local archive"
4_campaigns/numerical_workplan/runs/N5A/boundary_N2000_P100_s45_tau1.3_lam0.308.npz,1350190,,"raw campaign output, kept in the local archive"
4_campaigns/numerical_workplan/runs/N5A/boundary_N2000_P100_s44_tau1.3_lam0.356.npz,1349938,,"raw campaign output, kept in the local archive"
4_campaigns/numerical_workplan/runs/N5A/boundary_N2000_P100_s45_tau1.3_lam0.342.npz,1349694,,"raw campaign output, kept in the local archive"
4_campaigns/numerical_workplan/runs/N5A/boundary_N2000_P100_s45_tau1.3_lam0.320.npz,1349046,,"raw campaign output, kept in the local archive"
4_campaigns/numerical_workplan/runs/N5A/boundary_N2000_P100_s45_tau1.3_lam0.348.npz,1348834,,"raw campaign output, kept in the local archive"
4_campaigns/numerical_workplan/runs/N5A/boundary_N2000_P100_s46_tau1.3_lam0.344.npz,1347353,,"raw campaign output, kept in the local archive"
4_campaigns/numerical_workplan/runs/N5A/boundary_N2000_P100_s45_tau1.3_lam0.316.npz,1347115,,"raw campaign output, kept in the local archive"
4_campaigns/numerical_workplan/runs/N5A/boundary_N2000_P100_s45_tau1.3_lam0.350.npz,1346427,,"raw campaign output, kept in the local archive"
4_campaigns/numerical_workplan/runs/N5A/coherence_N2000_P100_s45_tau1.2_dt0.01.npz,1344176,,"raw campaign output, kept in the local archive"
4_campaigns/numerical_workplan/runs/N5A/coherence_N2000_P100_s43_tau1.2_dt0.01.npz,1344121,,"raw campaign output, kept in the local archive"
4_campaigns/numerical_workplan/runs/N5A/coherence_N2000_P100_s42_tau1.2_dt0.01.npz,1343990,,"raw campaign output, kept in the local archive"
4_campaigns/numerical_workplan/runs/N5A/coherence_N2000_P100_s44_tau1.2_dt0.01.npz,1343874,,"raw campaign output, kept in the local archive"
4_campaigns/numerical_workplan/runs/N5A/boundary_N2000_P100_s46_tau1.2_lam0.324.npz,1343320,,"raw campaign output, kept in the local archive"
4_campaigns/numerical_workplan/runs/N5A/boundary_N2000_P100_s44_tau1.2_lam0.350.npz,1343203,,"raw campaign output, kept in the local archive"
4_campaigns/numerical_workplan/runs/N5A/boundary_N2000_P100_s46_tau1.2_lam0.342.npz,1343161,,"raw campaign output, kept in the local archive"
4_campaigns/numerical_workplan/runs/N5A/boundary_N2000_P100_s45_tau1.3_lam0.354.npz,1343025,,"raw campaign output, kept in the local archive"
4_campaigns/numerical_workplan/runs/N5A/boundary_N2000_P100_s46_tau1.2_lam0.328.npz,1343023,,"raw campaign output, kept in the local archive"
4_campaigns/numerical_workplan/runs/N5A/boundary_N2000_P100_s42_tau1.2_lam0.338.npz,1342903,,"raw campaign output, kept in the local archive"
4_campaigns/numerical_workplan/runs/N5A/boundary_N2000_P100_s46_tau1.2_lam0.358.npz,1342833,,"raw campaign output, kept in the local archive"
4_campaigns/numerical_workplan/runs/N5A/boundary_N2000_P100_s46_tau1.2_lam0.344.npz,1342642,,"raw campaign output, kept in the local archive"
4_campaigns/numerical_workplan/runs/N5A/boundary_N2000_P100_s43_tau1.2_lam0.348.npz,1342630,,"raw campaign output, kept in the local archive"
4_campaigns/numerical_workplan/runs/N5A/boundary_N2000_P100_s46_tau1.2_lam0.310.npz,1342616,,"raw campaign output, kept in the local archive"
4_campaigns/numerical_workplan/runs/N5A/boundary_N2000_P100_s45_tau1.3_lam0.338.npz,1342492,,"raw campaign output, kept in the local archive"
4_campaigns/numerical_workplan/runs/N5A/boundary_N2000_P100_s42_tau1.2_lam0.350.npz,1342326,,"raw campaign output, kept in the local archive"
4_campaigns/numerical_workplan/runs/N5A/boundary_N2000_P100_s42_tau1.2_lam0.354.npz,1342293,,"raw campaign output, kept in the local archive"
4_campaigns/numerical_workplan/runs/N5A/boundary_N2000_P100_s46_tau1.2_lam0.330.npz,1342227,,"raw campaign output, kept in the local archive"
4_campaigns/numerical_workplan/runs/N5A/coherence_N2000_P100_s46_tau1.2_dt0.01.npz,1342166,,"raw campaign output, kept in the local archive"
4_campaigns/numerical_workplan/runs/N5A/boundary_N2000_P100_s44_tau1.2_lam0.354.npz,1342157,,"raw campaign output, kept in the local archive"
4_campaigns/numerical_workplan/runs/N5A/boundary_N2000_P100_s46_tau1.2_lam0.348.npz,1342066,,"raw campaign output, kept in the local archive"
4_campaigns/numerical_workplan/runs/N5A/boundary_N2000_P100_s42_tau1.2_lam0.352.npz,1342055,,"raw campaign output, kept in the local archive"
4_campaigns/numerical_workplan/runs/N5A/boundary_N2000_P100_s46_tau1.2_lam0.360.npz,1342045,,"raw campaign output, kept in the local archive"
4_campaigns/numerical_workplan/runs/N5A/boundary_N2000_P100_s46_tau1.2_lam0.318.npz,1342025,,"raw campaign output, kept in the local archive"
4_campaigns/numerical_workplan/runs/N5A/boundary_N2000_P100_s44_tau1.2_lam0.344.npz,1341976,,"raw campaign output, kept in the local archive"
4_campaigns/numerical_workplan/runs/N5A/boundary_N2000_P100_s46_tau1.2_lam0.346.npz,1341957,,"raw campaign output, kept in the local archive"
4_campaigns/numerical_workplan/runs/N5A/boundary_N2000_P100_s42_tau1.2_lam0.358.npz,1341920,,"raw campaign output, kept in the local archive"
4_campaigns/numerical_workplan/runs/N5A/boundary_N2000_P100_s43_tau1.2_lam0.346.npz,1341860,,"raw campaign output, kept in the local archive"
4_campaigns/numerical_workplan/runs/N5A/boundary_N2000_P100_s43_tau1.2_lam0.334.npz,1341778,,"raw campaign output, kept in the local archive"
4_campaigns/numerical_workplan/runs/N5A/boundary_N2000_P100_s43_tau1.2_lam0.300.npz,1341698,,"raw campaign output, kept in the local archive"
4_campaigns/numerical_workplan/runs/N5A/boundary_N2000_P100_s42_tau1.2_lam0.356.npz,1341673,,"raw campaign output, kept in the local archive"
4_campaigns/numerical_workplan/runs/N5A/boundary_N2000_P100_s46_tau1.2_lam0.314.npz,1341669,,"raw campaign output, kept in the local archive"
4_campaigns/numerical_workplan/runs/N5A/boundary_N2000_P100_s46_tau1.2_lam0.354.npz,1341658,,"raw campaign output, kept in the local archive"
4_campaigns/numerical_workplan/runs/N5A/boundary_N2000_P100_s44_tau1.2_lam0.352.npz,1341645,,"raw campaign output, kept in the local archive"
4_campaigns/numerical_workplan/runs/N5A/boundary_N2000_P100_s42_tau1.2_lam0.324.npz,1341631,,"raw campaign output, kept in the local archive"
4_campaigns/numerical_workplan/runs/N5A/boundary_N2000_P100_s42_tau1.2_lam0.314.npz,1341626,,"raw campaign output, kept in the local archive"
4_campaigns/numerical_workplan/runs/N5A/boundary_N2000_P100_s46_tau1.2_lam0.356.npz,1341526,,"raw campaign output, kept in the local archive"
4_campaigns/numerical_workplan/runs/N5A/boundary_N2000_P100_s46_tau1.2_lam0.322.npz,1341518,,"raw campaign output, kept in the local archive"
4_campaigns/numerical_workplan/runs/N5A/boundary_N2000_P100_s43_tau1.2_lam0.340.npz,1341482,,"raw campaign output, kept in the local archive"
4_campaigns/numerical_workplan/runs/N5A/boundary_N2000_P100_s43_tau1.2_lam0.344.npz,1341390,,"raw campaign output, kept in the local archive"
4_campaigns/numerical_workplan/runs/N5A/boundary_N2000_P100_s43_tau1.2_lam0.342.npz,1341346,,"raw campaign output, kept in the local archive"
4_campaigns/numerical_workplan/runs/N5A/boundary_N2000_P100_s44_tau1.2_lam0.334.npz,1341250,,"raw campaign output, kept in the local archive"
4_campaigns/numerical_workplan/runs/N5A/boundary_N2000_P100_s42_tau1.2_lam0.330.npz,1341237,,"raw campaign output, kept in the local archive"
4_campaigns/numerical_workplan/runs/N5A/boundary_N2000_P100_s46_tau1.2_lam0.352.npz,1341213,,"raw campaign output, kept in the local archive"
4_campaigns/numerical_workplan/runs/N5A/boundary_N2000_P100_s43_tau1.2_lam0.350.npz,1341210,,"raw campaign output, kept in the local archive"
4_campaigns/numerical_workplan/runs/N5A/boundary_N2000_P100_s43_tau1.2_lam0.358.npz,1341193,,"raw campaign output, kept in the local archive"
4_campaigns/numerical_workplan/runs/N5A/boundary_N2000_P100_s44_tau1.2_lam0.302.npz,1341171,,"raw campaign output, kept in the local archive"
4_campaigns/numerical_workplan/runs/N5A/boundary_N2000_P100_s46_tau1.2_lam0.334.npz,1341114,,"raw campaign output, kept in the local archive"
4_campaigns/numerical_workplan/runs/N5A/boundary_N2000_P100_s42_tau1.2_lam0.360.npz,1341101,,"raw campaign output, kept in the local archive"
4_campaigns/numerical_workplan/runs/N5A/boundary_N2000_P100_s46_tau1.2_lam0.350.npz,1341084,,"raw campaign output, kept in the local archive"
4_campaigns/numerical_workplan/runs/N5A/boundary_N2000_P100_s43_tau1.2_lam0.310.npz,1341029,,"raw campaign output, kept in the local archive"
4_campaigns/numerical_workplan/runs/N5A/boundary_N2000_P100_s43_tau1.2_lam0.360.npz,1340967,,"raw campaign output, kept in the local archive"
4_campaigns/numerical_workplan/runs/N5A/boundary_N2000_P100_s46_tau1.2_lam0.326.npz,1340913,,"raw campaign output, kept in the local archive"
4_campaigns/numerical_workplan/runs/N5A/boundary_N2000_P100_s44_tau1.2_lam0.358.npz,1340806,,"raw campaign output, kept in the local archive"
4_campaigns/numerical_workplan/runs/N5A/boundary_N2000_P100_s42_tau1.2_lam0.346.npz,1340603,,"raw campaign output, kept in the local archive"
4_campaigns/numerical_workplan/runs/N5A/boundary_N2000_P100_s42_tau1.2_lam0.348.npz,1340603,,"raw campaign output, kept in the local archive"
4_campaigns/numerical_workplan/runs/N5A/boundary_N2000_P100_s42_tau1.2_lam0.342.npz,1340564,,"raw campaign output, kept in the local archive"
4_campaigns/numerical_workplan/runs/N5A/boundary_N2000_P100_s46_tau1.2_lam0.336.npz,1340522,,"raw campaign output, kept in the local archive"
4_campaigns/numerical_workplan/runs/N5A/boundary_N2000_P100_s42_tau1.2_lam0.332.npz,1340420,,"raw campaign output, kept in the local archive"
4_campaigns/numerical_workplan/runs/N5A/boundary_N2000_P100_s46_tau1.2_lam0.312.npz,1340377,,"raw campaign output, kept in the local archive"
4_campaigns/numerical_workplan/runs/N5A/boundary_N2000_P100_s44_tau1.2_lam0.346.npz,1340331,,"raw campaign output, kept in the local archive"
4_campaigns/numerical_workplan/runs/N5A/boundary_N2000_P100_s42_tau1.2_lam0.322.npz,1340316,,"raw campaign output, kept in the local archive"
4_campaigns/numerical_workplan/runs/N5A/boundary_N2000_P100_s43_tau1.2_lam0.304.npz,1340297,,"raw campaign output, kept in the local archive"
4_campaigns/numerical_workplan/runs/N5A/boundary_N2000_P100_s43_tau1.2_lam0.336.npz,1340260,,"raw campaign output, kept in the local archive"
4_campaigns/numerical_workplan/runs/N5A/boundary_N2000_P100_s43_tau1.2_lam0.302.npz,1340153,,"raw campaign output, kept in the local archive"
4_campaigns/numerical_workplan/runs/N5A/boundary_N2000_P100_s46_tau1.2_lam0.338.npz,1340050,,"raw campaign output, kept in the local archive"
4_campaigns/numerical_workplan/runs/N5A/boundary_N2000_P100_s43_tau1.2_lam0.352.npz,1340000,,"raw campaign output, kept in the local archive"
4_campaigns/numerical_workplan/runs/N5A/boundary_N2000_P100_s46_tau1.2_lam0.316.npz,1339873,,"raw campaign output, kept in the local archive"
4_campaigns/numerical_workplan/runs/N5A/boundary_N2000_P100_s42_tau1.2_lam0.326.npz,1339844,,"raw campaign output, kept in the local archive"
4_campaigns/numerical_workplan/runs/N5A/boundary_N2000_P100_s42_tau1.2_lam0.320.npz,1339771,,"raw campaign output, kept in the local archive"
4_campaigns/numerical_workplan/runs/N5A/boundary_N2000_P100_s44_tau1.2_lam0.300.npz,1339716,,"raw campaign output, kept in the local archive"
4_campaigns/numerical_workplan/runs/N5A/boundary_N2000_P100_s42_tau1.2_lam0.312.npz,1339311,,"raw campaign output, kept in the local archive"
4_campaigns/numerical_workplan/runs/N5A/boundary_N2000_P100_s42_tau1.2_lam0.340.npz,1339294,,"raw campaign output, kept in the local archive"
4_campaigns/numerical_workplan/runs/N5A/boundary_N2000_P100_s46_tau1.2_lam0.320.npz,1339293,,"raw campaign output, kept in the local archive"
4_campaigns/numerical_workplan/runs/N5A/boundary_N2000_P100_s46_tau1.2_lam0.332.npz,1339273,,"raw campaign output, kept in the local archive"
4_campaigns/numerical_workplan/runs/N5A/boundary_N2000_P100_s43_tau1.2_lam0.338.npz,1339188,,"raw campaign output, kept in the local archive"
4_campaigns/numerical_workplan/runs/N5A/boundary_N2000_P100_s43_tau1.2_lam0.356.npz,1339025,,"raw campaign output, kept in the local archive"
4_campaigns/numerical_workplan/runs/N5A/boundary_N2000_P100_s42_tau1.2_lam0.318.npz,1338785,,"raw campaign output, kept in the local archive"
4_campaigns/numerical_workplan/runs/N5A/boundary_N2000_P100_s44_tau1.2_lam0.356.npz,1338542,,"raw campaign output, kept in the local archive"
4_campaigns/numerical_workplan/runs/N5A/boundary_N2000_P100_s43_tau1.2_lam0.306.npz,1338421,,"raw campaign output, kept in the local archive"
4_campaigns/numerical_workplan/runs/N5A/boundary_N2000_P100_s44_tau1.2_lam0.304.npz,1338159,,"raw campaign output, kept in the local archive"
4_campaigns/numerical_workplan/runs/N5A/boundary_N2000_P100_s42_tau1.2_lam0.344.npz,1338122,,"raw campaign output, kept in the local archive"
4_campaigns/numerical_workplan/runs/N5A/boundary_N2000_P100_s46_tau1.2_lam0.340.npz,1337974,,"raw campaign output, kept in the local archive"
4_campaigns/numerical_workplan/runs/N5A/boundary_N2000_P100_s44_tau1.2_lam0.306.npz,1337720,,"raw campaign output, kept in the local archive"
4_campaigns/numerical_workplan/runs/N5A/boundary_N2000_P100_s42_tau1.2_lam0.328.npz,1337382,,"raw campaign output, kept in the local archive"
4_campaigns/numerical_workplan/runs/N5A/boundary_N2000_P100_s44_tau1.2_lam0.360.npz,1336952,,"raw campaign output, kept in the local archive"
4_campaigns/numerical_workplan/runs/N5A/coherence_N2000_P100_s42_tau1.15_dt0.01.npz,1336838,,"raw campaign output, kept in the local archive"
4_campaigns/numerical_workplan/runs/N5A/boundary_N2000_P100_s45_tau1.2_lam0.316.npz,1336819,,"raw campaign output, kept in the local archive"
4_campaigns/numerical_workplan/runs/N5A/boundary_N2000_P100_s45_tau1.2_lam0.322.npz,1336708,,"raw campaign output, kept in the local archive"
4_campaigns/numerical_workplan/runs/N5A/boundary_N2000_P100_s45_tau1.2_lam0.326.npz,1336524,,"raw campaign output, kept in the local archive"
4_campaigns/numerical_workplan/runs/N5A/coherence_N2000_P100_s45_tau1.15_dt0.01.npz,1336493,,"raw campaign output, kept in the local archive"
4_campaigns/numerical_workplan/runs/N5A/boundary_N2000_P100_s42_tau1.2_lam0.336.npz,1336324,,"raw campaign output, kept in the local archive"
4_campaigns/numerical_workplan/runs/N5A/coherence_N2000_P100_s43_tau1.15_dt0.01.npz,1336168,,"raw campaign output, kept in the local archive"
4_campaigns/numerical_workplan/runs/N5A/coherence_N2000_P100_s44_tau1.15_dt0.01.npz,1336120,,"raw campaign output, kept in the local archive"
4_campaigns/numerical_workplan/runs/N5A/boundary_N2000_P100_s43_tau1.2_lam0.354.npz,1335825,,"raw campaign output, kept in the local archive"
4_campaigns/numerical_workplan/runs/N5A/coherence_N2000_P100_s46_tau1.15_dt0.01.npz,1335377,,"raw campaign output, kept in the local archive"
4_campaigns/numerical_workplan/runs/N5A/boundary_N2000_P100_s45_tau1.2_lam0.358.npz,1335269,,"raw campaign output, kept in the local archive"
4_campaigns/numerical_workplan/runs/N5A/boundary_N2000_P100_s45_tau1.2_lam0.352.npz,1335251,,"raw campaign output, kept in the local archive"
4_campaigns/numerical_workplan/runs/N5A/boundary_N2000_P100_s45_tau1.2_lam0.318.npz,1335027,,"raw campaign output, kept in the local archive"
4_campaigns/numerical_workplan/runs/N5A/boundary_N2000_P100_s45_tau1.2_lam0.328.npz,1334986,,"raw campaign output, kept in the local archive"
4_campaigns/numerical_workplan/runs/N5A/boundary_N2000_P100_s43_tau1.2_lam0.308.npz,1334741,,"raw campaign output, kept in the local archive"
4_campaigns/numerical_workplan/runs/N5A/boundary_N2000_P100_s44_tau1.2_lam0.342.npz,1334348,,"raw campaign output, kept in the local archive"
4_campaigns/numerical_workplan/runs/N5A/boundary_N2000_P100_s45_tau1.2_lam0.360.npz,1334226,,"raw campaign output, kept in the local archive"
4_campaigns/numerical_workplan/runs/N5A/boundary_N2000_P100_s42_tau1.2_lam0.310.npz,1333979,,"raw campaign output, kept in the local archive"
4_campaigns/numerical_workplan/runs/N5A/boundary_N2000_P100_s44_tau1.2_lam0.340.npz,1333615,,"raw campaign output, kept in the local archive"
4_campaigns/numerical_workplan/runs/N5A/boundary_N2000_P100_s44_tau1.2_lam0.336.npz,1333550,,"raw campaign output, kept in the local archive"
4_campaigns/numerical_workplan/runs/N5A/boundary_N2000_P100_s45_tau1.2_lam0.354.npz,1333184,,"raw campaign output, kept in the local archive"
4_campaigns/numerical_workplan/runs/N5A/boundary_N2000_P100_s42_tau1.2_lam0.316.npz,1332144,,"raw campaign output, kept in the local archive"
4_campaigns/numerical_workplan/runs/N5A/boundary_N2000_P100_s42_tau1.2_lam0.334.npz,1332113,,"raw campaign output, kept in the local archive"
4_campaigns/numerical_workplan/runs/N5A/boundary_N2000_P100_s45_tau1.2_lam0.350.npz,1331939,,"raw campaign output, kept in the local archive"
4_campaigns/numerical_workplan/runs/N5A/boundary_N2000_P100_s45_tau1.2_lam0.356.npz,1331934,,"raw campaign output, kept in the local archive"
4_campaigns/numerical_workplan/runs/N5A/boundary_N2000_P100_s44_tau1.2_lam0.348.npz,1331739,,"raw campaign output, kept in the local archive"
4_campaigns/numerical_workplan/runs/N5A/boundary_N2000_P100_s44_tau1.2_lam0.338.npz,1331171,,"raw campaign output, kept in the local archive"
4_campaigns/numerical_workplan/runs/N5A/boundary_N2000_P100_s45_tau1.2_lam0.324.npz,1330879,,"raw campaign output, kept in the local archive"
4_campaigns/numerical_workplan/runs/N5A/boundary_N2000_P100_s46_tau1.3_lam0.314.npz,1329768,,"raw campaign output, kept in the local archive"
4_campaigns/numerical_workplan/runs/N5A/coherence_N2000_P100_s42_tau1.1_dt0.01.npz,1329162,,"raw campaign output, kept in the local archive"
4_campaigns/numerical_workplan/runs/N5A/boundary_N2000_P100_s43_tau1.2_lam0.332.npz,1328868,,"raw campaign output, kept in the local archive"
4_campaigns/numerical_workplan/runs/N5A/coherence_N2000_P100_s43_tau1.1_dt0.01.npz,1328796,,"raw campaign output, kept in the local archive"
4_campaigns/numerical_workplan/runs/N5A/coherence_N2000_P100_s44_tau1.1_dt0.01.npz,1328430,,"raw campaign output, kept in the local archive"
4_campaigns/numerical_workplan/runs/N5A/coherence_N2000_P100_s45_tau1.1_dt0.01.npz,1328157,,"raw campaign output, kept in the local archive"
4_campaigns/numerical_workplan/runs/N5A/coherence_N2000_P100_s46_tau1.1_dt0.01.npz,1326941,,"raw campaign output, kept in the local archive"
4_campaigns/numerical_workplan/runs/N5A/boundary_N2000_P100_s44_tau1.4_lam0.332.npz,1326048,,"raw campaign output, kept in the local archive"
4_campaigns/numerical_workplan/runs/N5A/boundary_N2000_P100_s42_tau1.3_lam0.322.npz,1323449,,"raw campaign output, kept in the local archive"
4_campaigns/numerical_workplan/runs/N1_AUDIT/points/N2000_P100_s61_ascending_lam0p32499535_dt0p005_tours5.npz,1322060,,"raw campaign output, kept in the local archive"
4_campaigns/numerical_workplan/runs/N5A/boundary_N2000_P100_s43_tau1.2_lam0.312.npz,1321446,,"raw campaign output, kept in the local archive"
4_campaigns/numerical_workplan/runs/N5A/boundary_N2000_P100_s45_tau1.2_lam0.320.npz,1319592,,"raw campaign output, kept in the local archive"
4_campaigns/numerical_workplan/runs/N5A/coherence_N2000_P100_s45_tau1_dt0.01.npz,1314058,,"raw campaign output, kept in the local archive"
4_campaigns/numerical_workplan/runs/N5A/coherence_N2000_P100_s42_tau1_dt0.01.npz,1313570,,"raw campaign output, kept in the local archive"
4_campaigns/numerical_workplan/runs/N5A/coherence_N2000_P100_s43_tau1_dt0.01.npz,1313466,,"raw campaign output, kept in the local archive"
4_campaigns/numerical_workplan/runs/N5A/coherence_N2000_P100_s44_tau1_dt0.01.npz,1313308,,"raw campaign output, kept in the local archive"
4_campaigns/numerical_workplan/runs/N5A/boundary_N2000_P100_s44_tau1.4_lam0.342.npz,1313185,,"raw campaign output, kept in the local archive"
4_campaigns/numerical_workplan/runs/N5A/boundary_N2000_P100_s46_tau1_lam0.352.npz,1312692,,"raw campaign output, kept in the local archive"
4_campaigns/numerical_workplan/runs/N5A/boundary_N2000_P100_s46_tau1_lam0.350.npz,1312689,,"raw campaign output, kept in the local archive"
4_campaigns/numerical_workplan/runs/N5A/boundary_N2000_P100_s46_tau1_lam0.348.npz,1312603,,"raw campaign output, kept in the local archive"
4_campaigns/numerical_workplan/runs/N5A/boundary_N2000_P100_s46_tau1_lam0.360.npz,1312571,,"raw campaign output, kept in the local archive"
4_campaigns/numerical_workplan/runs/N5A/boundary_N2000_P100_s46_tau1_lam0.354.npz,1312550,,"raw campaign output, kept in the local archive"
4_campaigns/numerical_workplan/runs/N5A/boundary_N2000_P100_s46_tau1_lam0.344.npz,1312530,,"raw campaign output, kept in the local archive"
4_campaigns/numerical_workplan/runs/N5A/boundary_N2000_P100_s46_tau1_lam0.346.npz,1312428,,"raw campaign output, kept in the local archive"
4_campaigns/numerical_workplan/runs/N5A/boundary_N2000_P100_s46_tau1_lam0.358.npz,1312425,,"raw campaign output, kept in the local archive"
4_campaigns/numerical_workplan/runs/N5A/boundary_N2000_P100_s46_tau1_lam0.334.npz,1312417,,"raw campaign output, kept in the local archive"
4_campaigns/numerical_workplan/runs/N5A/boundary_N2000_P100_s46_tau1_lam0.336.npz,1312323,,"raw campaign output, kept in the local archive"
4_campaigns/numerical_workplan/runs/N5A/boundary_N2000_P100_s42_tau1_lam0.352.npz,1312288,,"raw campaign output, kept in the local archive"
4_campaigns/numerical_workplan/runs/N5A/boundary_N2000_P100_s42_tau1_lam0.338.npz,1312281,,"raw campaign output, kept in the local archive"
4_campaigns/numerical_workplan/runs/N5A/boundary_N2000_P100_s46_tau1_lam0.328.npz,1312226,,"raw campaign output, kept in the local archive"
4_campaigns/numerical_workplan/runs/N5A/boundary_N2000_P100_s46_tau1_lam0.340.npz,1312142,,"raw campaign output, kept in the local archive"
4_campaigns/numerical_workplan/runs/N5A/boundary_N2000_P100_s42_tau1_lam0.360.npz,1312049,,"raw campaign output, kept in the local archive"
4_campaigns/numerical_workplan/runs/N5A/boundary_N2000_P100_s43_tau1_lam0.306.npz,1311855,,"raw campaign output, kept in the local archive"
4_campaigns/numerical_workplan/runs/N5A/coherence_N2000_P100_s46_tau1_dt0.01.npz,1311668,,"raw campaign output, kept in the local archive"
4_campaigns/numerical_workplan/runs/N5A/boundary_N2000_P100_s46_tau1_lam0.338.npz,1311611,,"raw campaign output, kept in the local archive"
4_campaigns/numerical_workplan/runs/N5A/boundary_N2000_P100_s46_tau1_lam0.330.npz,1311610,,"raw campaign output, kept in the local archive"
4_campaigns/numerical_workplan/runs/N5A/boundary_N2000_P100_s46_tau1_lam0.326.npz,1311568,,"raw campaign output, kept in the local archive"
4_campaigns/numerical_workplan/runs/N5A/boundary_N2000_P100_s46_tau1_lam0.356.npz,1311534,,"raw campaign output, kept in the local archive"
4_campaigns/numerical_workplan/runs/N5A/boundary_N2000_P100_s42_tau1_lam0.336.npz,1311533,,"raw campaign output, kept in the local archive"
4_campaigns/numerical_workplan/runs/N5A/boundary_N2000_P100_s46_tau1_lam0.332.npz,1311276,,"raw campaign output, kept in the local archive"
4_campaigns/numerical_workplan/runs/N5A/boundary_N2000_P100_s43_tau1_lam0.310.npz,1311069,,"raw campaign output, kept in the local archive"
4_campaigns/numerical_workplan/runs/N5A/boundary_N2000_P100_s42_tau1_lam0.346.npz,1311053,,"raw campaign output, kept in the local archive"
4_campaigns/numerical_workplan/runs/N5A/boundary_N2000_P100_s42_tau1_lam0.358.npz,1310978,,"raw campaign output, kept in the local archive"
4_campaigns/numerical_workplan/runs/N5A/boundary_N2000_P100_s42_tau1_lam0.340.npz,1310973,,"raw campaign output, kept in the local archive"
4_campaigns/numerical_workplan/runs/N5A/boundary_N2000_P100_s43_tau1_lam0.312.npz,1310939,,"raw campaign output, kept in the local archive"
4_campaigns/numerical_workplan/runs/N5A/boundary_N2000_P100_s43_tau1_lam0.316.npz,1310879,,"raw campaign output, kept in the local archive"
4_campaigns/numerical_workplan/runs/N5A/boundary_N2000_P100_s42_tau1_lam0.334.npz,1310735,,"raw campaign output, kept in the local archive"
4_campaigns/numerical_workplan/runs/N5A/boundary_N2000_P100_s43_tau1_lam0.308.npz,1310564,,"raw campaign output, kept in the local archive"
4_campaigns/numerical_workplan/runs/N5A/boundary_N2000_P100_s43_tau1_lam0.314.npz,1310539,,"raw campaign output, kept in the local archive"
4_campaigns/numerical_workplan/runs/N5A/boundary_N2000_P100_s42_tau1_lam0.344.npz,1310528,,"raw campaign output, kept in the local archive"
4_campaigns/numerical_workplan/runs/N5A/boundary_N2000_P100_s42_tau1_lam0.350.npz,1310136,,"raw campaign output, kept in the local archive"
4_campaigns/numerical_workplan/runs/N5A/boundary_N2000_P100_s43_tau1_lam0.304.npz,1309882,,"raw campaign output, kept in the local archive"
4_campaigns/numerical_workplan/runs/N5A/boundary_N2000_P100_s42_tau1_lam0.356.npz,1309858,,"raw campaign output, kept in the local archive"
4_campaigns/numerical_workplan/runs/N5A/boundary_N2000_P100_s42_tau1_lam0.348.npz,1309717,,"raw campaign output, kept in the local archive"
4_campaigns/numerical_workplan/runs/N5A/boundary_N2000_P100_s46_tau1_lam0.342.npz,1309583,,"raw campaign output, kept in the local archive"
4_campaigns/numerical_workplan/runs/N5A/boundary_N2000_P100_s42_tau1_lam0.342.npz,1309520,,"raw campaign output, kept in the local archive"
4_campaigns/numerical_workplan/runs/N5A/boundary_N2000_P100_s42_tau1_lam0.354.npz,1309464,,"raw campaign output, kept in the local archive"
4_campaigns/numerical_workplan/runs/N5A/boundary_N2000_P100_s43_tau1_lam0.318.npz,1309236,,"raw campaign output, kept in the local archive"
4_campaigns/numerical_workplan/runs/N5A/boundary_N2000_P100_s42_tau1_lam0.328.npz,1309049,,"raw campaign output, kept in the local archive"
4_campaigns/numerical_workplan/runs/N5A/boundary_N2000_P100_s45_tau1_lam0.330.npz,1308892,,"raw campaign output, kept in the local archive"
4_campaigns/numerical_workplan/runs/N5A/boundary_N2000_P100_s45_tau1_lam0.312.npz,1308564,,"raw campaign output, kept in the local archive"
4_campaigns/numerical_workplan/runs/N5A/boundary_N2000_P100_s42_tau1_lam0.332.npz,1308504,,"raw campaign output, kept in the local archive"
4_campaigns/numerical_workplan/runs/N5A/boundary_N2000_P100_s45_tau1_lam0.308.npz,1308470,,"raw campaign output, kept in the local archive"
4_campaigns/numerical_workplan/runs/N5A/boundary_N2000_P100_s42_tau1_lam0.330.npz,1307929,,"raw campaign output, kept in the local archive"
4_campaigns/numerical_workplan/runs/N5A/boundary_N2000_P100_s45_tau1_lam0.304.npz,1307895,,"raw campaign output, kept in the local archive"
4_campaigns/numerical_workplan/runs/N5A/boundary_N2000_P100_s45_tau1_lam0.326.npz,1307885,,"raw campaign output, kept in the local archive"
4_campaigns/numerical_workplan/runs/N5A/boundary_N2000_P100_s43_tau1_lam0.302.npz,1307720,,"raw campaign output, kept in the local archive"
4_campaigns/numerical_workplan/runs/N1_AUDIT/points/N2000_P100_s61_ascending_lam0p32475924_dt0p005_tours5.npz,1307529,,"raw campaign output, kept in the local archive"
4_campaigns/numerical_workplan/runs/N5A/boundary_N2000_P100_s45_tau1_lam0.320.npz,1306935,,"raw campaign output, kept in the local archive"
4_campaigns/numerical_workplan/runs/N5A/boundary_N2000_P100_s45_tau1_lam0.328.npz,1306918,,"raw campaign output, kept in the local archive"
4_campaigns/numerical_workplan/runs/N5A/boundary_N2000_P100_s45_tau1_lam0.314.npz,1306677,,"raw campaign output, kept in the local archive"
4_campaigns/numerical_workplan/runs/N5A/boundary_N2000_P100_s44_tau1_lam0.300.npz,1306068,,"raw campaign output, kept in the local archive"
4_campaigns/numerical_workplan/runs/N5A/boundary_N2000_P100_s46_tau1_lam0.324.npz,1305969,,"raw campaign output, kept in the local archive"
4_campaigns/numerical_workplan/runs/N5A/boundary_N2000_P100_s45_tau1_lam0.336.npz,1305846,,"raw campaign output, kept in the local archive"
4_campaigns/numerical_workplan/runs/N5A/boundary_N2000_P100_s45_tau1_lam0.334.npz,1305742,,"raw campaign output, kept in the local archive"
4_campaigns/numerical_workplan/runs/N5A/boundary_N2000_P100_s45_tau1_lam0.300.npz,1305603,,"raw campaign output, kept in the local archive"
4_campaigns/numerical_workplan/runs/N5A/boundary_N2000_P100_s45_tau1_lam0.318.npz,1305431,,"raw campaign output, kept in the local archive"
4_campaigns/numerical_workplan/runs/N5A/boundary_N2000_P100_s45_tau1_lam0.306.npz,1305327,,"raw campaign output, kept in the local archive"
4_campaigns/numerical_workplan/runs/N5A/boundary_N2000_P100_s45_tau1_lam0.324.npz,1305256,,"raw campaign output, kept in the local archive"
4_campaigns/numerical_workplan/runs/N5A/boundary_N2000_P100_s42_tau1_lam0.310.npz,1305072,,"raw campaign output, kept in the local archive"
4_campaigns/numerical_workplan/runs/N5A/boundary_N2000_P100_s43_tau1_lam0.300.npz,1304777,,"raw campaign output, kept in the local archive"
4_campaigns/numerical_workplan/runs/N5A/boundary_N2000_P100_s45_tau1_lam0.322.npz,1304580,,"raw campaign output, kept in the local archive"
4_campaigns/numerical_workplan/runs/N5A/boundary_N2000_P100_s43_tau2_lam0.304.npz,1304536,,"raw campaign output, kept in the local archive"
4_campaigns/numerical_workplan/runs/N5A/boundary_N2000_P100_s42_tau1_lam0.312.npz,1304489,,"raw campaign output, kept in the local archive"
4_campaigns/numerical_workplan/runs/N5A/boundary_N2000_P100_s45_tau1_lam0.310.npz,1304393,,"raw campaign output, kept in the local archive"
4_campaigns/numerical_workplan/runs/N1_AUDIT/points/N2000_P100_s48_descending_lam0p33215817_dt0p005_tours5.npz,1302770,,"raw campaign output, kept in the local archive"
4_campaigns/numerical_workplan/runs/N5A/boundary_N2000_P100_s45_tau1_lam0.316.npz,1302668,,"raw campaign output, kept in the local archive"
4_campaigns/numerical_workplan/runs/N5A/boundary_N2000_P100_s45_tau1_lam0.332.npz,1301499,,"raw campaign output, kept in the local archive"
4_campaigns/numerical_workplan/runs/N5A/boundary_N2000_P100_s45_tau1_lam0.302.npz,1301450,,"raw campaign output, kept in the local archive"
4_campaigns/numerical_workplan/runs/N5A/boundary_N2000_P100_s45_tau1.2_lam0.346.npz,1301251,,"raw campaign output, kept in the local archive"
4_campaigns/numerical_workplan/runs/N5A/boundary_N2000_P100_s45_tau1.2_lam0.348.npz,1298175,,"raw campaign output, kept in the local archive"
4_campaigns/numerical_workplan/runs/N5A/boundary_N2000_P100_s43_tau5_lam0.316.npz,1295008,,"raw campaign output, kept in the local archive"
4_campaigns/numerical_workplan/runs/N5A/boundary_N2000_P100_s44_tau1_lam0.356.npz,1291170,,"raw campaign output, kept in the local archive"
4_campaigns/numerical_workplan/runs/N5A/boundary_N2000_P100_s44_tau1_lam0.360.npz,1282969,,"raw campaign output, kept in the local archive"
4_campaigns/numerical_workplan/runs/N5A/boundary_N2000_P100_s45_tau1.3_lam0.306.npz,1282660,,"raw campaign output, kept in the local archive"
4_campaigns/numerical_workplan/runs/N5A/boundary_N2000_P100_s42_tau3_lam0.312.npz,1277606,,"raw campaign output, kept in the local archive"
4_campaigns/numerical_workplan/runs/N5A/boundary_N2000_P100_s43_tau2_lam0.338.npz,1276407,,"raw campaign output, kept in the local archive"
4_campaigns/numerical_workplan/runs/N5A/coherence_N2000_P100_s45_tau0.75_dt0.01.npz,1275907,,"raw campaign output, kept in the local archive"
4_campaigns/numerical_workplan/runs/N5A/boundary_N2000_P100_s44_tau3_lam0.314.npz,1275766,,"raw campaign output, kept in the local archive"
4_campaigns/numerical_workplan/runs/N5A/coherence_N2000_P100_s44_tau0.75_dt0.01.npz,1275552,,"raw campaign output, kept in the local archive"
4_campaigns/numerical_workplan/runs/N5A/coherence_N2000_P100_s42_tau0.75_dt0.01.npz,1275394,,"raw campaign output, kept in the local archive"
4_campaigns/numerical_workplan/runs/N5A/coherence_N2000_P100_s43_tau0.75_dt0.01.npz,1275358,,"raw campaign output, kept in the local archive"
4_campaigns/numerical_workplan/runs/N5A/coherence_N2000_P100_s46_tau0.75_dt0.01.npz,1271791,,"raw campaign output, kept in the local archive"
4_campaigns/numerical_workplan/runs/N1_AUDIT/points/N2000_P100_s44_ascending_lam0p33925000_dt0p005_tours5.npz,1263218,,"raw campaign output, kept in the local archive"
4_campaigns/numerical_workplan/runs/N5A/boundary_N2000_P100_s45_tau1.2_lam0.310.npz,1245094,,"raw campaign output, kept in the local archive"
4_campaigns/numerical_workplan/runs/N5A/boundary_N2000_P100_s44_tau1.3_lam0.324.npz,1243744,,"raw campaign output, kept in the local archive"
4_campaigns/numerical_workplan/runs/N5A/boundary_N2000_P100_s45_tau1_lam0.350.npz,1239668,,"raw campaign output, kept in the local archive"
4_campaigns/numerical_workplan/runs/N5A/coherence_N2000_P100_s43_tau0.5_dt0.01.npz,1237552,,"raw campaign output, kept in the local archive"
4_campaigns/numerical_workplan/runs/N5A/coherence_N2000_P100_s42_tau0.5_dt0.01.npz,1237497,,"raw campaign output, kept in the local archive"
4_campaigns/numerical_workplan/runs/N5A/coherence_N2000_P100_s44_tau0.5_dt0.01.npz,1237267,,"raw campaign output, kept in the local archive"
4_campaigns/numerical_workplan/runs/N5A/boundary_N2000_P100_s46_tau0.5_lam0.360.npz,1236865,,"raw campaign output, kept in the local archive"
4_campaigns/numerical_workplan/runs/N5A/boundary_N2000_P100_s46_tau0.5_lam0.348.npz,1236819,,"raw campaign output, kept in the local archive"
4_campaigns/numerical_workplan/runs/N5A/boundary_N2000_P100_s46_tau0.5_lam0.346.npz,1236795,,"raw campaign output, kept in the local archive"
4_campaigns/numerical_workplan/runs/N5A/boundary_N2000_P100_s42_tau0.5_lam0.356.npz,1236723,,"raw campaign output, kept in the local archive"
4_campaigns/numerical_workplan/runs/N5A/coherence_N2000_P100_s45_tau0.5_dt0.01.npz,1236704,,"raw campaign output, kept in the local archive"
4_campaigns/numerical_workplan/runs/N5A/boundary_N2000_P100_s46_tau0.5_lam0.342.npz,1236617,,"raw campaign output, kept in the local archive"
4_campaigns/numerical_workplan/runs/N5A/boundary_N2000_P100_s46_tau0.5_lam0.354.npz,1236562,,"raw campaign output, kept in the local archive"
4_campaigns/numerical_workplan/runs/N5A/boundary_N2000_P100_s46_tau0.5_lam0.334.npz,1236556,,"raw campaign output, kept in the local archive"
4_campaigns/numerical_workplan/runs/N5A/boundary_N2000_P100_s46_tau0.5_lam0.350.npz,1236407,,"raw campaign output, kept in the local archive"
4_campaigns/numerical_workplan/runs/N5A/boundary_N2000_P100_s46_tau0.5_lam0.326.npz,1236394,,"raw campaign output, kept in the local archive"
4_campaigns/numerical_workplan/runs/N5A/boundary_N2000_P100_s46_tau0.5_lam0.340.npz,1236387,,"raw campaign output, kept in the local archive"
4_campaigns/numerical_workplan/runs/N5A/boundary_N2000_P100_s46_tau0.5_lam0.338.npz,1236339,,"raw campaign output, kept in the local archive"
4_campaigns/numerical_workplan/runs/N5A/boundary_N2000_P100_s46_tau0.5_lam0.332.npz,1236325,,"raw campaign output, kept in the local archive"
4_campaigns/numerical_workplan/runs/N5A/boundary_N2000_P100_s42_tau0.5_lam0.358.npz,1236260,,"raw campaign output, kept in the local archive"
4_campaigns/numerical_workplan/runs/N5A/boundary_N2000_P100_s44_tau0.5_lam0.336.npz,1236255,,"raw campaign output, kept in the local archive"
4_campaigns/numerical_workplan/runs/N5A/boundary_N2000_P100_s46_tau0.5_lam0.318.npz,1236232,,"raw campaign output, kept in the local archive"
4_campaigns/numerical_workplan/runs/N5A/boundary_N2000_P100_s46_tau0.5_lam0.330.npz,1236133,,"raw campaign output, kept in the local archive"
4_campaigns/numerical_workplan/runs/N5A/boundary_N2000_P100_s44_tau0.5_lam0.330.npz,1236127,,"raw campaign output, kept in the local archive"
4_campaigns/numerical_workplan/runs/N5A/boundary_N2000_P100_s46_tau0.5_lam0.356.npz,1236124,,"raw campaign output, kept in the local archive"
4_campaigns/numerical_workplan/runs/N5A/boundary_N2000_P100_s46_tau0.5_lam0.344.npz,1236049,,"raw campaign output, kept in the local archive"
4_campaigns/numerical_workplan/runs/N5A/boundary_N2000_P100_s43_tau0.5_lam0.350.npz,1235961,,"raw campaign output, kept in the local archive"
4_campaigns/numerical_workplan/runs/N5A/boundary_N2000_P100_s42_tau0.5_lam0.316.npz,1235916,,"raw campaign output, kept in the local archive"
4_campaigns/numerical_workplan/runs/N5A/boundary_N2000_P100_s44_tau0.5_lam0.332.npz,1235898,,"raw campaign output, kept in the local archive"
4_campaigns/numerical_workplan/runs/N5A/boundary_N2000_P100_s46_tau0.5_lam0.328.npz,1235890,,"raw campaign output, kept in the local archive"
4_campaigns/numerical_workplan/runs/N5A/boundary_N2000_P100_s42_tau0.5_lam0.360.npz,1235852,,"raw campaign output, kept in the local archive"
4_campaigns/numerical_workplan/runs/N5A/boundary_N2000_P100_s43_tau0.5_lam0.336.npz,1235648,,"raw campaign output, kept in the local archive"
4_campaigns/numerical_workplan/runs/N5A/boundary_N2000_P100_s42_tau0.5_lam0.320.npz,1235611,,"raw campaign output, kept in the local archive"
4_campaigns/numerical_workplan/runs/N5A/boundary_N2000_P100_s43_tau0.5_lam0.360.npz,1235504,,"raw campaign output, kept in the local archive"
4_campaigns/numerical_workplan/runs/N5A/boundary_N2000_P100_s46_tau0.5_lam0.352.npz,1235432,,"raw campaign output, kept in the local archive"
4_campaigns/numerical_workplan/runs/N5A/boundary_N2000_P100_s46_tau0.5_lam0.358.npz,1235407,,"raw campaign output, kept in the local archive"
4_campaigns/numerical_workplan/runs/N5A/boundary_N2000_P100_s46_tau0.5_lam0.324.npz,1235278,,"raw campaign output, kept in the local archive"
4_campaigns/numerical_workplan/runs/N5A/boundary_N2000_P100_s46_tau0.5_lam0.320.npz,1235235,,"raw campaign output, kept in the local archive"
4_campaigns/numerical_workplan/runs/N5A/boundary_N2000_P100_s44_tau0.5_lam0.324.npz,1235234,,"raw campaign output, kept in the local archive"
4_campaigns/numerical_workplan/runs/N5A/boundary_N2000_P100_s43_tau0.5_lam0.344.npz,1235028,,"raw campaign output, kept in the local archive"
4_campaigns/numerical_workplan/runs/N5A/boundary_N2000_P100_s46_tau0.5_lam0.336.npz,1234899,,"raw campaign output, kept in the local archive"
4_campaigns/numerical_workplan/runs/N5A/boundary_N2000_P100_s43_tau0.5_lam0.342.npz,1234816,,"raw campaign output, kept in the local archive"
4_campaigns/numerical_workplan/runs/N5A/boundary_N2000_P100_s44_tau0.5_lam0.340.npz,1234678,,"raw campaign output, kept in the local archive"
4_campaigns/numerical_workplan/runs/N5A/boundary_N2000_P100_s44_tau0.5_lam0.300.npz,1234660,,"raw campaign output, kept in the local archive"
4_campaigns/numerical_workplan/runs/N5A/boundary_N2000_P100_s44_tau0.5_lam0.342.npz,1234531,,"raw campaign output, kept in the local archive"
4_campaigns/numerical_workplan/runs/N5A/boundary_N2000_P100_s42_tau0.5_lam0.318.npz,1234495,,"raw campaign output, kept in the local archive"
4_campaigns/numerical_workplan/runs/N5A/boundary_N2000_P100_s44_tau0.5_lam0.302.npz,1234146,,"raw campaign output, kept in the local archive"
4_campaigns/numerical_workplan/runs/N5A/boundary_N2000_P100_s44_tau0.5_lam0.344.npz,1234001,,"raw campaign output, kept in the local archive"
4_campaigns/numerical_workplan/runs/N5A/boundary_N2000_P100_s43_tau0.5_lam0.334.npz,1233958,,"raw campaign output, kept in the local archive"
4_campaigns/numerical_workplan/runs/N5A/boundary_N2000_P100_s46_tau0.5_lam0.322.npz,1233588,,"raw campaign output, kept in the local archive"
4_campaigns/numerical_workplan/runs/N5A/boundary_N2000_P100_s43_tau0.5_lam0.348.npz,1233459,,"raw campaign output, kept in the local archive"
4_campaigns/numerical_workplan/runs/N5A/boundary_N2000_P100_s44_tau0.5_lam0.338.npz,1233223,,"raw campaign output, kept in the local archive"
4_campaigns/numerical_workplan/runs/N5A/boundary_N2000_P100_s44_tau0.5_lam0.326.npz,1233067,,"raw campaign output, kept in the local archive"
4_campaigns/numerical_workplan/runs/N5A/boundary_N2000_P100_s44_tau0.5_lam0.328.npz,1232730,,"raw campaign output, kept in the local archive"
4_campaigns/numerical_workplan/runs/N5A/coherence_N2000_P100_s46_tau0.5_dt0.01.npz,1232707,,"raw campaign output, kept in the local archive"
4_campaigns/numerical_workplan/runs/N5A/boundary_N2000_P100_s45_tau0.5_lam0.300.npz,1232661,,"raw campaign output, kept in the local archive"
4_campaigns/numerical_workplan/runs/N5A/boundary_N2000_P100_s45_tau0.5_lam0.302.npz,1232616,,"raw campaign output, kept in the local archive"
4_campaigns/numerical_workplan/runs/N5A/boundary_N2000_P100_s45_tau0.5_lam0.314.npz,1232350,,"raw campaign output, kept in the local archive"
4_campaigns/numerical_workplan/runs/N5A/boundary_N2000_P100_s43_tau0.5_lam0.352.npz,1232310,,"raw campaign output, kept in the local archive"
4_campaigns/numerical_workplan/runs/N5A/boundary_N2000_P100_s45_tau0.5_lam0.320.npz,1232253,,"raw campaign output, kept in the local archive"
4_campaigns/numerical_workplan/runs/N5A/boundary_N2000_P100_s45_tau0.5_lam0.322.npz,1232092,,"raw campaign output, kept in the local archive"
4_campaigns/numerical_workplan/runs/N5A/boundary_N2000_P100_s43_tau0.5_lam0.316.npz,1231949,,"raw campaign output, kept in the local archive"
4_campaigns/numerical_workplan/runs/N5A/boundary_N2000_P100_s45_tau0.5_lam0.318.npz,1231893,,"raw campaign output, kept in the local archive"
4_campaigns/numerical_workplan/runs/N5A/boundary_N2000_P100_s45_tau0.5_lam0.324.npz,1231748,,"raw campaign output, kept in the local archive"
4_campaigns/numerical_workplan/runs/N5A/boundary_N2000_P100_s46_tau0.5_lam0.316.npz,1231625,,"raw campaign output, kept in the local archive"
4_campaigns/numerical_workplan/runs/N5A/boundary_N2000_P100_s45_tau0.5_lam0.326.npz,1231525,,"raw campaign output, kept in the local archive"
4_campaigns/numerical_workplan/runs/N5A/boundary_N2000_P100_s43_tau0.5_lam0.346.npz,1231406,,"raw campaign output, kept in the local archive"
4_campaigns/numerical_workplan/runs/N5A/boundary_N2000_P100_s44_tau0.5_lam0.320.npz,1231377,,"raw campaign output, kept in the local archive"
4_campaigns/numerical_workplan/runs/N5A/boundary_N2000_P100_s45_tau0.5_lam0.350.npz,1231230,,"raw campaign output, kept in the local archive"
4_campaigns/numerical_workplan/runs/N5A/boundary_N2000_P100_s45_tau0.5_lam0.358.npz,1230978,,"raw campaign output, kept in the local archive"
4_campaigns/numerical_workplan/runs/N5A/boundary_N2000_P100_s45_tau0.5_lam0.352.npz,1230953,,"raw campaign output, kept in the local archive"
4_campaigns/numerical_workplan/runs/N5A/boundary_N2000_P100_s45_tau0.5_lam0.354.npz,1230534,,"raw campaign output, kept in the local archive"
4_campaigns/numerical_workplan/runs/N5A/boundary_N2000_P100_s45_tau0.5_lam0.328.npz,1230372,,"raw campaign output, kept in the local archive"
4_campaigns/numerical_workplan/runs/N5A/boundary_N2000_P100_s45_tau0.5_lam0.360.npz,1230273,,"raw campaign output, kept in the local archive"
4_campaigns/numerical_workplan/runs/N5A/boundary_N2000_P100_s44_tau0.5_lam0.334.npz,1230106,,"raw campaign output, kept in the local archive"
4_campaigns/numerical_workplan/runs/N5A/boundary_N2000_P100_s42_tau0.5_lam0.342.npz,1229844,,"raw campaign output, kept in the local archive"
4_campaigns/numerical_workplan/runs/N5A/boundary_N2000_P100_s43_tau0.5_lam0.314.npz,1229584,,"raw campaign output, kept in the local archive"
4_campaigns/numerical_workplan/runs/N5A/boundary_N2000_P100_s44_tau0.5_lam0.322.npz,1228693,,"raw campaign output, kept in the local archive"
4_campaigns/numerical_workplan/runs/N5A/boundary_N2000_P100_s45_tau0.5_lam0.316.npz,1228684,,"raw campaign output, kept in the local archive"
4_campaigns/numerical_workplan/runs/N5A/boundary_N2000_P100_s42_tau0.5_lam0.314.npz,1228602,,"raw campaign output, kept in the local archive"
4_campaigns/numerical_workplan/runs/N5A/boundary_N2000_P100_s45_tau0.5_lam0.356.npz,1228146,,"raw campaign output, kept in the local archive"
4_campaigns/numerical_workplan/runs/N5A/boundary_N2000_P100_s44_tau0.5_lam0.346.npz,1226213,,"raw campaign output, kept in the local archive"
4_campaigns/numerical_workplan/runs/N5A/boundary_N2000_P100_s42_tau1.2_lam0.308.npz,1224612,,"raw campaign output, kept in the local archive"
4_campaigns/numerical_workplan/runs/N5A/boundary_N2000_P100_s42_tau1.4_lam0.312.npz,1223915,,"raw campaign output, kept in the local archive"
4_campaigns/numerical_workplan/runs/N5A/boundary_N2000_P100_s43_tau0.5_lam0.354.npz,1220962,,"raw campaign output, kept in the local archive"
4_campaigns/numerical_workplan/runs/N5A/boundary_N2000_P100_s43_tau0.5_lam0.356.npz,1217097,,"raw campaign output, kept in the local archive"
4_campaigns/numerical_workplan/runs/N5A/boundary_N2000_P100_s45_tau1_lam0.354.npz,1215526,,"raw campaign output, kept in the local archive"
4_campaigns/numerical_workplan/runs/N5A/boundary_N2000_P100_s42_tau0.5_lam0.354.npz,1214202,,"raw campaign output, kept in the local archive"
4_campaigns/numerical_workplan/runs/N5A/boundary_N2000_P100_s45_tau0.5_lam0.348.npz,1208907,,"raw campaign output, kept in the local archive"
4_campaigns/numerical_workplan/runs/N5A/boundary_N2000_P100_s45_tau0.5_lam0.346.npz,1204904,,"raw campaign output, kept in the local archive"
4_campaigns/numerical_workplan/runs/N5A/boundary_N2000_P100_s43_tau0.5_lam0.338.npz,1204762,,"raw campaign output, kept in the local archive"
4_campaigns/numerical_workplan/runs/N5A/coherence_N2000_P100_s42_tau0.25_dt0.01.npz,1199289,,"raw campaign output, kept in the local archive"
4_campaigns/numerical_workplan/runs/N5A/coherence_N2000_P100_s43_tau0.25_dt0.01.npz,1199207,,"raw campaign output, kept in the local archive"
4_campaigns/numerical_workplan/runs/N5A/coherence_N2000_P100_s45_tau0.25_dt0.01.npz,1199108,,"raw campaign output, kept in the local archive"
4_campaigns/numerical_workplan/runs/N5A/coherence_N2000_P100_s44_tau0.25_dt0.01.npz,1198903,,"raw campaign output, kept in the local archive"
4_campaigns/numerical_workplan/runs/N5A/coherence_N2000_P100_s46_tau0.25_dt0.01.npz,1193199,,"raw campaign output, kept in the local archive"
4_campaigns/numerical_workplan/runs/N5A/boundary_N2000_P100_s44_tau0.5_lam0.360.npz,1186988,,"raw campaign output, kept in the local archive"
4_campaigns/numerical_workplan/runs/N5A/boundary_N2000_P100_s42_tau0.5_lam0.322.npz,1183288,,"raw campaign output, kept in the local archive"
4_campaigns/numerical_workplan/runs/N5A/boundary_N2000_P100_s44_tau2_lam0.314.npz,1181091,,"raw campaign output, kept in the local archive"
4_campaigns/numerical_workplan/runs/N5A/boundary_N2000_P100_s43_tau0.5_lam0.312.npz,1175944,,"raw campaign output, kept in the local archive"
4_campaigns/numerical_workplan/runs/N5A/boundary_N2000_P100_s46_tau10_lam0.324.npz,1164464,,"raw campaign output, kept in the local archive"
4_campaigns/numerical_workplan/runs/N5A/boundary_N2000_P100_s42_tau2_lam0.318.npz,1130030,,"raw campaign output, kept in the local archive"
4_campaigns/numerical_workplan/runs/N8/trajectory_N2000_a0p15_lam0p35_s45.npz,1122442,,"raw campaign output, kept in the local archive"
4_campaigns/numerical_workplan/runs/N5A/boundary_N2000_P100_s44_tau1.2_lam0.326.npz,1120712,,"raw campaign output, kept in the local archive"
4_campaigns/numerical_workplan/runs/N5A/boundary_N2000_P100_s43_tau1_lam0.338.npz,1119526,,"raw campaign output, kept in the local archive"
4_campaigns/numerical_workplan/runs/N5A/boundary_N2000_P100_s45_tau1.2_lam0.314.npz,1110652,,"raw campaign output, kept in the local archive"
4_campaigns/numerical_workplan/runs/N5A/boundary_N2000_P100_s45_tau1_lam0.340.npz,1095473,,"raw campaign output, kept in the local archive"
4_campaigns/numerical_workplan/runs/N5A/boundary_N2000_P100_s44_tau1.2_lam0.332.npz,1094151,,"raw campaign output, kept in the local archive"
4_campaigns/numerical_workplan/runs/N5A/boundary_N2000_P100_s43_tau0.5_lam0.358.npz,1082417,,"raw campaign output, kept in the local archive"
4_campaigns/numerical_workplan/runs/N5A/boundary_N2000_P100_s44_tau0.5_lam0.318.npz,1075671,,"raw campaign output, kept in the local archive"
4_campaigns/numerical_workplan/runs/N5A/boundary_N2000_P100_s45_tau1.3_lam0.322.npz,1055334,,"raw campaign output, kept in the local archive"
4_campaigns/numerical_workplan/runs/N5A/boundary_N2000_P100_s42_tau2_lam0.300.npz,1055072,,"raw campaign output, kept in the local archive"
4_campaigns/numerical_workplan/runs/N5A/boundary_N2000_P100_s46_tau1.3_lam0.322.npz,1048848,,"raw campaign output, kept in the local archive"
4_campaigns/numerical_workplan/runs/N1_AUDIT/points/N2000_P100_s48_ascending_lam0p33215817_dt0p005_tours5.npz,1040817,,"raw campaign output, kept in the local archive"
4_campaigns/numerical_workplan/runs/N5A/boundary_N2000_P100_s42_tau2_lam0.316.npz,1035520,,"raw campaign output, kept in the local archive"
4_campaigns/numerical_workplan/runs/N1_AUDIT/points/N2000_P100_s42_descending_lam0p32650000_dt0p005_tours5.npz,1015061,,"raw campaign output, kept in the local archive"
4_campaigns/numerical_workplan/runs/N5A/boundary_N2000_P100_s43_tau1.3_lam0.312.npz,1009100,,"raw campaign output, kept in the local archive"
4_campaigns/numerical_workplan/runs/N5A/boundary_N2000_P100_s42_tau1.3_lam0.320.npz,1005678,,"raw campaign output, kept in the local archive"
4_campaigns/numerical_workplan/runs/N5A/boundary_N2000_P100_s42_tau3_lam0.300.npz,992667,,"raw campaign output, kept in the local archive"
4_campaigns/numerical_workplan/runs/N5A/boundary_N2000_P100_s44_tau1_lam0.326.npz,977517,,"raw campaign output, kept in the local archive"
4_campaigns/numerical_workplan/runs/N5A/boundary_N2000_P100_s45_tau1.4_lam0.302.npz,969417,,"raw campaign output, kept in the local archive"
4_campaigns/numerical_workplan/runs/N1_AUDIT/points/N2000_P100_s48_ascending_lam0p32786088_dt0p005_tours5.npz,948130,,"raw campaign output, kept in the local archive"
4_campaigns/numerical_workplan/runs/N5A/boundary_N2000_P100_s44_tau1_lam0.302.npz,935423,,"raw campaign output, kept in the local archive"
4_campaigns/numerical_workplan/runs/N5A/boundary_N2000_P100_s44_tau1_lam0.304.npz,932808,,"raw campaign output, kept in the local archive"
4_campaigns/numerical_workplan/runs/N5A/boundary_N2000_P100_s44_tau1.3_lam0.344.npz,926587,,"raw campaign output, kept in the local archive"
4_campaigns/numerical_workplan/runs/N5A/boundary_N2000_P100_s44_tau3_lam0.324_lyap.npz,916218,,"raw campaign output, kept in the local archive"
4_campaigns/numerical_workplan/runs/N5A/boundary_N2000_P100_s42_tau1.4_lam0.304.npz,895936,,"raw campaign output, kept in the local archive"
4_campaigns/numerical_workplan/runs/N5A/boundary_N2000_P100_s44_tau1_lam0.310.npz,880091,,"raw campaign output, kept in the local archive"
4_campaigns/numerical_workplan/runs/N5A/boundary_N2000_P100_s45_tau1.4_lam0.304.npz,862400,,"raw campaign output, kept in the local archive"
4_campaigns/numerical_workplan/runs/N5A/boundary_N2000_P100_s44_tau1.2_lam0.324.npz,857230,,"raw campaign output, kept in the local archive"
4_campaigns/numerical_workplan/runs/N5A/boundary_N2000_P100_s42_tau0.5_lam0.328.npz,851957,,"raw campaign output, kept in the local archive"
4_campaigns/numerical_workplan/runs/N5A/boundary_N2000_P100_s45_tau2_lam0.308.npz,851183,,"raw campaign output, kept in the local archive"
4_campaigns/numerical_workplan/runs/N1_AUDIT/points/N2000_P100_s44_descending_lam0p33764287_dt0p005_tours5.npz,832443,,"raw campaign output, kept in the local archive"
4_campaigns/numerical_workplan/runs/N5A/boundary_N2000_P100_s42_tau0.5_lam0.330.npz,828426,,"raw campaign output, kept in the local archive"
4_campaigns/numerical_workplan/runs/N5A/boundary_N2000_P100_s44_tau1.3_lam0.360.npz,820641,,"raw campaign output, kept in the local archive"
4_campaigns/numerical_workplan/runs/N5A/boundary_N2000_P100_s46_tau1.3_lam0.300.npz,819586,,"raw campaign output, kept in the local archive"
4_campaigns/numerical_workplan/runs/N5A/boundary_N2000_P100_s44_tau1.3_lam0.300.npz,818852,,"raw campaign output, kept in the local archive"
4_campaigns/numerical_workplan/runs/N5A/boundary_N2000_P100_s43_tau1.3_lam0.360.npz,818846,,"raw campaign output, kept in the local archive"
4_campaigns/numerical_workplan/runs/N5A/boundary_N2000_P100_s42_tau1.3_lam0.330.npz,818645,,"raw campaign output, kept in the local archive"
4_campaigns/numerical_workplan/runs/N5A/boundary_N2000_P100_s46_tau1.3_lam0.330.npz,818300,,"raw campaign output, kept in the local archive"
4_campaigns/numerical_workplan/runs/N5A/boundary_N2000_P100_s45_tau1.3_lam0.300.npz,818206,,"raw campaign output, kept in the local archive"
4_campaigns/numerical_workplan/runs/N5A/boundary_N2000_P100_s43_tau1.3_lam0.330.npz,817890,,"raw campaign output, kept in the local archive"
4_campaigns/numerical_workplan/runs/N5A/boundary_N2000_P100_s42_tau1.3_lam0.360.npz,817795,,"raw campaign output, kept in the local archive"
4_campaigns/numerical_workplan/runs/N5A/boundary_N2000_P100_s45_tau1.3_lam0.330.npz,817495,,"raw campaign output, kept in the local archive"
4_campaigns/numerical_workplan/runs/N5A/boundary_N2000_P100_s43_tau1.3_lam0.300.npz,817408,,"raw campaign output, kept in the local archive"
4_campaigns/numerical_workplan/runs/N5A/boundary_N2000_P100_s43_tau1.2_lam0.314.npz,816857,,"raw campaign output, kept in the local archive"
4_campaigns/numerical_workplan/runs/N5A/boundary_N2000_P100_s46_tau1.3_lam0.360.npz,816589,,"raw campaign output, kept in the local archive"
4_campaigns/numerical_workplan/runs/N5A/boundary_N2000_P100_s42_tau1.3_lam0.300.npz,815991,,"raw campaign output, kept in the local archive"
4_campaigns/numerical_workplan/runs/N5A/boundary_N2000_P100_s44_tau1.3_lam0.330.npz,815917,,"raw campaign output, kept in the local archive"
4_campaigns/numerical_workplan/runs/N5A/boundary_N2000_P100_s46_tau2_lam0.320.npz,815596,,"raw campaign output, kept in the local archive"
4_campaigns/numerical_workplan/runs/N5A/boundary_N2000_P100_s45_tau1.3_lam0.360.npz,814697,,"raw campaign output, kept in the local archive"
4_campaigns/numerical_workplan/runs/N5A/boundary_N2000_P100_s46_tau1.3_lam0.316.npz,805085,,"raw campaign output, kept in the local archive"
4_campaigns/numerical_workplan/runs/N1_AUDIT/points/N2000_P100_s42_descending_lam0p32762500_dt0p01_tours1.npz,790096,,"raw campaign output, kept in the local archive"
4_campaigns/numerical_workplan/runs/N5A/boundary_N2000_P100_s45_tau1.3_lam0.326.npz,790064,,"raw campaign output, kept in the local archive"
4_campaigns/numerical_workplan/runs/N5A/boundary_N2000_P100_s45_tau1.4_lam0.328.npz,789634,,"raw campaign output, kept in the local archive"
4_campaigns/numerical_workplan/runs/N5A/boundary_N2000_P100_s45_tau0.5_lam0.312.npz,786483,,"raw campaign output, kept in the local archive"
4_campaigns/numerical_workplan/runs/N5A/boundary_N2000_P100_s44_tau1.3_lam0.340.npz,766206,,"raw campaign output, kept in the local archive"
4_campaigns/numerical_workplan/runs/N5A/boundary_N2000_P100_s45_tau1.2_lam0.302.npz,754370,,"raw campaign output, kept in the local archive"
4_campaigns/numerical_workplan/runs/N5A/boundary_N2000_P100_s44_tau1_lam0.336.npz,748798,,"raw campaign output, kept in the local archive"
4_campaigns/numerical_workplan/runs/N5A/boundary_N2000_P100_s42_tau1_lam0.308.npz,748545,,"raw campaign output, kept in the local archive"
4_campaigns/numerical_workplan/runs/N5A/boundary_N2000_P100_s44_tau1_lam0.358.npz,739910,,"raw campaign output, kept in the local archive"
4_campaigns/numerical_workplan/runs/N5A/boundary_N2000_P100_s45_tau10_lam0.314.npz,730799,,"raw campaign output, kept in the local archive"
4_campaigns/numerical_workplan/runs/N5A/boundary_N2000_P100_s44_tau1.3_lam0.332.npz,722439,,"raw campaign output, kept in the local archive"
4_campaigns/numerical_workplan/runs/N5A/boundary_N2000_P100_s44_tau1.3_lam0.338.npz,702012,,"raw campaign output, kept in the local archive"
4_campaigns/numerical_workplan/runs/N5A/boundary_N2000_P100_s42_tau0.5_lam0.312.npz,697223,,"raw campaign output, kept in the local archive"
4_campaigns/numerical_workplan/runs/N5A/boundary_N2000_P100_s43_tau2_lam0.356.npz,686842,,"raw campaign output, kept in the local archive"
4_campaigns/numerical_workplan/runs/N5A/boundary_N2000_P100_s44_tau2_lam0.312.npz,681326,,"raw campaign output, kept in the local archive"
4_campaigns/numerical_workplan/runs/N5A/boundary_N2000_P100_s44_tau1.2_lam0.322.npz,679984,,"raw campaign output, kept in the local archive"
4_campaigns/numerical_workplan/runs/N5A/boundary_N2000_P100_s44_tau3_lam0.312.npz,667999,,"raw campaign output, kept in the local archive"
4_campaigns/numerical_workplan/runs/N1_AUDIT/points/N2000_P100_s61_ascending_lam0p32350000_dt0p005_tours5.npz,659995,,"raw campaign output, kept in the local archive"
4_campaigns/numerical_workplan/runs/N5A/boundary_N2000_P100_s43_tau1.2_lam0.330.npz,654455,,"raw campaign output, kept in the local archive"
4_campaigns/numerical_workplan/runs/N5A/boundary_N2000_P100_s42_tau1.3_lam0.348.npz,649767,,"raw campaign output, kept in the local archive"
3_numerics/results/7_tau_implicite/data/E36A_dtcheck_lam1_seed42/runs/lam1_coherent/coarse/chunks/chunk_00000.npz,642300,,per-chunk raw output
3_numerics/results/7_tau_implicite/data/E36A_dtcheck_lam1_seed42/runs/lam1_coherent/coarse/chunks/chunk_00001.npz,642300,,per-chunk raw output
3_numerics/results/7_tau_implicite/data/E36A_dtcheck_lam1_seed42/runs/lam1_coherent/coarse/chunks/chunk_00002.npz,642300,,per-chunk raw output
3_numerics/results/7_tau_implicite/data/E36A_dtcheck_lam1_seed42/runs/lam1_coherent/coarse/chunks/chunk_00004.npz,642300,,per-chunk raw output
3_numerics/results/7_tau_implicite/data/E36A_dtcheck_lam1_seed42/runs/lam1_coherent/coarse/chunks/chunk_00005.npz,642300,,per-chunk raw output
3_numerics/results/7_tau_implicite/data/E36A_dtcheck_lam1_seed42/runs/lam1_coherent/coarse/chunks/chunk_00006.npz,642300,,per-chunk raw output
3_numerics/results/7_tau_implicite/data/E36A_dtcheck_lam1_seed42/runs/lam1_coherent/coarse/chunks/chunk_00008.npz,642300,,per-chunk raw output
3_numerics/results/7_tau_implicite/data/E36A_dtcheck_lam1_seed42/runs/lam1_coherent/coarse/chunks/chunk_00009.npz,642300,,per-chunk raw output
3_numerics/results/7_tau_implicite/data/E36A_dtcheck_lam1_seed42/runs/lam1_coherent/coarse/chunks/chunk_00010.npz,642300,,per-chunk raw output
3_numerics/results/7_tau_implicite/data/E36A_dtcheck_lam1_seed42/runs/lam1_coherent/coarse/chunks/chunk_00012.npz,642300,,per-chunk raw output
3_numerics/results/7_tau_implicite/data/E36A_dtcheck_lam1_seed42/runs/lam1_coherent/coarse/chunks/chunk_00013.npz,642300,,per-chunk raw output
3_numerics/results/7_tau_implicite/data/E36A_dtcheck_lam1_seed42/runs/lam1_coherent/coarse/chunks/chunk_00014.npz,642300,,per-chunk raw output
3_numerics/results/7_tau_implicite/data/E36A_dtcheck_lam1_seed42/runs/lam1_coherent/fine/chunks/chunk_00000.npz,642300,,per-chunk raw output
3_numerics/results/7_tau_implicite/data/E36A_dtcheck_lam1_seed42/runs/lam1_coherent/fine/chunks/chunk_00001.npz,642300,,per-chunk raw output
3_numerics/results/7_tau_implicite/data/E36A_dtcheck_lam1_seed42/runs/lam1_coherent/fine/chunks/chunk_00002.npz,642300,,per-chunk raw output
3_numerics/results/7_tau_implicite/data/E36A_dtcheck_lam1_seed42/runs/lam1_coherent/fine/chunks/chunk_00004.npz,642300,,per-chunk raw output
3_numerics/results/7_tau_implicite/data/E36A_dtcheck_lam1_seed42/runs/lam1_coherent/fine/chunks/chunk_00005.npz,642300,,per-chunk raw output
3_numerics/results/7_tau_implicite/data/E36A_dtcheck_lam1_seed42/runs/lam1_coherent/fine/chunks/chunk_00006.npz,642300,,per-chunk raw output
3_numerics/results/7_tau_implicite/data/E36A_dtcheck_lam1_seed42/runs/lam1_coherent/fine/chunks/chunk_00008.npz,642300,,per-chunk raw output
3_numerics/results/7_tau_implicite/data/E36A_dtcheck_lam1_seed42/runs/lam1_coherent/fine/chunks/chunk_00009.npz,642300,,per-chunk raw output
3_numerics/results/7_tau_implicite/data/E36A_dtcheck_lam1_seed42/runs/lam1_coherent/fine/chunks/chunk_00010.npz,642300,,per-chunk raw output
3_numerics/results/7_tau_implicite/data/E36A_dtcheck_lam1_seed42/runs/lam1_coherent/fine/chunks/chunk_00012.npz,642300,,per-chunk raw output
3_numerics/results/7_tau_implicite/data/E36A_dtcheck_lam1_seed42/runs/lam1_coherent/fine/chunks/chunk_00013.npz,642300,,per-chunk raw output
3_numerics/results/7_tau_implicite/data/E36A_dtcheck_lam1_seed42/runs/lam1_coherent/fine/chunks/chunk_00014.npz,642300,,per-chunk raw output
3_numerics/results/7_tau_implicite/data/E36A_dtcheck_lam1_seed42/runs/lam1_perturbed/coarse/chunks/chunk_00000.npz,642300,,per-chunk raw output
3_numerics/results/7_tau_implicite/data/E36A_dtcheck_lam1_seed42/runs/lam1_perturbed/coarse/chunks/chunk_00001.npz,642300,,per-chunk raw output
3_numerics/results/7_tau_implicite/data/E36A_dtcheck_lam1_seed42/runs/lam1_perturbed/coarse/chunks/chunk_00002.npz,642300,,per-chunk raw output
3_numerics/results/7_tau_implicite/data/E36A_dtcheck_lam1_seed42/runs/lam1_perturbed/coarse/chunks/chunk_00004.npz,642300,,per-chunk raw output
3_numerics/results/7_tau_implicite/data/E36A_dtcheck_lam1_seed42/runs/lam1_perturbed/coarse/chunks/chunk_00005.npz,642300,,per-chunk raw output
3_numerics/results/7_tau_implicite/data/E36A_dtcheck_lam1_seed42/runs/lam1_perturbed/coarse/chunks/chunk_00006.npz,642300,,per-chunk raw output
3_numerics/results/7_tau_implicite/data/E36A_dtcheck_lam1_seed42/runs/lam1_perturbed/coarse/chunks/chunk_00008.npz,642300,,per-chunk raw output
3_numerics/results/7_tau_implicite/data/E36A_dtcheck_lam1_seed42/runs/lam1_perturbed/coarse/chunks/chunk_00009.npz,642300,,per-chunk raw output
3_numerics/results/7_tau_implicite/data/E36A_dtcheck_lam1_seed42/runs/lam1_perturbed/coarse/chunks/chunk_00010.npz,642300,,per-chunk raw output
3_numerics/results/7_tau_implicite/data/E36A_dtcheck_lam1_seed42/runs/lam1_perturbed/coarse/chunks/chunk_00012.npz,642300,,per-chunk raw output
3_numerics/results/7_tau_implicite/data/E36A_dtcheck_lam1_seed42/runs/lam1_perturbed/coarse/chunks/chunk_00013.npz,642300,,per-chunk raw output
3_numerics/results/7_tau_implicite/data/E36A_dtcheck_lam1_seed42/runs/lam1_perturbed/coarse/chunks/chunk_00014.npz,642300,,per-chunk raw output
3_numerics/results/7_tau_implicite/data/E36A_dtcheck_lam1_seed42/runs/lam1_perturbed/fine/chunks/chunk_00000.npz,642300,,per-chunk raw output
3_numerics/results/7_tau_implicite/data/E36A_dtcheck_lam1_seed42/runs/lam1_perturbed/fine/chunks/chunk_00001.npz,642300,,per-chunk raw output
3_numerics/results/7_tau_implicite/data/E36A_dtcheck_lam1_seed42/runs/lam1_perturbed/fine/chunks/chunk_00002.npz,642300,,per-chunk raw output
3_numerics/results/7_tau_implicite/data/E36A_dtcheck_lam1_seed42/runs/lam1_perturbed/fine/chunks/chunk_00004.npz,642300,,per-chunk raw output
3_numerics/results/7_tau_implicite/data/E36A_dtcheck_lam1_seed42/runs/lam1_perturbed/fine/chunks/chunk_00005.npz,642300,,per-chunk raw output
3_numerics/results/7_tau_implicite/data/E36A_dtcheck_lam1_seed42/runs/lam1_perturbed/fine/chunks/chunk_00006.npz,642300,,per-chunk raw output
3_numerics/results/7_tau_implicite/data/E36A_dtcheck_lam1_seed42/runs/lam1_perturbed/fine/chunks/chunk_00008.npz,642300,,per-chunk raw output
3_numerics/results/7_tau_implicite/data/E36A_dtcheck_lam1_seed42/runs/lam1_perturbed/fine/chunks/chunk_00009.npz,642300,,per-chunk raw output
3_numerics/results/7_tau_implicite/data/E36A_dtcheck_lam1_seed42/runs/lam1_perturbed/fine/chunks/chunk_00010.npz,642300,,per-chunk raw output
3_numerics/results/7_tau_implicite/data/E36A_dtcheck_lam1_seed42/runs/lam1_perturbed/fine/chunks/chunk_00012.npz,642300,,per-chunk raw output
3_numerics/results/7_tau_implicite/data/E36A_dtcheck_lam1_seed42/runs/lam1_perturbed/fine/chunks/chunk_00013.npz,642300,,per-chunk raw output
3_numerics/results/7_tau_implicite/data/E36A_dtcheck_lam1_seed42/runs/lam1_perturbed/fine/chunks/chunk_00014.npz,642300,,per-chunk raw output
3_numerics/results/7_tau_implicite/data/E36A_regimes_seed42/runs/lam0_coherent/coarse/chunks/chunk_00000.npz,642300,,per-chunk raw output
3_numerics/results/7_tau_implicite/data/E36A_regimes_seed42/runs/lam0_coherent/coarse/chunks/chunk_00001.npz,642300,,per-chunk raw output
3_numerics/results/7_tau_implicite/data/E36A_regimes_seed42/runs/lam0_coherent/coarse/chunks/chunk_00002.npz,642300,,per-chunk raw output
3_numerics/results/7_tau_implicite/data/E36A_regimes_seed42/runs/lam0_coherent/coarse/chunks/chunk_00004.npz,642300,,per-chunk raw output
3_numerics/results/7_tau_implicite/data/E36A_regimes_seed42/runs/lam0_coherent/coarse/chunks/chunk_00005.npz,642300,,per-chunk raw output
3_numerics/results/7_tau_implicite/data/E36A_regimes_seed42/runs/lam0_coherent/coarse/chunks/chunk_00006.npz,642300,,per-chunk raw output
3_numerics/results/7_tau_implicite/data/E36A_regimes_seed42/runs/lam0_coherent/coarse/chunks/chunk_00008.npz,642300,,per-chunk raw output
3_numerics/results/7_tau_implicite/data/E36A_regimes_seed42/runs/lam0_coherent/coarse/chunks/chunk_00009.npz,642300,,per-chunk raw output
3_numerics/results/7_tau_implicite/data/E36A_regimes_seed42/runs/lam0_coherent/coarse/chunks/chunk_00010.npz,642300,,per-chunk raw output
3_numerics/results/7_tau_implicite/data/E36A_regimes_seed42/runs/lam0_coherent/coarse/chunks/chunk_00012.npz,642300,,per-chunk raw output
3_numerics/results/7_tau_implicite/data/E36A_regimes_seed42/runs/lam0_coherent/coarse/chunks/chunk_00013.npz,642300,,per-chunk raw output
3_numerics/results/7_tau_implicite/data/E36A_regimes_seed42/runs/lam0_coherent/coarse/chunks/chunk_00014.npz,642300,,per-chunk raw output
3_numerics/results/7_tau_implicite/data/E36A_regimes_seed42/runs/lam0_perturbed/coarse/chunks/chunk_00000.npz,642300,,per-chunk raw output
3_numerics/results/7_tau_implicite/data/E36A_regimes_seed42/runs/lam0_perturbed/coarse/chunks/chunk_00001.npz,642300,,per-chunk raw output
3_numerics/results/7_tau_implicite/data/E36A_regimes_seed42/runs/lam0_perturbed/coarse/chunks/chunk_00002.npz,642300,,per-chunk raw output
3_numerics/results/7_tau_implicite/data/E36A_regimes_seed42/runs/lam0_perturbed/coarse/chunks/chunk_00004.npz,642300,,per-chunk raw output
3_numerics/results/7_tau_implicite/data/E36A_regimes_seed42/runs/lam0_perturbed/coarse/chunks/chunk_00005.npz,642300,,per-chunk raw output
3_numerics/results/7_tau_implicite/data/E36A_regimes_seed42/runs/lam0_perturbed/coarse/chunks/chunk_00006.npz,642300,,per-chunk raw output
3_numerics/results/7_tau_implicite/data/E36A_regimes_seed42/runs/lam0_perturbed/coarse/chunks/chunk_00008.npz,642300,,per-chunk raw output
3_numerics/results/7_tau_implicite/data/E36A_regimes_seed42/runs/lam0_perturbed/coarse/chunks/chunk_00009.npz,642300,,per-chunk raw output
3_numerics/results/7_tau_implicite/data/E36A_regimes_seed42/runs/lam0_perturbed/coarse/chunks/chunk_00010.npz,642300,,per-chunk raw output
3_numerics/results/7_tau_implicite/data/E36A_regimes_seed42/runs/lam0_perturbed/coarse/chunks/chunk_00012.npz,642300,,per-chunk raw output
3_numerics/results/7_tau_implicite/data/E36A_regimes_seed42/runs/lam0_perturbed/coarse/chunks/chunk_00013.npz,642300,,per-chunk raw output
3_numerics/results/7_tau_implicite/data/E36A_regimes_seed42/runs/lam0_perturbed/coarse/chunks/chunk_00014.npz,642300,,per-chunk raw output
3_numerics/results/7_tau_implicite/data/E36A_regimes_seed42/runs/lam0p125_coherent/coarse/chunks/chunk_00000.npz,642300,,per-chunk raw output
3_numerics/results/7_tau_implicite/data/E36A_regimes_seed42/runs/lam0p125_coherent/coarse/chunks/chunk_00001.npz,642300,,per-chunk raw output
3_numerics/results/7_tau_implicite/data/E36A_regimes_seed42/runs/lam0p125_coherent/coarse/chunks/chunk_00002.npz,642300,,per-chunk raw output
3_numerics/results/7_tau_implicite/data/E36A_regimes_seed42/runs/lam0p125_coherent/coarse/chunks/chunk_00004.npz,642300,,per-chunk raw output
3_numerics/results/7_tau_implicite/data/E36A_regimes_seed42/runs/lam0p125_coherent/coarse/chunks/chunk_00005.npz,642300,,per-chunk raw output
3_numerics/results/7_tau_implicite/data/E36A_regimes_seed42/runs/lam0p125_coherent/coarse/chunks/chunk_00006.npz,642300,,per-chunk raw output
3_numerics/results/7_tau_implicite/data/E36A_regimes_seed42/runs/lam0p125_coherent/coarse/chunks/chunk_00008.npz,642300,,per-chunk raw output
3_numerics/results/7_tau_implicite/data/E36A_regimes_seed42/runs/lam0p125_coherent/coarse/chunks/chunk_00009.npz,642300,,per-chunk raw output
3_numerics/results/7_tau_implicite/data/E36A_regimes_seed42/runs/lam0p125_coherent/coarse/chunks/chunk_00010.npz,642300,,per-chunk raw output
3_numerics/results/7_tau_implicite/data/E36A_regimes_seed42/runs/lam0p125_coherent/coarse/chunks/chunk_00012.npz,642300,,per-chunk raw output
3_numerics/results/7_tau_implicite/data/E36A_regimes_seed42/runs/lam0p125_coherent/coarse/chunks/chunk_00013.npz,642300,,per-chunk raw output
3_numerics/results/7_tau_implicite/data/E36A_regimes_seed42/runs/lam0p125_coherent/coarse/chunks/chunk_00014.npz,642300,,per-chunk raw output
3_numerics/results/7_tau_implicite/data/E36A_regimes_seed42/runs/lam0p125_perturbed/coarse/chunks/chunk_00000.npz,642300,,per-chunk raw output
3_numerics/results/7_tau_implicite/data/E36A_regimes_seed42/runs/lam0p125_perturbed/coarse/chunks/chunk_00001.npz,642300,,per-chunk raw output
3_numerics/results/7_tau_implicite/data/E36A_regimes_seed42/runs/lam0p125_perturbed/coarse/chunks/chunk_00002.npz,642300,,per-chunk raw output
3_numerics/results/7_tau_implicite/data/E36A_regimes_seed42/runs/lam0p125_perturbed/coarse/chunks/chunk_00004.npz,642300,,per-chunk raw output
3_numerics/results/7_tau_implicite/data/E36A_regimes_seed42/runs/lam0p125_perturbed/coarse/chunks/chunk_00005.npz,642300,,per-chunk raw output
3_numerics/results/7_tau_implicite/data/E36A_regimes_seed42/runs/lam0p125_perturbed/coarse/chunks/chunk_00006.npz,642300,,per-chunk raw output
3_numerics/results/7_tau_implicite/data/E36A_regimes_seed42/runs/lam0p125_perturbed/coarse/chunks/chunk_00008.npz,642300,,per-chunk raw output
3_numerics/results/7_tau_implicite/data/E36A_regimes_seed42/runs/lam0p125_perturbed/coarse/chunks/chunk_00009.npz,642300,,per-chunk raw output
3_numerics/results/7_tau_implicite/data/E36A_regimes_seed42/runs/lam0p125_perturbed/coarse/chunks/chunk_00010.npz,642300,,per-chunk raw output
3_numerics/results/7_tau_implicite/data/E36A_regimes_seed42/runs/lam0p125_perturbed/coarse/chunks/chunk_00012.npz,642300,,per-chunk raw output
3_numerics/results/7_tau_implicite/data/E36A_regimes_seed42/runs/lam0p125_perturbed/coarse/chunks/chunk_00013.npz,642300,,per-chunk raw output
3_numerics/results/7_tau_implicite/data/E36A_regimes_seed42/runs/lam0p125_perturbed/coarse/chunks/chunk_00014.npz,642300,,per-chunk raw output
3_numerics/results/7_tau_implicite/data/E36A_regimes_seed42/runs/lam0p25_coherent/coarse/chunks/chunk_00000.npz,642300,,per-chunk raw output
3_numerics/results/7_tau_implicite/data/E36A_regimes_seed42/runs/lam0p25_coherent/coarse/chunks/chunk_00001.npz,642300,,per-chunk raw output
3_numerics/results/7_tau_implicite/data/E36A_regimes_seed42/runs/lam0p25_coherent/coarse/chunks/chunk_00002.npz,642300,,per-chunk raw output
3_numerics/results/7_tau_implicite/data/E36A_regimes_seed42/runs/lam0p25_coherent/coarse/chunks/chunk_00004.npz,642300,,per-chunk raw output
3_numerics/results/7_tau_implicite/data/E36A_regimes_seed42/runs/lam0p25_coherent/coarse/chunks/chunk_00005.npz,642300,,per-chunk raw output
3_numerics/results/7_tau_implicite/data/E36A_regimes_seed42/runs/lam0p25_coherent/coarse/chunks/chunk_00006.npz,642300,,per-chunk raw output
3_numerics/results/7_tau_implicite/data/E36A_regimes_seed42/runs/lam0p25_coherent/coarse/chunks/chunk_00008.npz,642300,,per-chunk raw output
3_numerics/results/7_tau_implicite/data/E36A_regimes_seed42/runs/lam0p25_coherent/coarse/chunks/chunk_00009.npz,642300,,per-chunk raw output
3_numerics/results/7_tau_implicite/data/E36A_regimes_seed42/runs/lam0p25_coherent/coarse/chunks/chunk_00010.npz,642300,,per-chunk raw output
3_numerics/results/7_tau_implicite/data/E36A_regimes_seed42/runs/lam0p25_coherent/coarse/chunks/chunk_00012.npz,642300,,per-chunk raw output
3_numerics/results/7_tau_implicite/data/E36A_regimes_seed42/runs/lam0p25_coherent/coarse/chunks/chunk_00013.npz,642300,,per-chunk raw output
3_numerics/results/7_tau_implicite/data/E36A_regimes_seed42/runs/lam0p25_coherent/coarse/chunks/chunk_00014.npz,642300,,per-chunk raw output
3_numerics/results/7_tau_implicite/data/E36A_regimes_seed42/runs/lam0p25_perturbed/coarse/chunks/chunk_00000.npz,642300,,per-chunk raw output
3_numerics/results/7_tau_implicite/data/E36A_regimes_seed42/runs/lam0p25_perturbed/coarse/chunks/chunk_00001.npz,642300,,per-chunk raw output
3_numerics/results/7_tau_implicite/data/E36A_regimes_seed42/runs/lam0p25_perturbed/coarse/chunks/chunk_00002.npz,642300,,per-chunk raw output
3_numerics/results/7_tau_implicite/data/E36A_regimes_seed42/runs/lam0p25_perturbed/coarse/chunks/chunk_00004.npz,642300,,per-chunk raw output
3_numerics/results/7_tau_implicite/data/E36A_regimes_seed42/runs/lam0p25_perturbed/coarse/chunks/chunk_00005.npz,642300,,per-chunk raw output
3_numerics/results/7_tau_implicite/data/E36A_regimes_seed42/runs/lam0p25_perturbed/coarse/chunks/chunk_00006.npz,642300,,per-chunk raw output
3_numerics/results/7_tau_implicite/data/E36A_regimes_seed42/runs/lam0p25_perturbed/coarse/chunks/chunk_00008.npz,642300,,per-chunk raw output
3_numerics/results/7_tau_implicite/data/E36A_regimes_seed42/runs/lam0p25_perturbed/coarse/chunks/chunk_00009.npz,642300,,per-chunk raw output
3_numerics/results/7_tau_implicite/data/E36A_regimes_seed42/runs/lam0p25_perturbed/coarse/chunks/chunk_00010.npz,642300,,per-chunk raw output
3_numerics/results/7_tau_implicite/data/E36A_regimes_seed42/runs/lam0p25_perturbed/coarse/chunks/chunk_00012.npz,642300,,per-chunk raw output
3_numerics/results/7_tau_implicite/data/E36A_regimes_seed42/runs/lam0p25_perturbed/coarse/chunks/chunk_00013.npz,642300,,per-chunk raw output
3_numerics/results/7_tau_implicite/data/E36A_regimes_seed42/runs/lam0p25_perturbed/coarse/chunks/chunk_00014.npz,642300,,per-chunk raw output
3_numerics/results/7_tau_implicite/data/E36A_regimes_seed42/runs/lam0p5_coherent/coarse/chunks/chunk_00000.npz,642300,,per-chunk raw output
3_numerics/results/7_tau_implicite/data/E36A_regimes_seed42/runs/lam0p5_coherent/coarse/chunks/chunk_00001.npz,642300,,per-chunk raw output
3_numerics/results/7_tau_implicite/data/E36A_regimes_seed42/runs/lam0p5_coherent/coarse/chunks/chunk_00002.npz,642300,,per-chunk raw output
3_numerics/results/7_tau_implicite/data/E36A_regimes_seed42/runs/lam0p5_coherent/coarse/chunks/chunk_00004.npz,642300,,per-chunk raw output
3_numerics/results/7_tau_implicite/data/E36A_regimes_seed42/runs/lam0p5_coherent/coarse/chunks/chunk_00005.npz,642300,,per-chunk raw output
3_numerics/results/7_tau_implicite/data/E36A_regimes_seed42/runs/lam0p5_coherent/coarse/chunks/chunk_00006.npz,642300,,per-chunk raw output
3_numerics/results/7_tau_implicite/data/E36A_regimes_seed42/runs/lam0p5_coherent/coarse/chunks/chunk_00008.npz,642300,,per-chunk raw output
3_numerics/results/7_tau_implicite/data/E36A_regimes_seed42/runs/lam0p5_coherent/coarse/chunks/chunk_00009.npz,642300,,per-chunk raw output
3_numerics/results/7_tau_implicite/data/E36A_regimes_seed42/runs/lam0p5_coherent/coarse/chunks/chunk_00010.npz,642300,,per-chunk raw output
3_numerics/results/7_tau_implicite/data/E36A_regimes_seed42/runs/lam0p5_coherent/coarse/chunks/chunk_00012.npz,642300,,per-chunk raw output
3_numerics/results/7_tau_implicite/data/E36A_regimes_seed42/runs/lam0p5_coherent/coarse/chunks/chunk_00013.npz,642300,,per-chunk raw output
3_numerics/results/7_tau_implicite/data/E36A_regimes_seed42/runs/lam0p5_coherent/coarse/chunks/chunk_00014.npz,642300,,per-chunk raw output
3_numerics/results/7_tau_implicite/data/E36A_regimes_seed42/runs/lam0p5_perturbed/coarse/chunks/chunk_00000.npz,642300,,per-chunk raw output
3_numerics/results/7_tau_implicite/data/E36A_regimes_seed42/runs/lam0p5_perturbed/coarse/chunks/chunk_00001.npz,642300,,per-chunk raw output
3_numerics/results/7_tau_implicite/data/E36A_regimes_seed42/runs/lam0p5_perturbed/coarse/chunks/chunk_00002.npz,642300,,per-chunk raw output
3_numerics/results/7_tau_implicite/data/E36A_regimes_seed42/runs/lam0p5_perturbed/coarse/chunks/chunk_00004.npz,642300,,per-chunk raw output
3_numerics/results/7_tau_implicite/data/E36A_regimes_seed42/runs/lam0p5_perturbed/coarse/chunks/chunk_00005.npz,642300,,per-chunk raw output
3_numerics/results/7_tau_implicite/data/E36A_regimes_seed42/runs/lam0p5_perturbed/coarse/chunks/chunk_00006.npz,642300,,per-chunk raw output
3_numerics/results/7_tau_implicite/data/E36A_regimes_seed42/runs/lam0p5_perturbed/coarse/chunks/chunk_00008.npz,642300,,per-chunk raw output
3_numerics/results/7_tau_implicite/data/E36A_regimes_seed42/runs/lam0p5_perturbed/coarse/chunks/chunk_00009.npz,642300,,per-chunk raw output
3_numerics/results/7_tau_implicite/data/E36A_regimes_seed42/runs/lam0p5_perturbed/coarse/chunks/chunk_00010.npz,642300,,per-chunk raw output
3_numerics/results/7_tau_implicite/data/E36A_regimes_seed42/runs/lam0p5_perturbed/coarse/chunks/chunk_00012.npz,642300,,per-chunk raw output
3_numerics/results/7_tau_implicite/data/E36A_regimes_seed42/runs/lam0p5_perturbed/coarse/chunks/chunk_00013.npz,642300,,per-chunk raw output
3_numerics/results/7_tau_implicite/data/E36A_regimes_seed42/runs/lam0p5_perturbed/coarse/chunks/chunk_00014.npz,642300,,per-chunk raw output
3_numerics/results/7_tau_implicite/data/E36A_regimes_seed42/runs/lam1_coherent/coarse/chunks/chunk_00000.npz,642300,,per-chunk raw output
3_numerics/results/7_tau_implicite/data/E36A_regimes_seed42/runs/lam1_coherent/coarse/chunks/chunk_00001.npz,642300,,per-chunk raw output
3_numerics/results/7_tau_implicite/data/E36A_regimes_seed42/runs/lam1_coherent/coarse/chunks/chunk_00002.npz,642300,,per-chunk raw output
3_numerics/results/7_tau_implicite/data/E36A_regimes_seed42/runs/lam1_coherent/coarse/chunks/chunk_00004.npz,642300,,per-chunk raw output
3_numerics/results/7_tau_implicite/data/E36A_regimes_seed42/runs/lam1_coherent/coarse/chunks/chunk_00005.npz,642300,,per-chunk raw output
3_numerics/results/7_tau_implicite/data/E36A_regimes_seed42/runs/lam1_coherent/coarse/chunks/chunk_00006.npz,642300,,per-chunk raw output
3_numerics/results/7_tau_implicite/data/E36A_regimes_seed42/runs/lam1_coherent/coarse/chunks/chunk_00008.npz,642300,,per-chunk raw output
3_numerics/results/7_tau_implicite/data/E36A_regimes_seed42/runs/lam1_coherent/coarse/chunks/chunk_00009.npz,642300,,per-chunk raw output
3_numerics/results/7_tau_implicite/data/E36A_regimes_seed42/runs/lam1_coherent/coarse/chunks/chunk_00010.npz,642300,,per-chunk raw output
3_numerics/results/7_tau_implicite/data/E36A_regimes_seed42/runs/lam1_coherent/coarse/chunks/chunk_00012.npz,642300,,per-chunk raw output
3_numerics/results/7_tau_implicite/data/E36A_regimes_seed42/runs/lam1_coherent/coarse/chunks/chunk_00013.npz,642300,,per-chunk raw output
3_numerics/results/7_tau_implicite/data/E36A_regimes_seed42/runs/lam1_coherent/coarse/chunks/chunk_00014.npz,642300,,per-chunk raw output
3_numerics/results/7_tau_implicite/data/E36A_regimes_seed42/runs/lam1_perturbed/coarse/chunks/chunk_00000.npz,642300,,per-chunk raw output
3_numerics/results/7_tau_implicite/data/E36A_regimes_seed42/runs/lam1_perturbed/coarse/chunks/chunk_00001.npz,642300,,per-chunk raw output
3_numerics/results/7_tau_implicite/data/E36A_regimes_seed42/runs/lam1_perturbed/coarse/chunks/chunk_00002.npz,642300,,per-chunk raw output
3_numerics/results/7_tau_implicite/data/E36A_regimes_seed42/runs/lam1_perturbed/coarse/chunks/chunk_00004.npz,642300,,per-chunk raw output
3_numerics/results/7_tau_implicite/data/E36A_regimes_seed42/runs/lam1_perturbed/coarse/chunks/chunk_00005.npz,642300,,per-chunk raw output
3_numerics/results/7_tau_implicite/data/E36A_regimes_seed42/runs/lam1_perturbed/coarse/chunks/chunk_00006.npz,642300,,per-chunk raw output
3_numerics/results/7_tau_implicite/data/E36A_regimes_seed42/runs/lam1_perturbed/coarse/chunks/chunk_00008.npz,642300,,per-chunk raw output
3_numerics/results/7_tau_implicite/data/E36A_regimes_seed42/runs/lam1_perturbed/coarse/chunks/chunk_00009.npz,642300,,per-chunk raw output
3_numerics/results/7_tau_implicite/data/E36A_regimes_seed42/runs/lam1_perturbed/coarse/chunks/chunk_00010.npz,642300,,per-chunk raw output
3_numerics/results/7_tau_implicite/data/E36A_regimes_seed42/runs/lam1_perturbed/coarse/chunks/chunk_00012.npz,642300,,per-chunk raw output
3_numerics/results/7_tau_implicite/data/E36A_regimes_seed42/runs/lam1_perturbed/coarse/chunks/chunk_00013.npz,642300,,per-chunk raw output
3_numerics/results/7_tau_implicite/data/E36A_regimes_seed42/runs/lam1_perturbed/coarse/chunks/chunk_00014.npz,642300,,per-chunk raw output
3_numerics/results/7_tau_implicite/data/E36A_regimes_seed42/runs/lam2_coherent/coarse/chunks/chunk_00000.npz,642300,,per-chunk raw output
3_numerics/results/7_tau_implicite/data/E36A_regimes_seed42/runs/lam2_coherent/coarse/chunks/chunk_00001.npz,642300,,per-chunk raw output
3_numerics/results/7_tau_implicite/data/E36A_regimes_seed42/runs/lam2_coherent/coarse/chunks/chunk_00002.npz,642300,,per-chunk raw output
3_numerics/results/7_tau_implicite/data/E36A_regimes_seed42/runs/lam2_coherent/coarse/chunks/chunk_00004.npz,642300,,per-chunk raw output
3_numerics/results/7_tau_implicite/data/E36A_regimes_seed42/runs/lam2_coherent/coarse/chunks/chunk_00005.npz,642300,,per-chunk raw output
3_numerics/results/7_tau_implicite/data/E36A_regimes_seed42/runs/lam2_coherent/coarse/chunks/chunk_00006.npz,642300,,per-chunk raw output
3_numerics/results/7_tau_implicite/data/E36A_regimes_seed42/runs/lam2_coherent/coarse/chunks/chunk_00008.npz,642300,,per-chunk raw output
3_numerics/results/7_tau_implicite/data/E36A_regimes_seed42/runs/lam2_coherent/coarse/chunks/chunk_00009.npz,642300,,per-chunk raw output
3_numerics/results/7_tau_implicite/data/E36A_regimes_seed42/runs/lam2_coherent/coarse/chunks/chunk_00010.npz,642300,,per-chunk raw output
3_numerics/results/7_tau_implicite/data/E36A_regimes_seed42/runs/lam2_coherent/coarse/chunks/chunk_00012.npz,642300,,per-chunk raw output
3_numerics/results/7_tau_implicite/data/E36A_regimes_seed42/runs/lam2_coherent/coarse/chunks/chunk_00013.npz,642300,,per-chunk raw output
3_numerics/results/7_tau_implicite/data/E36A_regimes_seed42/runs/lam2_coherent/coarse/chunks/chunk_00014.npz,642300,,per-chunk raw output
3_numerics/results/7_tau_implicite/data/E36A_regimes_seed42/runs/lam2_coherent/fine/chunks/chunk_00000.npz,642300,,per-chunk raw output
3_numerics/results/7_tau_implicite/data/E36A_regimes_seed42/runs/lam2_coherent/fine/chunks/chunk_00001.npz,642300,,per-chunk raw output
3_numerics/results/7_tau_implicite/data/E36A_regimes_seed42/runs/lam2_coherent/fine/chunks/chunk_00002.npz,642300,,per-chunk raw output
3_numerics/results/7_tau_implicite/data/E36A_regimes_seed42/runs/lam2_coherent/fine/chunks/chunk_00004.npz,642300,,per-chunk raw output
3_numerics/results/7_tau_implicite/data/E36A_regimes_seed42/runs/lam2_coherent/fine/chunks/chunk_00005.npz,642300,,per-chunk raw output
3_numerics/results/7_tau_implicite/data/E36A_regimes_seed42/runs/lam2_coherent/fine/chunks/chunk_00006.npz,642300,,per-chunk raw output
3_numerics/results/7_tau_implicite/data/E36A_regimes_seed42/runs/lam2_coherent/fine/chunks/chunk_00008.npz,642300,,per-chunk raw output
3_numerics/results/7_tau_implicite/data/E36A_regimes_seed42/runs/lam2_coherent/fine/chunks/chunk_00009.npz,642300,,per-chunk raw output
3_numerics/results/7_tau_implicite/data/E36A_regimes_seed42/runs/lam2_coherent/fine/chunks/chunk_00010.npz,642300,,per-chunk raw output
3_numerics/results/7_tau_implicite/data/E36A_regimes_seed42/runs/lam2_coherent/fine/chunks/chunk_00012.npz,642300,,per-chunk raw output
3_numerics/results/7_tau_implicite/data/E36A_regimes_seed42/runs/lam2_coherent/fine/chunks/chunk_00013.npz,642300,,per-chunk raw output
3_numerics/results/7_tau_implicite/data/E36A_regimes_seed42/runs/lam2_coherent/fine/chunks/chunk_00014.npz,642300,,per-chunk raw output
3_numerics/results/7_tau_implicite/data/E36A_regimes_seed42/runs/lam2_perturbed/coarse/chunks/chunk_00000.npz,642300,,per-chunk raw output
3_numerics/results/7_tau_implicite/data/E36A_regimes_seed42/runs/lam2_perturbed/coarse/chunks/chunk_00001.npz,642300,,per-chunk raw output
3_numerics/results/7_tau_implicite/data/E36A_regimes_seed42/runs/lam2_perturbed/coarse/chunks/chunk_00002.npz,642300,,per-chunk raw output
3_numerics/results/7_tau_implicite/data/E36A_regimes_seed42/runs/lam2_perturbed/coarse/chunks/chunk_00004.npz,642300,,per-chunk raw output
3_numerics/results/7_tau_implicite/data/E36A_regimes_seed42/runs/lam2_perturbed/coarse/chunks/chunk_00005.npz,642300,,per-chunk raw output
3_numerics/results/7_tau_implicite/data/E36A_regimes_seed42/runs/lam2_perturbed/coarse/chunks/chunk_00006.npz,642300,,per-chunk raw output
3_numerics/results/7_tau_implicite/data/E36A_regimes_seed42/runs/lam2_perturbed/coarse/chunks/chunk_00008.npz,642300,,per-chunk raw output
3_numerics/results/7_tau_implicite/data/E36A_regimes_seed42/runs/lam2_perturbed/coarse/chunks/chunk_00009.npz,642300,,per-chunk raw output
3_numerics/results/7_tau_implicite/data/E36A_regimes_seed42/runs/lam2_perturbed/coarse/chunks/chunk_00010.npz,642300,,per-chunk raw output
3_numerics/results/7_tau_implicite/data/E36A_regimes_seed42/runs/lam2_perturbed/coarse/chunks/chunk_00012.npz,642300,,per-chunk raw output
3_numerics/results/7_tau_implicite/data/E36A_regimes_seed42/runs/lam2_perturbed/coarse/chunks/chunk_00013.npz,642300,,per-chunk raw output
3_numerics/results/7_tau_implicite/data/E36A_regimes_seed42/runs/lam2_perturbed/coarse/chunks/chunk_00014.npz,642300,,per-chunk raw output
3_numerics/results/7_tau_implicite/data/E36A_regimes_seed42/runs/lam2_perturbed/fine/chunks/chunk_00000.npz,642300,,per-chunk raw output
3_numerics/results/7_tau_implicite/data/E36A_regimes_seed42/runs/lam2_perturbed/fine/chunks/chunk_00001.npz,642300,,per-chunk raw output
3_numerics/results/7_tau_implicite/data/E36A_regimes_seed42/runs/lam2_perturbed/fine/chunks/chunk_00002.npz,642300,,per-chunk raw output
3_numerics/results/7_tau_implicite/data/E36A_regimes_seed42/runs/lam2_perturbed/fine/chunks/chunk_00004.npz,642300,,per-chunk raw output
3_numerics/results/7_tau_implicite/data/E36A_regimes_seed42/runs/lam2_perturbed/fine/chunks/chunk_00005.npz,642300,,per-chunk raw output
3_numerics/results/7_tau_implicite/data/E36A_regimes_seed42/runs/lam2_perturbed/fine/chunks/chunk_00006.npz,642300,,per-chunk raw output
3_numerics/results/7_tau_implicite/data/E36A_regimes_seed42/runs/lam2_perturbed/fine/chunks/chunk_00008.npz,642300,,per-chunk raw output
3_numerics/results/7_tau_implicite/data/E36A_regimes_seed42/runs/lam2_perturbed/fine/chunks/chunk_00009.npz,642300,,per-chunk raw output
3_numerics/results/7_tau_implicite/data/E36A_regimes_seed42/runs/lam2_perturbed/fine/chunks/chunk_00010.npz,642300,,per-chunk raw output
3_numerics/results/7_tau_implicite/data/E36A_regimes_seed42/runs/lam2_perturbed/fine/chunks/chunk_00012.npz,642300,,per-chunk raw output
3_numerics/results/7_tau_implicite/data/E36A_regimes_seed42/runs/lam2_perturbed/fine/chunks/chunk_00013.npz,642300,,per-chunk raw output
3_numerics/results/7_tau_implicite/data/E36A_regimes_seed42/runs/lam2_perturbed/fine/chunks/chunk_00014.npz,642300,,per-chunk raw output
3_numerics/results/7_tau_implicite/data/E36A_regimes_seed42/runs/lam4_coherent/coarse/chunks/chunk_00000.npz,642300,,per-chunk raw output
3_numerics/results/7_tau_implicite/data/E36A_regimes_seed42/runs/lam4_coherent/coarse/chunks/chunk_00001.npz,642300,,per-chunk raw output
3_numerics/results/7_tau_implicite/data/E36A_regimes_seed42/runs/lam4_coherent/coarse/chunks/chunk_00002.npz,642300,,per-chunk raw output
3_numerics/results/7_tau_implicite/data/E36A_regimes_seed42/runs/lam4_coherent/coarse/chunks/chunk_00004.npz,642300,,per-chunk raw output
3_numerics/results/7_tau_implicite/data/E36A_regimes_seed42/runs/lam4_coherent/coarse/chunks/chunk_00005.npz,642300,,per-chunk raw output
3_numerics/results/7_tau_implicite/data/E36A_regimes_seed42/runs/lam4_coherent/coarse/chunks/chunk_00006.npz,642300,,per-chunk raw output
3_numerics/results/7_tau_implicite/data/E36A_regimes_seed42/runs/lam4_coherent/coarse/chunks/chunk_00008.npz,642300,,per-chunk raw output
3_numerics/results/7_tau_implicite/data/E36A_regimes_seed42/runs/lam4_coherent/coarse/chunks/chunk_00009.npz,642300,,per-chunk raw output
3_numerics/results/7_tau_implicite/data/E36A_regimes_seed42/runs/lam4_coherent/coarse/chunks/chunk_00010.npz,642300,,per-chunk raw output
3_numerics/results/7_tau_implicite/data/E36A_regimes_seed42/runs/lam4_coherent/coarse/chunks/chunk_00012.npz,642300,,per-chunk raw output
3_numerics/results/7_tau_implicite/data/E36A_regimes_seed42/runs/lam4_coherent/coarse/chunks/chunk_00013.npz,642300,,per-chunk raw output
3_numerics/results/7_tau_implicite/data/E36A_regimes_seed42/runs/lam4_coherent/coarse/chunks/chunk_00014.npz,642300,,per-chunk raw output
3_numerics/results/7_tau_implicite/data/E36A_regimes_seed42/runs/lam4_coherent/fine/chunks/chunk_00000.npz,642300,,per-chunk raw output
3_numerics/results/7_tau_implicite/data/E36A_regimes_seed42/runs/lam4_coherent/fine/chunks/chunk_00001.npz,642300,,per-chunk raw output
3_numerics/results/7_tau_implicite/data/E36A_regimes_seed42/runs/lam4_coherent/fine/chunks/chunk_00002.npz,642300,,per-chunk raw output
3_numerics/results/7_tau_implicite/data/E36A_regimes_seed42/runs/lam4_coherent/fine/chunks/chunk_00004.npz,642300,,per-chunk raw output
3_numerics/results/7_tau_implicite/data/E36A_regimes_seed42/runs/lam4_coherent/fine/chunks/chunk_00005.npz,642300,,per-chunk raw output
3_numerics/results/7_tau_implicite/data/E36A_regimes_seed42/runs/lam4_coherent/fine/chunks/chunk_00006.npz,642300,,per-chunk raw output
3_numerics/results/7_tau_implicite/data/E36A_regimes_seed42/runs/lam4_coherent/fine/chunks/chunk_00008.npz,642300,,per-chunk raw output
3_numerics/results/7_tau_implicite/data/E36A_regimes_seed42/runs/lam4_coherent/fine/chunks/chunk_00009.npz,642300,,per-chunk raw output
3_numerics/results/7_tau_implicite/data/E36A_regimes_seed42/runs/lam4_coherent/fine/chunks/chunk_00010.npz,642300,,per-chunk raw output
3_numerics/results/7_tau_implicite/data/E36A_regimes_seed42/runs/lam4_coherent/fine/chunks/chunk_00012.npz,642300,,per-chunk raw output
3_numerics/results/7_tau_implicite/data/E36A_regimes_seed42/runs/lam4_coherent/fine/chunks/chunk_00013.npz,642300,,per-chunk raw output
3_numerics/results/7_tau_implicite/data/E36A_regimes_seed42/runs/lam4_coherent/fine/chunks/chunk_00014.npz,642300,,per-chunk raw output
3_numerics/results/7_tau_implicite/data/E36A_regimes_seed42/runs/lam4_perturbed/coarse/chunks/chunk_00000.npz,642300,,per-chunk raw output
3_numerics/results/7_tau_implicite/data/E36A_regimes_seed42/runs/lam4_perturbed/coarse/chunks/chunk_00001.npz,642300,,per-chunk raw output
3_numerics/results/7_tau_implicite/data/E36A_regimes_seed42/runs/lam4_perturbed/coarse/chunks/chunk_00002.npz,642300,,per-chunk raw output
3_numerics/results/7_tau_implicite/data/E36A_regimes_seed42/runs/lam4_perturbed/coarse/chunks/chunk_00004.npz,642300,,per-chunk raw output
3_numerics/results/7_tau_implicite/data/E36A_regimes_seed42/runs/lam4_perturbed/coarse/chunks/chunk_00005.npz,642300,,per-chunk raw output
3_numerics/results/7_tau_implicite/data/E36A_regimes_seed42/runs/lam4_perturbed/coarse/chunks/chunk_00006.npz,642300,,per-chunk raw output
3_numerics/results/7_tau_implicite/data/E36A_regimes_seed42/runs/lam4_perturbed/coarse/chunks/chunk_00008.npz,642300,,per-chunk raw output
3_numerics/results/7_tau_implicite/data/E36A_regimes_seed42/runs/lam4_perturbed/coarse/chunks/chunk_00009.npz,642300,,per-chunk raw output
3_numerics/results/7_tau_implicite/data/E36A_regimes_seed42/runs/lam4_perturbed/coarse/chunks/chunk_00010.npz,642300,,per-chunk raw output
3_numerics/results/7_tau_implicite/data/E36A_regimes_seed42/runs/lam4_perturbed/coarse/chunks/chunk_00012.npz,642300,,per-chunk raw output
3_numerics/results/7_tau_implicite/data/E36A_regimes_seed42/runs/lam4_perturbed/coarse/chunks/chunk_00013.npz,642300,,per-chunk raw output
3_numerics/results/7_tau_implicite/data/E36A_regimes_seed42/runs/lam4_perturbed/coarse/chunks/chunk_00014.npz,642300,,per-chunk raw output
3_numerics/results/7_tau_implicite/data/E36A_regimes_seed42/runs/lam4_perturbed/fine/chunks/chunk_00000.npz,642300,,per-chunk raw output
3_numerics/results/7_tau_implicite/data/E36A_regimes_seed42/runs/lam4_perturbed/fine/chunks/chunk_00001.npz,642300,,per-chunk raw output
3_numerics/results/7_tau_implicite/data/E36A_regimes_seed42/runs/lam4_perturbed/fine/chunks/chunk_00002.npz,642300,,per-chunk raw output
3_numerics/results/7_tau_implicite/data/E36A_regimes_seed42/runs/lam4_perturbed/fine/chunks/chunk_00004.npz,642300,,per-chunk raw output
3_numerics/results/7_tau_implicite/data/E36A_regimes_seed42/runs/lam4_perturbed/fine/chunks/chunk_00005.npz,642300,,per-chunk raw output
3_numerics/results/7_tau_implicite/data/E36A_regimes_seed42/runs/lam4_perturbed/fine/chunks/chunk_00006.npz,642300,,per-chunk raw output
3_numerics/results/7_tau_implicite/data/E36A_regimes_seed42/runs/lam4_perturbed/fine/chunks/chunk_00008.npz,642300,,per-chunk raw output
3_numerics/results/7_tau_implicite/data/E36A_regimes_seed42/runs/lam4_perturbed/fine/chunks/chunk_00009.npz,642300,,per-chunk raw output
3_numerics/results/7_tau_implicite/data/E36A_regimes_seed42/runs/lam4_perturbed/fine/chunks/chunk_00010.npz,642300,,per-chunk raw output
3_numerics/results/7_tau_implicite/data/E36A_regimes_seed42/runs/lam4_perturbed/fine/chunks/chunk_00012.npz,642300,,per-chunk raw output
3_numerics/results/7_tau_implicite/data/E36A_regimes_seed42/runs/lam4_perturbed/fine/chunks/chunk_00013.npz,642300,,per-chunk raw output
3_numerics/results/7_tau_implicite/data/E36A_regimes_seed42/runs/lam4_perturbed/fine/chunks/chunk_00014.npz,642300,,per-chunk raw output
3_numerics/results/7_tau_implicite/data/E36A_regimes_seed42/runs/lam8_coherent/coarse/chunks/chunk_00000.npz,642300,,per-chunk raw output
3_numerics/results/7_tau_implicite/data/E36A_regimes_seed42/runs/lam8_coherent/coarse/chunks/chunk_00001.npz,642300,,per-chunk raw output
3_numerics/results/7_tau_implicite/data/E36A_regimes_seed42/runs/lam8_coherent/coarse/chunks/chunk_00002.npz,642300,,per-chunk raw output
3_numerics/results/7_tau_implicite/data/E36A_regimes_seed42/runs/lam8_coherent/coarse/chunks/chunk_00004.npz,642300,,per-chunk raw output
3_numerics/results/7_tau_implicite/data/E36A_regimes_seed42/runs/lam8_coherent/coarse/chunks/chunk_00005.npz,642300,,per-chunk raw output
3_numerics/results/7_tau_implicite/data/E36A_regimes_seed42/runs/lam8_coherent/coarse/chunks/chunk_00006.npz,642300,,per-chunk raw output
3_numerics/results/7_tau_implicite/data/E36A_regimes_seed42/runs/lam8_coherent/coarse/chunks/chunk_00008.npz,642300,,per-chunk raw output
3_numerics/results/7_tau_implicite/data/E36A_regimes_seed42/runs/lam8_coherent/coarse/chunks/chunk_00009.npz,642300,,per-chunk raw output
3_numerics/results/7_tau_implicite/data/E36A_regimes_seed42/runs/lam8_coherent/coarse/chunks/chunk_00010.npz,642300,,per-chunk raw output
3_numerics/results/7_tau_implicite/data/E36A_regimes_seed42/runs/lam8_coherent/coarse/chunks/chunk_00012.npz,642300,,per-chunk raw output
3_numerics/results/7_tau_implicite/data/E36A_regimes_seed42/runs/lam8_coherent/coarse/chunks/chunk_00013.npz,642300,,per-chunk raw output
3_numerics/results/7_tau_implicite/data/E36A_regimes_seed42/runs/lam8_coherent/coarse/chunks/chunk_00014.npz,642300,,per-chunk raw output
3_numerics/results/7_tau_implicite/data/E36A_regimes_seed42/runs/lam8_coherent/fine/chunks/chunk_00000.npz,642300,,per-chunk raw output
3_numerics/results/7_tau_implicite/data/E36A_regimes_seed42/runs/lam8_coherent/fine/chunks/chunk_00001.npz,642300,,per-chunk raw output
3_numerics/results/7_tau_implicite/data/E36A_regimes_seed42/runs/lam8_coherent/fine/chunks/chunk_00002.npz,642300,,per-chunk raw output
3_numerics/results/7_tau_implicite/data/E36A_regimes_seed42/runs/lam8_coherent/fine/chunks/chunk_00004.npz,642300,,per-chunk raw output
3_numerics/results/7_tau_implicite/data/E36A_regimes_seed42/runs/lam8_coherent/fine/chunks/chunk_00005.npz,642300,,per-chunk raw output
3_numerics/results/7_tau_implicite/data/E36A_regimes_seed42/runs/lam8_coherent/fine/chunks/chunk_00006.npz,642300,,per-chunk raw output
3_numerics/results/7_tau_implicite/data/E36A_regimes_seed42/runs/lam8_coherent/fine/chunks/chunk_00008.npz,642300,,per-chunk raw output
3_numerics/results/7_tau_implicite/data/E36A_regimes_seed42/runs/lam8_coherent/fine/chunks/chunk_00009.npz,642300,,per-chunk raw output
3_numerics/results/7_tau_implicite/data/E36A_regimes_seed42/runs/lam8_coherent/fine/chunks/chunk_00010.npz,642300,,per-chunk raw output
3_numerics/results/7_tau_implicite/data/E36A_regimes_seed42/runs/lam8_coherent/fine/chunks/chunk_00012.npz,642300,,per-chunk raw output
3_numerics/results/7_tau_implicite/data/E36A_regimes_seed42/runs/lam8_coherent/fine/chunks/chunk_00013.npz,642300,,per-chunk raw output
3_numerics/results/7_tau_implicite/data/E36A_regimes_seed42/runs/lam8_coherent/fine/chunks/chunk_00014.npz,642300,,per-chunk raw output
3_numerics/results/7_tau_implicite/data/E36A_regimes_seed42/runs/lam8_perturbed/coarse/chunks/chunk_00000.npz,642300,,per-chunk raw output
3_numerics/results/7_tau_implicite/data/E36A_regimes_seed42/runs/lam8_perturbed/coarse/chunks/chunk_00001.npz,642300,,per-chunk raw output
3_numerics/results/7_tau_implicite/data/E36A_regimes_seed42/runs/lam8_perturbed/coarse/chunks/chunk_00002.npz,642300,,per-chunk raw output
3_numerics/results/7_tau_implicite/data/E36A_regimes_seed42/runs/lam8_perturbed/coarse/chunks/chunk_00004.npz,642300,,per-chunk raw output
3_numerics/results/7_tau_implicite/data/E36A_regimes_seed42/runs/lam8_perturbed/coarse/chunks/chunk_00005.npz,642300,,per-chunk raw output
3_numerics/results/7_tau_implicite/data/E36A_regimes_seed42/runs/lam8_perturbed/coarse/chunks/chunk_00006.npz,642300,,per-chunk raw output
3_numerics/results/7_tau_implicite/data/E36A_regimes_seed42/runs/lam8_perturbed/coarse/chunks/chunk_00008.npz,642300,,per-chunk raw output
3_numerics/results/7_tau_implicite/data/E36A_regimes_seed42/runs/lam8_perturbed/coarse/chunks/chunk_00009.npz,642300,,per-chunk raw output
3_numerics/results/7_tau_implicite/data/E36A_regimes_seed42/runs/lam8_perturbed/coarse/chunks/chunk_00010.npz,642300,,per-chunk raw output
3_numerics/results/7_tau_implicite/data/E36A_regimes_seed42/runs/lam8_perturbed/coarse/chunks/chunk_00012.npz,642300,,per-chunk raw output
3_numerics/results/7_tau_implicite/data/E36A_regimes_seed42/runs/lam8_perturbed/coarse/chunks/chunk_00013.npz,642300,,per-chunk raw output
3_numerics/results/7_tau_implicite/data/E36A_regimes_seed42/runs/lam8_perturbed/coarse/chunks/chunk_00014.npz,642300,,per-chunk raw output
3_numerics/results/7_tau_implicite/data/E36A_regimes_seed42/runs/lam8_perturbed/fine/chunks/chunk_00000.npz,642300,,per-chunk raw output
3_numerics/results/7_tau_implicite/data/E36A_regimes_seed42/runs/lam8_perturbed/fine/chunks/chunk_00001.npz,642300,,per-chunk raw output
3_numerics/results/7_tau_implicite/data/E36A_regimes_seed42/runs/lam8_perturbed/fine/chunks/chunk_00002.npz,642300,,per-chunk raw output
3_numerics/results/7_tau_implicite/data/E36A_regimes_seed42/runs/lam8_perturbed/fine/chunks/chunk_00004.npz,642300,,per-chunk raw output
3_numerics/results/7_tau_implicite/data/E36A_regimes_seed42/runs/lam8_perturbed/fine/chunks/chunk_00005.npz,642300,,per-chunk raw output
3_numerics/results/7_tau_implicite/data/E36A_regimes_seed42/runs/lam8_perturbed/fine/chunks/chunk_00006.npz,642300,,per-chunk raw output
3_numerics/results/7_tau_implicite/data/E36A_regimes_seed42/runs/lam8_perturbed/fine/chunks/chunk_00008.npz,642300,,per-chunk raw output
3_numerics/results/7_tau_implicite/data/E36A_regimes_seed42/runs/lam8_perturbed/fine/chunks/chunk_00009.npz,642300,,per-chunk raw output
3_numerics/results/7_tau_implicite/data/E36A_regimes_seed42/runs/lam8_perturbed/fine/chunks/chunk_00010.npz,642300,,per-chunk raw output
3_numerics/results/7_tau_implicite/data/E36A_regimes_seed42/runs/lam8_perturbed/fine/chunks/chunk_00012.npz,642300,,per-chunk raw output
3_numerics/results/7_tau_implicite/data/E36A_regimes_seed42/runs/lam8_perturbed/fine/chunks/chunk_00013.npz,642300,,per-chunk raw output
3_numerics/results/7_tau_implicite/data/E36A_regimes_seed42/runs/lam8_perturbed/fine/chunks/chunk_00014.npz,642300,,per-chunk raw output
3_numerics/results/7_tau_implicite/data/E36A_regimes_seed43/runs/lam0_coherent/coarse/chunks/chunk_00000.npz,642300,,per-chunk raw output
3_numerics/results/7_tau_implicite/data/E36A_regimes_seed43/runs/lam0_coherent/coarse/chunks/chunk_00001.npz,642300,,per-chunk raw output
3_numerics/results/7_tau_implicite/data/E36A_regimes_seed43/runs/lam0_coherent/coarse/chunks/chunk_00002.npz,642300,,per-chunk raw output
3_numerics/results/7_tau_implicite/data/E36A_regimes_seed43/runs/lam0_coherent/coarse/chunks/chunk_00004.npz,642300,,per-chunk raw output
3_numerics/results/7_tau_implicite/data/E36A_regimes_seed43/runs/lam0_coherent/coarse/chunks/chunk_00005.npz,642300,,per-chunk raw output
3_numerics/results/7_tau_implicite/data/E36A_regimes_seed43/runs/lam0_coherent/coarse/chunks/chunk_00006.npz,642300,,per-chunk raw output
3_numerics/results/7_tau_implicite/data/E36A_regimes_seed43/runs/lam0_coherent/coarse/chunks/chunk_00008.npz,642300,,per-chunk raw output
3_numerics/results/7_tau_implicite/data/E36A_regimes_seed43/runs/lam0_coherent/coarse/chunks/chunk_00009.npz,642300,,per-chunk raw output
3_numerics/results/7_tau_implicite/data/E36A_regimes_seed43/runs/lam0_coherent/coarse/chunks/chunk_00010.npz,642300,,per-chunk raw output
3_numerics/results/7_tau_implicite/data/E36A_regimes_seed43/runs/lam0_coherent/coarse/chunks/chunk_00012.npz,642300,,per-chunk raw output
3_numerics/results/7_tau_implicite/data/E36A_regimes_seed43/runs/lam0_coherent/coarse/chunks/chunk_00013.npz,642300,,per-chunk raw output
3_numerics/results/7_tau_implicite/data/E36A_regimes_seed43/runs/lam0_coherent/coarse/chunks/chunk_00014.npz,642300,,per-chunk raw output
3_numerics/results/7_tau_implicite/data/E36A_regimes_seed43/runs/lam0_perturbed/coarse/chunks/chunk_00000.npz,642300,,per-chunk raw output
3_numerics/results/7_tau_implicite/data/E36A_regimes_seed43/runs/lam0_perturbed/coarse/chunks/chunk_00001.npz,642300,,per-chunk raw output
3_numerics/results/7_tau_implicite/data/E36A_regimes_seed43/runs/lam0_perturbed/coarse/chunks/chunk_00002.npz,642300,,per-chunk raw output
3_numerics/results/7_tau_implicite/data/E36A_regimes_seed43/runs/lam0_perturbed/coarse/chunks/chunk_00004.npz,642300,,per-chunk raw output
3_numerics/results/7_tau_implicite/data/E36A_regimes_seed43/runs/lam0_perturbed/coarse/chunks/chunk_00005.npz,642300,,per-chunk raw output
3_numerics/results/7_tau_implicite/data/E36A_regimes_seed43/runs/lam0_perturbed/coarse/chunks/chunk_00006.npz,642300,,per-chunk raw output
3_numerics/results/7_tau_implicite/data/E36A_regimes_seed43/runs/lam0_perturbed/coarse/chunks/chunk_00008.npz,642300,,per-chunk raw output
3_numerics/results/7_tau_implicite/data/E36A_regimes_seed43/runs/lam0_perturbed/coarse/chunks/chunk_00009.npz,642300,,per-chunk raw output
3_numerics/results/7_tau_implicite/data/E36A_regimes_seed43/runs/lam0_perturbed/coarse/chunks/chunk_00010.npz,642300,,per-chunk raw output
3_numerics/results/7_tau_implicite/data/E36A_regimes_seed43/runs/lam0_perturbed/coarse/chunks/chunk_00012.npz,642300,,per-chunk raw output
3_numerics/results/7_tau_implicite/data/E36A_regimes_seed43/runs/lam0_perturbed/coarse/chunks/chunk_00013.npz,642300,,per-chunk raw output
3_numerics/results/7_tau_implicite/data/E36A_regimes_seed43/runs/lam0_perturbed/coarse/chunks/chunk_00014.npz,642300,,per-chunk raw output
3_numerics/results/7_tau_implicite/data/E36A_regimes_seed43/runs/lam0p125_coherent/coarse/chunks/chunk_00000.npz,642300,,per-chunk raw output
3_numerics/results/7_tau_implicite/data/E36A_regimes_seed43/runs/lam0p125_coherent/coarse/chunks/chunk_00001.npz,642300,,per-chunk raw output
3_numerics/results/7_tau_implicite/data/E36A_regimes_seed43/runs/lam0p125_coherent/coarse/chunks/chunk_00002.npz,642300,,per-chunk raw output
3_numerics/results/7_tau_implicite/data/E36A_regimes_seed43/runs/lam0p125_coherent/coarse/chunks/chunk_00004.npz,642300,,per-chunk raw output
3_numerics/results/7_tau_implicite/data/E36A_regimes_seed43/runs/lam0p125_coherent/coarse/chunks/chunk_00005.npz,642300,,per-chunk raw output
3_numerics/results/7_tau_implicite/data/E36A_regimes_seed43/runs/lam0p125_coherent/coarse/chunks/chunk_00006.npz,642300,,per-chunk raw output
3_numerics/results/7_tau_implicite/data/E36A_regimes_seed43/runs/lam0p125_coherent/coarse/chunks/chunk_00008.npz,642300,,per-chunk raw output
3_numerics/results/7_tau_implicite/data/E36A_regimes_seed43/runs/lam0p125_coherent/coarse/chunks/chunk_00009.npz,642300,,per-chunk raw output
3_numerics/results/7_tau_implicite/data/E36A_regimes_seed43/runs/lam0p125_coherent/coarse/chunks/chunk_00010.npz,642300,,per-chunk raw output
3_numerics/results/7_tau_implicite/data/E36A_regimes_seed43/runs/lam0p125_coherent/coarse/chunks/chunk_00012.npz,642300,,per-chunk raw output
3_numerics/results/7_tau_implicite/data/E36A_regimes_seed43/runs/lam0p125_coherent/coarse/chunks/chunk_00013.npz,642300,,per-chunk raw output
3_numerics/results/7_tau_implicite/data/E36A_regimes_seed43/runs/lam0p125_coherent/coarse/chunks/chunk_00014.npz,642300,,per-chunk raw output
3_numerics/results/7_tau_implicite/data/E36A_regimes_seed43/runs/lam0p125_perturbed/coarse/chunks/chunk_00000.npz,642300,,per-chunk raw output
3_numerics/results/7_tau_implicite/data/E36A_regimes_seed43/runs/lam0p125_perturbed/coarse/chunks/chunk_00001.npz,642300,,per-chunk raw output
3_numerics/results/7_tau_implicite/data/E36A_regimes_seed43/runs/lam0p125_perturbed/coarse/chunks/chunk_00002.npz,642300,,per-chunk raw output
3_numerics/results/7_tau_implicite/data/E36A_regimes_seed43/runs/lam0p125_perturbed/coarse/chunks/chunk_00004.npz,642300,,per-chunk raw output
3_numerics/results/7_tau_implicite/data/E36A_regimes_seed43/runs/lam0p125_perturbed/coarse/chunks/chunk_00005.npz,642300,,per-chunk raw output
3_numerics/results/7_tau_implicite/data/E36A_regimes_seed43/runs/lam0p125_perturbed/coarse/chunks/chunk_00006.npz,642300,,per-chunk raw output
3_numerics/results/7_tau_implicite/data/E36A_regimes_seed43/runs/lam0p125_perturbed/coarse/chunks/chunk_00008.npz,642300,,per-chunk raw output
3_numerics/results/7_tau_implicite/data/E36A_regimes_seed43/runs/lam0p125_perturbed/coarse/chunks/chunk_00009.npz,642300,,per-chunk raw output
3_numerics/results/7_tau_implicite/data/E36A_regimes_seed43/runs/lam0p125_perturbed/coarse/chunks/chunk_00010.npz,642300,,per-chunk raw output
3_numerics/results/7_tau_implicite/data/E36A_regimes_seed43/runs/lam0p125_perturbed/coarse/chunks/chunk_00012.npz,642300,,per-chunk raw output
3_numerics/results/7_tau_implicite/data/E36A_regimes_seed43/runs/lam0p125_perturbed/coarse/chunks/chunk_00013.npz,642300,,per-chunk raw output
3_numerics/results/7_tau_implicite/data/E36A_regimes_seed43/runs/lam0p125_perturbed/coarse/chunks/chunk_00014.npz,642300,,per-chunk raw output
3_numerics/results/7_tau_implicite/data/E36A_regimes_seed43/runs/lam0p25_coherent/coarse/chunks/chunk_00000.npz,642300,,per-chunk raw output
3_numerics/results/7_tau_implicite/data/E36A_regimes_seed43/runs/lam0p25_coherent/coarse/chunks/chunk_00001.npz,642300,,per-chunk raw output
3_numerics/results/7_tau_implicite/data/E36A_regimes_seed43/runs/lam0p25_coherent/coarse/chunks/chunk_00002.npz,642300,,per-chunk raw output
3_numerics/results/7_tau_implicite/data/E36A_regimes_seed43/runs/lam0p25_coherent/coarse/chunks/chunk_00004.npz,642300,,per-chunk raw output
3_numerics/results/7_tau_implicite/data/E36A_regimes_seed43/runs/lam0p25_coherent/coarse/chunks/chunk_00005.npz,642300,,per-chunk raw output
3_numerics/results/7_tau_implicite/data/E36A_regimes_seed43/runs/lam0p25_coherent/coarse/chunks/chunk_00006.npz,642300,,per-chunk raw output
3_numerics/results/7_tau_implicite/data/E36A_regimes_seed43/runs/lam0p25_coherent/coarse/chunks/chunk_00008.npz,642300,,per-chunk raw output
3_numerics/results/7_tau_implicite/data/E36A_regimes_seed43/runs/lam0p25_coherent/coarse/chunks/chunk_00009.npz,642300,,per-chunk raw output
3_numerics/results/7_tau_implicite/data/E36A_regimes_seed43/runs/lam0p25_coherent/coarse/chunks/chunk_00010.npz,642300,,per-chunk raw output
3_numerics/results/7_tau_implicite/data/E36A_regimes_seed43/runs/lam0p25_coherent/coarse/chunks/chunk_00012.npz,642300,,per-chunk raw output
3_numerics/results/7_tau_implicite/data/E36A_regimes_seed43/runs/lam0p25_coherent/coarse/chunks/chunk_00013.npz,642300,,per-chunk raw output
3_numerics/results/7_tau_implicite/data/E36A_regimes_seed43/runs/lam0p25_coherent/coarse/chunks/chunk_00014.npz,642300,,per-chunk raw output
3_numerics/results/7_tau_implicite/data/E36A_regimes_seed43/runs/lam0p25_perturbed/coarse/chunks/chunk_00000.npz,642300,,per-chunk raw output
3_numerics/results/7_tau_implicite/data/E36A_regimes_seed43/runs/lam0p25_perturbed/coarse/chunks/chunk_00001.npz,642300,,per-chunk raw output
3_numerics/results/7_tau_implicite/data/E36A_regimes_seed43/runs/lam0p25_perturbed/coarse/chunks/chunk_00002.npz,642300,,per-chunk raw output
3_numerics/results/7_tau_implicite/data/E36A_regimes_seed43/runs/lam0p25_perturbed/coarse/chunks/chunk_00004.npz,642300,,per-chunk raw output
3_numerics/results/7_tau_implicite/data/E36A_regimes_seed43/runs/lam0p25_perturbed/coarse/chunks/chunk_00005.npz,642300,,per-chunk raw output
3_numerics/results/7_tau_implicite/data/E36A_regimes_seed43/runs/lam0p25_perturbed/coarse/chunks/chunk_00006.npz,642300,,per-chunk raw output
3_numerics/results/7_tau_implicite/data/E36A_regimes_seed43/runs/lam0p25_perturbed/coarse/chunks/chunk_00008.npz,642300,,per-chunk raw output
3_numerics/results/7_tau_implicite/data/E36A_regimes_seed43/runs/lam0p25_perturbed/coarse/chunks/chunk_00009.npz,642300,,per-chunk raw output
3_numerics/results/7_tau_implicite/data/E36A_regimes_seed43/runs/lam0p25_perturbed/coarse/chunks/chunk_00010.npz,642300,,per-chunk raw output
3_numerics/results/7_tau_implicite/data/E36A_regimes_seed43/runs/lam0p25_perturbed/coarse/chunks/chunk_00012.npz,642300,,per-chunk raw output
3_numerics/results/7_tau_implicite/data/E36A_regimes_seed43/runs/lam0p25_perturbed/coarse/chunks/chunk_00013.npz,642300,,per-chunk raw output
3_numerics/results/7_tau_implicite/data/E36A_regimes_seed43/runs/lam0p25_perturbed/coarse/chunks/chunk_00014.npz,642300,,per-chunk raw output
3_numerics/results/7_tau_implicite/data/E36A_regimes_seed43/runs/lam0p5_coherent/coarse/chunks/chunk_00000.npz,642300,,per-chunk raw output
3_numerics/results/7_tau_implicite/data/E36A_regimes_seed43/runs/lam0p5_coherent/coarse/chunks/chunk_00001.npz,642300,,per-chunk raw output
3_numerics/results/7_tau_implicite/data/E36A_regimes_seed43/runs/lam0p5_coherent/coarse/chunks/chunk_00002.npz,642300,,per-chunk raw output
3_numerics/results/7_tau_implicite/data/E36A_regimes_seed43/runs/lam0p5_coherent/coarse/chunks/chunk_00004.npz,642300,,per-chunk raw output
3_numerics/results/7_tau_implicite/data/E36A_regimes_seed43/runs/lam0p5_coherent/coarse/chunks/chunk_00005.npz,642300,,per-chunk raw output
3_numerics/results/7_tau_implicite/data/E36A_regimes_seed43/runs/lam0p5_coherent/coarse/chunks/chunk_00006.npz,642300,,per-chunk raw output
3_numerics/results/7_tau_implicite/data/E36A_regimes_seed43/runs/lam0p5_coherent/coarse/chunks/chunk_00008.npz,642300,,per-chunk raw output
3_numerics/results/7_tau_implicite/data/E36A_regimes_seed43/runs/lam0p5_coherent/coarse/chunks/chunk_00009.npz,642300,,per-chunk raw output
3_numerics/results/7_tau_implicite/data/E36A_regimes_seed43/runs/lam0p5_coherent/coarse/chunks/chunk_00010.npz,642300,,per-chunk raw output
3_numerics/results/7_tau_implicite/data/E36A_regimes_seed43/runs/lam0p5_coherent/coarse/chunks/chunk_00012.npz,642300,,per-chunk raw output
3_numerics/results/7_tau_implicite/data/E36A_regimes_seed43/runs/lam0p5_coherent/coarse/chunks/chunk_00013.npz,642300,,per-chunk raw output
3_numerics/results/7_tau_implicite/data/E36A_regimes_seed43/runs/lam0p5_coherent/coarse/chunks/chunk_00014.npz,642300,,per-chunk raw output
3_numerics/results/7_tau_implicite/data/E36A_regimes_seed43/runs/lam0p5_perturbed/coarse/chunks/chunk_00000.npz,642300,,per-chunk raw output
3_numerics/results/7_tau_implicite/data/E36A_regimes_seed43/runs/lam0p5_perturbed/coarse/chunks/chunk_00001.npz,642300,,per-chunk raw output
3_numerics/results/7_tau_implicite/data/E36A_regimes_seed43/runs/lam0p5_perturbed/coarse/chunks/chunk_00002.npz,642300,,per-chunk raw output
3_numerics/results/7_tau_implicite/data/E36A_regimes_seed43/runs/lam0p5_perturbed/coarse/chunks/chunk_00004.npz,642300,,per-chunk raw output
3_numerics/results/7_tau_implicite/data/E36A_regimes_seed43/runs/lam0p5_perturbed/coarse/chunks/chunk_00005.npz,642300,,per-chunk raw output
3_numerics/results/7_tau_implicite/data/E36A_regimes_seed43/runs/lam0p5_perturbed/coarse/chunks/chunk_00006.npz,642300,,per-chunk raw output
3_numerics/results/7_tau_implicite/data/E36A_regimes_seed43/runs/lam0p5_perturbed/coarse/chunks/chunk_00008.npz,642300,,per-chunk raw output
3_numerics/results/7_tau_implicite/data/E36A_regimes_seed43/runs/lam0p5_perturbed/coarse/chunks/chunk_00009.npz,642300,,per-chunk raw output
3_numerics/results/7_tau_implicite/data/E36A_regimes_seed43/runs/lam0p5_perturbed/coarse/chunks/chunk_00010.npz,642300,,per-chunk raw output
3_numerics/results/7_tau_implicite/data/E36A_regimes_seed43/runs/lam0p5_perturbed/coarse/chunks/chunk_00012.npz,642300,,per-chunk raw output
3_numerics/results/7_tau_implicite/data/E36A_regimes_seed43/runs/lam0p5_perturbed/coarse/chunks/chunk_00013.npz,642300,,per-chunk raw output
3_numerics/results/7_tau_implicite/data/E36A_regimes_seed43/runs/lam0p5_perturbed/coarse/chunks/chunk_00014.npz,642300,,per-chunk raw output
3_numerics/results/7_tau_implicite/data/E36A_regimes_seed43/runs/lam1_coherent/coarse/chunks/chunk_00000.npz,642300,,per-chunk raw output
3_numerics/results/7_tau_implicite/data/E36A_regimes_seed43/runs/lam1_coherent/coarse/chunks/chunk_00001.npz,642300,,per-chunk raw output
3_numerics/results/7_tau_implicite/data/E36A_regimes_seed43/runs/lam1_coherent/coarse/chunks/chunk_00002.npz,642300,,per-chunk raw output
3_numerics/results/7_tau_implicite/data/E36A_regimes_seed43/runs/lam1_coherent/coarse/chunks/chunk_00004.npz,642300,,per-chunk raw output
3_numerics/results/7_tau_implicite/data/E36A_regimes_seed43/runs/lam1_coherent/coarse/chunks/chunk_00005.npz,642300,,per-chunk raw output
3_numerics/results/7_tau_implicite/data/E36A_regimes_seed43/runs/lam1_coherent/coarse/chunks/chunk_00006.npz,642300,,per-chunk raw output
3_numerics/results/7_tau_implicite/data/E36A_regimes_seed43/runs/lam1_coherent/coarse/chunks/chunk_00008.npz,642300,,per-chunk raw output
3_numerics/results/7_tau_implicite/data/E36A_regimes_seed43/runs/lam1_coherent/coarse/chunks/chunk_00009.npz,642300,,per-chunk raw output
3_numerics/results/7_tau_implicite/data/E36A_regimes_seed43/runs/lam1_coherent/coarse/chunks/chunk_00010.npz,642300,,per-chunk raw output
3_numerics/results/7_tau_implicite/data/E36A_regimes_seed43/runs/lam1_coherent/coarse/chunks/chunk_00012.npz,642300,,per-chunk raw output
3_numerics/results/7_tau_implicite/data/E36A_regimes_seed43/runs/lam1_coherent/coarse/chunks/chunk_00013.npz,642300,,per-chunk raw output
3_numerics/results/7_tau_implicite/data/E36A_regimes_seed43/runs/lam1_coherent/coarse/chunks/chunk_00014.npz,642300,,per-chunk raw output
3_numerics/results/7_tau_implicite/data/E36A_regimes_seed43/runs/lam1_perturbed/coarse/chunks/chunk_00000.npz,642300,,per-chunk raw output
3_numerics/results/7_tau_implicite/data/E36A_regimes_seed43/runs/lam1_perturbed/coarse/chunks/chunk_00001.npz,642300,,per-chunk raw output
3_numerics/results/7_tau_implicite/data/E36A_regimes_seed43/runs/lam1_perturbed/coarse/chunks/chunk_00002.npz,642300,,per-chunk raw output
3_numerics/results/7_tau_implicite/data/E36A_regimes_seed43/runs/lam1_perturbed/coarse/chunks/chunk_00004.npz,642300,,per-chunk raw output
3_numerics/results/7_tau_implicite/data/E36A_regimes_seed43/runs/lam1_perturbed/coarse/chunks/chunk_00005.npz,642300,,per-chunk raw output
3_numerics/results/7_tau_implicite/data/E36A_regimes_seed43/runs/lam1_perturbed/coarse/chunks/chunk_00006.npz,642300,,per-chunk raw output
3_numerics/results/7_tau_implicite/data/E36A_regimes_seed43/runs/lam1_perturbed/coarse/chunks/chunk_00008.npz,642300,,per-chunk raw output
3_numerics/results/7_tau_implicite/data/E36A_regimes_seed43/runs/lam1_perturbed/coarse/chunks/chunk_00009.npz,642300,,per-chunk raw output
3_numerics/results/7_tau_implicite/data/E36A_regimes_seed43/runs/lam1_perturbed/coarse/chunks/chunk_00010.npz,642300,,per-chunk raw output
3_numerics/results/7_tau_implicite/data/E36A_regimes_seed43/runs/lam1_perturbed/coarse/chunks/chunk_00012.npz,642300,,per-chunk raw output
3_numerics/results/7_tau_implicite/data/E36A_regimes_seed43/runs/lam1_perturbed/coarse/chunks/chunk_00013.npz,642300,,per-chunk raw output
3_numerics/results/7_tau_implicite/data/E36A_regimes_seed43/runs/lam1_perturbed/coarse/chunks/chunk_00014.npz,642300,,per-chunk raw output
3_numerics/results/7_tau_implicite/data/E36A_regimes_seed43/runs/lam2_coherent/coarse/chunks/chunk_00000.npz,642300,,per-chunk raw output
3_numerics/results/7_tau_implicite/data/E36A_regimes_seed43/runs/lam2_coherent/coarse/chunks/chunk_00001.npz,642300,,per-chunk raw output
3_numerics/results/7_tau_implicite/data/E36A_regimes_seed43/runs/lam2_coherent/coarse/chunks/chunk_00002.npz,642300,,per-chunk raw output
3_numerics/results/7_tau_implicite/data/E36A_regimes_seed43/runs/lam2_coherent/coarse/chunks/chunk_00004.npz,642300,,per-chunk raw output
3_numerics/results/7_tau_implicite/data/E36A_regimes_seed43/runs/lam2_coherent/coarse/chunks/chunk_00005.npz,642300,,per-chunk raw output
3_numerics/results/7_tau_implicite/data/E36A_regimes_seed43/runs/lam2_coherent/coarse/chunks/chunk_00006.npz,642300,,per-chunk raw output
3_numerics/results/7_tau_implicite/data/E36A_regimes_seed43/runs/lam2_coherent/coarse/chunks/chunk_00008.npz,642300,,per-chunk raw output
3_numerics/results/7_tau_implicite/data/E36A_regimes_seed43/runs/lam2_coherent/coarse/chunks/chunk_00009.npz,642300,,per-chunk raw output
3_numerics/results/7_tau_implicite/data/E36A_regimes_seed43/runs/lam2_coherent/coarse/chunks/chunk_00010.npz,642300,,per-chunk raw output
3_numerics/results/7_tau_implicite/data/E36A_regimes_seed43/runs/lam2_coherent/coarse/chunks/chunk_00012.npz,642300,,per-chunk raw output
3_numerics/results/7_tau_implicite/data/E36A_regimes_seed43/runs/lam2_coherent/coarse/chunks/chunk_00013.npz,642300,,per-chunk raw output
3_numerics/results/7_tau_implicite/data/E36A_regimes_seed43/runs/lam2_coherent/coarse/chunks/chunk_00014.npz,642300,,per-chunk raw output
3_numerics/results/7_tau_implicite/data/E36A_regimes_seed43/runs/lam2_coherent/fine/chunks/chunk_00000.npz,642300,,per-chunk raw output
3_numerics/results/7_tau_implicite/data/E36A_regimes_seed43/runs/lam2_coherent/fine/chunks/chunk_00001.npz,642300,,per-chunk raw output
3_numerics/results/7_tau_implicite/data/E36A_regimes_seed43/runs/lam2_coherent/fine/chunks/chunk_00002.npz,642300,,per-chunk raw output
3_numerics/results/7_tau_implicite/data/E36A_regimes_seed43/runs/lam2_coherent/fine/chunks/chunk_00004.npz,642300,,per-chunk raw output
3_numerics/results/7_tau_implicite/data/E36A_regimes_seed43/runs/lam2_coherent/fine/chunks/chunk_00005.npz,642300,,per-chunk raw output
3_numerics/results/7_tau_implicite/data/E36A_regimes_seed43/runs/lam2_coherent/fine/chunks/chunk_00006.npz,642300,,per-chunk raw output
3_numerics/results/7_tau_implicite/data/E36A_regimes_seed43/runs/lam2_coherent/fine/chunks/chunk_00008.npz,642300,,per-chunk raw output
3_numerics/results/7_tau_implicite/data/E36A_regimes_seed43/runs/lam2_coherent/fine/chunks/chunk_00009.npz,642300,,per-chunk raw output
3_numerics/results/7_tau_implicite/data/E36A_regimes_seed43/runs/lam2_coherent/fine/chunks/chunk_00010.npz,642300,,per-chunk raw output
3_numerics/results/7_tau_implicite/data/E36A_regimes_seed43/runs/lam2_coherent/fine/chunks/chunk_00012.npz,642300,,per-chunk raw output
3_numerics/results/7_tau_implicite/data/E36A_regimes_seed43/runs/lam2_coherent/fine/chunks/chunk_00013.npz,642300,,per-chunk raw output
3_numerics/results/7_tau_implicite/data/E36A_regimes_seed43/runs/lam2_coherent/fine/chunks/chunk_00014.npz,642300,,per-chunk raw output
3_numerics/results/7_tau_implicite/data/E36A_regimes_seed43/runs/lam2_perturbed/coarse/chunks/chunk_00000.npz,642300,,per-chunk raw output
3_numerics/results/7_tau_implicite/data/E36A_regimes_seed43/runs/lam2_perturbed/coarse/chunks/chunk_00001.npz,642300,,per-chunk raw output
3_numerics/results/7_tau_implicite/data/E36A_regimes_seed43/runs/lam2_perturbed/coarse/chunks/chunk_00002.npz,642300,,per-chunk raw output
3_numerics/results/7_tau_implicite/data/E36A_regimes_seed43/runs/lam2_perturbed/coarse/chunks/chunk_00004.npz,642300,,per-chunk raw output
3_numerics/results/7_tau_implicite/data/E36A_regimes_seed43/runs/lam2_perturbed/coarse/chunks/chunk_00005.npz,642300,,per-chunk raw output
3_numerics/results/7_tau_implicite/data/E36A_regimes_seed43/runs/lam2_perturbed/coarse/chunks/chunk_00006.npz,642300,,per-chunk raw output
3_numerics/results/7_tau_implicite/data/E36A_regimes_seed43/runs/lam2_perturbed/coarse/chunks/chunk_00008.npz,642300,,per-chunk raw output
3_numerics/results/7_tau_implicite/data/E36A_regimes_seed43/runs/lam2_perturbed/coarse/chunks/chunk_00009.npz,642300,,per-chunk raw output
3_numerics/results/7_tau_implicite/data/E36A_regimes_seed43/runs/lam2_perturbed/coarse/chunks/chunk_00010.npz,642300,,per-chunk raw output
3_numerics/results/7_tau_implicite/data/E36A_regimes_seed43/runs/lam2_perturbed/coarse/chunks/chunk_00012.npz,642300,,per-chunk raw output
3_numerics/results/7_tau_implicite/data/E36A_regimes_seed43/runs/lam2_perturbed/coarse/chunks/chunk_00013.npz,642300,,per-chunk raw output
3_numerics/results/7_tau_implicite/data/E36A_regimes_seed43/runs/lam2_perturbed/coarse/chunks/chunk_00014.npz,642300,,per-chunk raw output
3_numerics/results/7_tau_implicite/data/E36A_regimes_seed43/runs/lam2_perturbed/fine/chunks/chunk_00000.npz,642300,,per-chunk raw output
3_numerics/results/7_tau_implicite/data/E36A_regimes_seed43/runs/lam2_perturbed/fine/chunks/chunk_00001.npz,642300,,per-chunk raw output
3_numerics/results/7_tau_implicite/data/E36A_regimes_seed43/runs/lam2_perturbed/fine/chunks/chunk_00002.npz,642300,,per-chunk raw output
3_numerics/results/7_tau_implicite/data/E36A_regimes_seed43/runs/lam2_perturbed/fine/chunks/chunk_00004.npz,642300,,per-chunk raw output
3_numerics/results/7_tau_implicite/data/E36A_regimes_seed43/runs/lam2_perturbed/fine/chunks/chunk_00005.npz,642300,,per-chunk raw output
3_numerics/results/7_tau_implicite/data/E36A_regimes_seed43/runs/lam2_perturbed/fine/chunks/chunk_00006.npz,642300,,per-chunk raw output
3_numerics/results/7_tau_implicite/data/E36A_regimes_seed43/runs/lam2_perturbed/fine/chunks/chunk_00008.npz,642300,,per-chunk raw output
3_numerics/results/7_tau_implicite/data/E36A_regimes_seed43/runs/lam2_perturbed/fine/chunks/chunk_00009.npz,642300,,per-chunk raw output
3_numerics/results/7_tau_implicite/data/E36A_regimes_seed43/runs/lam2_perturbed/fine/chunks/chunk_00010.npz,642300,,per-chunk raw output
3_numerics/results/7_tau_implicite/data/E36A_regimes_seed43/runs/lam2_perturbed/fine/chunks/chunk_00012.npz,642300,,per-chunk raw output
3_numerics/results/7_tau_implicite/data/E36A_regimes_seed43/runs/lam2_perturbed/fine/chunks/chunk_00013.npz,642300,,per-chunk raw output
3_numerics/results/7_tau_implicite/data/E36A_regimes_seed43/runs/lam2_perturbed/fine/chunks/chunk_00014.npz,642300,,per-chunk raw output
3_numerics/results/7_tau_implicite/data/E36A_regimes_seed43/runs/lam4_coherent/coarse/chunks/chunk_00000.npz,642300,,per-chunk raw output
3_numerics/results/7_tau_implicite/data/E36A_regimes_seed43/runs/lam4_coherent/coarse/chunks/chunk_00001.npz,642300,,per-chunk raw output
3_numerics/results/7_tau_implicite/data/E36A_regimes_seed43/runs/lam4_coherent/coarse/chunks/chunk_00002.npz,642300,,per-chunk raw output
3_numerics/results/7_tau_implicite/data/E36A_regimes_seed43/runs/lam4_coherent/coarse/chunks/chunk_00004.npz,642300,,per-chunk raw output
3_numerics/results/7_tau_implicite/data/E36A_regimes_seed43/runs/lam4_coherent/coarse/chunks/chunk_00005.npz,642300,,per-chunk raw output
3_numerics/results/7_tau_implicite/data/E36A_regimes_seed43/runs/lam4_coherent/coarse/chunks/chunk_00006.npz,642300,,per-chunk raw output
3_numerics/results/7_tau_implicite/data/E36A_regimes_seed43/runs/lam4_coherent/coarse/chunks/chunk_00008.npz,642300,,per-chunk raw output
3_numerics/results/7_tau_implicite/data/E36A_regimes_seed43/runs/lam4_coherent/coarse/chunks/chunk_00009.npz,642300,,per-chunk raw output
3_numerics/results/7_tau_implicite/data/E36A_regimes_seed43/runs/lam4_coherent/coarse/chunks/chunk_00010.npz,642300,,per-chunk raw output
3_numerics/results/7_tau_implicite/data/E36A_regimes_seed43/runs/lam4_coherent/coarse/chunks/chunk_00012.npz,642300,,per-chunk raw output
3_numerics/results/7_tau_implicite/data/E36A_regimes_seed43/runs/lam4_coherent/coarse/chunks/chunk_00013.npz,642300,,per-chunk raw output
3_numerics/results/7_tau_implicite/data/E36A_regimes_seed43/runs/lam4_coherent/coarse/chunks/chunk_00014.npz,642300,,per-chunk raw output
3_numerics/results/7_tau_implicite/data/E36A_regimes_seed43/runs/lam4_coherent/fine/chunks/chunk_00000.npz,642300,,per-chunk raw output
3_numerics/results/7_tau_implicite/data/E36A_regimes_seed43/runs/lam4_coherent/fine/chunks/chunk_00001.npz,642300,,per-chunk raw output
3_numerics/results/7_tau_implicite/data/E36A_regimes_seed43/runs/lam4_coherent/fine/chunks/chunk_00002.npz,642300,,per-chunk raw output
3_numerics/results/7_tau_implicite/data/E36A_regimes_seed43/runs/lam4_coherent/fine/chunks/chunk_00004.npz,642300,,per-chunk raw output
3_numerics/results/7_tau_implicite/data/E36A_regimes_seed43/runs/lam4_coherent/fine/chunks/chunk_00005.npz,642300,,per-chunk raw output
3_numerics/results/7_tau_implicite/data/E36A_regimes_seed43/runs/lam4_coherent/fine/chunks/chunk_00006.npz,642300,,per-chunk raw output
3_numerics/results/7_tau_implicite/data/E36A_regimes_seed43/runs/lam4_coherent/fine/chunks/chunk_00008.npz,642300,,per-chunk raw output
3_numerics/results/7_tau_implicite/data/E36A_regimes_seed43/runs/lam4_coherent/fine/chunks/chunk_00009.npz,642300,,per-chunk raw output
3_numerics/results/7_tau_implicite/data/E36A_regimes_seed43/runs/lam4_coherent/fine/chunks/chunk_00010.npz,642300,,per-chunk raw output
3_numerics/results/7_tau_implicite/data/E36A_regimes_seed43/runs/lam4_coherent/fine/chunks/chunk_00012.npz,642300,,per-chunk raw output
3_numerics/results/7_tau_implicite/data/E36A_regimes_seed43/runs/lam4_coherent/fine/chunks/chunk_00013.npz,642300,,per-chunk raw output
3_numerics/results/7_tau_implicite/data/E36A_regimes_seed43/runs/lam4_coherent/fine/chunks/chunk_00014.npz,642300,,per-chunk raw output
3_numerics/results/7_tau_implicite/data/E36A_regimes_seed43/runs/lam4_perturbed/coarse/chunks/chunk_00000.npz,642300,,per-chunk raw output
3_numerics/results/7_tau_implicite/data/E36A_regimes_seed43/runs/lam4_perturbed/coarse/chunks/chunk_00001.npz,642300,,per-chunk raw output
3_numerics/results/7_tau_implicite/data/E36A_regimes_seed43/runs/lam4_perturbed/coarse/chunks/chunk_00002.npz,642300,,per-chunk raw output
3_numerics/results/7_tau_implicite/data/E36A_regimes_seed43/runs/lam4_perturbed/coarse/chunks/chunk_00004.npz,642300,,per-chunk raw output
3_numerics/results/7_tau_implicite/data/E36A_regimes_seed43/runs/lam4_perturbed/coarse/chunks/chunk_00005.npz,642300,,per-chunk raw output
3_numerics/results/7_tau_implicite/data/E36A_regimes_seed43/runs/lam4_perturbed/coarse/chunks/chunk_00006.npz,642300,,per-chunk raw output
3_numerics/results/7_tau_implicite/data/E36A_regimes_seed43/runs/lam4_perturbed/coarse/chunks/chunk_00008.npz,642300,,per-chunk raw output
3_numerics/results/7_tau_implicite/data/E36A_regimes_seed43/runs/lam4_perturbed/coarse/chunks/chunk_00009.npz,642300,,per-chunk raw output
3_numerics/results/7_tau_implicite/data/E36A_regimes_seed43/runs/lam4_perturbed/coarse/chunks/chunk_00010.npz,642300,,per-chunk raw output
3_numerics/results/7_tau_implicite/data/E36A_regimes_seed43/runs/lam4_perturbed/coarse/chunks/chunk_00012.npz,642300,,per-chunk raw output
3_numerics/results/7_tau_implicite/data/E36A_regimes_seed43/runs/lam4_perturbed/coarse/chunks/chunk_00013.npz,642300,,per-chunk raw output
3_numerics/results/7_tau_implicite/data/E36A_regimes_seed43/runs/lam4_perturbed/coarse/chunks/chunk_00014.npz,642300,,per-chunk raw output
3_numerics/results/7_tau_implicite/data/E36A_regimes_seed43/runs/lam4_perturbed/fine/chunks/chunk_00000.npz,642300,,per-chunk raw output
3_numerics/results/7_tau_implicite/data/E36A_regimes_seed43/runs/lam4_perturbed/fine/chunks/chunk_00001.npz,642300,,per-chunk raw output
3_numerics/results/7_tau_implicite/data/E36A_regimes_seed43/runs/lam4_perturbed/fine/chunks/chunk_00002.npz,642300,,per-chunk raw output
3_numerics/results/7_tau_implicite/data/E36A_regimes_seed43/runs/lam4_perturbed/fine/chunks/chunk_00004.npz,642300,,per-chunk raw output
3_numerics/results/7_tau_implicite/data/E36A_regimes_seed43/runs/lam4_perturbed/fine/chunks/chunk_00005.npz,642300,,per-chunk raw output
3_numerics/results/7_tau_implicite/data/E36A_regimes_seed43/runs/lam4_perturbed/fine/chunks/chunk_00006.npz,642300,,per-chunk raw output
3_numerics/results/7_tau_implicite/data/E36A_regimes_seed43/runs/lam4_perturbed/fine/chunks/chunk_00008.npz,642300,,per-chunk raw output
3_numerics/results/7_tau_implicite/data/E36A_regimes_seed43/runs/lam4_perturbed/fine/chunks/chunk_00009.npz,642300,,per-chunk raw output
3_numerics/results/7_tau_implicite/data/E36A_regimes_seed43/runs/lam4_perturbed/fine/chunks/chunk_00010.npz,642300,,per-chunk raw output
3_numerics/results/7_tau_implicite/data/E36A_regimes_seed43/runs/lam4_perturbed/fine/chunks/chunk_00012.npz,642300,,per-chunk raw output
3_numerics/results/7_tau_implicite/data/E36A_regimes_seed43/runs/lam4_perturbed/fine/chunks/chunk_00013.npz,642300,,per-chunk raw output
3_numerics/results/7_tau_implicite/data/E36A_regimes_seed43/runs/lam4_perturbed/fine/chunks/chunk_00014.npz,642300,,per-chunk raw output
3_numerics/results/7_tau_implicite/data/E36A_regimes_seed43/runs/lam8_coherent/coarse/chunks/chunk_00000.npz,642300,,per-chunk raw output
3_numerics/results/7_tau_implicite/data/E36A_regimes_seed43/runs/lam8_coherent/coarse/chunks/chunk_00001.npz,642300,,per-chunk raw output
3_numerics/results/7_tau_implicite/data/E36A_regimes_seed43/runs/lam8_coherent/coarse/chunks/chunk_00002.npz,642300,,per-chunk raw output
3_numerics/results/7_tau_implicite/data/E36A_regimes_seed43/runs/lam8_coherent/coarse/chunks/chunk_00004.npz,642300,,per-chunk raw output
3_numerics/results/7_tau_implicite/data/E36A_regimes_seed43/runs/lam8_coherent/coarse/chunks/chunk_00005.npz,642300,,per-chunk raw output
3_numerics/results/7_tau_implicite/data/E36A_regimes_seed43/runs/lam8_coherent/coarse/chunks/chunk_00006.npz,642300,,per-chunk raw output
3_numerics/results/7_tau_implicite/data/E36A_regimes_seed43/runs/lam8_coherent/coarse/chunks/chunk_00008.npz,642300,,per-chunk raw output
3_numerics/results/7_tau_implicite/data/E36A_regimes_seed43/runs/lam8_coherent/coarse/chunks/chunk_00009.npz,642300,,per-chunk raw output
3_numerics/results/7_tau_implicite/data/E36A_regimes_seed43/runs/lam8_coherent/coarse/chunks/chunk_00010.npz,642300,,per-chunk raw output
3_numerics/results/7_tau_implicite/data/E36A_regimes_seed43/runs/lam8_coherent/coarse/chunks/chunk_00012.npz,642300,,per-chunk raw output
3_numerics/results/7_tau_implicite/data/E36A_regimes_seed43/runs/lam8_coherent/coarse/chunks/chunk_00013.npz,642300,,per-chunk raw output
3_numerics/results/7_tau_implicite/data/E36A_regimes_seed43/runs/lam8_coherent/coarse/chunks/chunk_00014.npz,642300,,per-chunk raw output
3_numerics/results/7_tau_implicite/data/E36A_regimes_seed43/runs/lam8_coherent/fine/chunks/chunk_00000.npz,642300,,per-chunk raw output
3_numerics/results/7_tau_implicite/data/E36A_regimes_seed43/runs/lam8_coherent/fine/chunks/chunk_00001.npz,642300,,per-chunk raw output
3_numerics/results/7_tau_implicite/data/E36A_regimes_seed43/runs/lam8_coherent/fine/chunks/chunk_00002.npz,642300,,per-chunk raw output
3_numerics/results/7_tau_implicite/data/E36A_regimes_seed43/runs/lam8_coherent/fine/chunks/chunk_00004.npz,642300,,per-chunk raw output
3_numerics/results/7_tau_implicite/data/E36A_regimes_seed43/runs/lam8_coherent/fine/chunks/chunk_00005.npz,642300,,per-chunk raw output
3_numerics/results/7_tau_implicite/data/E36A_regimes_seed43/runs/lam8_coherent/fine/chunks/chunk_00006.npz,642300,,per-chunk raw output
3_numerics/results/7_tau_implicite/data/E36A_regimes_seed43/runs/lam8_coherent/fine/chunks/chunk_00008.npz,642300,,per-chunk raw output
3_numerics/results/7_tau_implicite/data/E36A_regimes_seed43/runs/lam8_coherent/fine/chunks/chunk_00009.npz,642300,,per-chunk raw output
3_numerics/results/7_tau_implicite/data/E36A_regimes_seed43/runs/lam8_coherent/fine/chunks/chunk_00010.npz,642300,,per-chunk raw output
3_numerics/results/7_tau_implicite/data/E36A_regimes_seed43/runs/lam8_coherent/fine/chunks/chunk_00012.npz,642300,,per-chunk raw output
3_numerics/results/7_tau_implicite/data/E36A_regimes_seed43/runs/lam8_coherent/fine/chunks/chunk_00013.npz,642300,,per-chunk raw output
3_numerics/results/7_tau_implicite/data/E36A_regimes_seed43/runs/lam8_coherent/fine/chunks/chunk_00014.npz,642300,,per-chunk raw output
3_numerics/results/7_tau_implicite/data/E36A_regimes_seed43/runs/lam8_perturbed/coarse/chunks/chunk_00000.npz,642300,,per-chunk raw output
3_numerics/results/7_tau_implicite/data/E36A_regimes_seed43/runs/lam8_perturbed/coarse/chunks/chunk_00001.npz,642300,,per-chunk raw output
3_numerics/results/7_tau_implicite/data/E36A_regimes_seed43/runs/lam8_perturbed/coarse/chunks/chunk_00002.npz,642300,,per-chunk raw output
3_numerics/results/7_tau_implicite/data/E36A_regimes_seed43/runs/lam8_perturbed/coarse/chunks/chunk_00004.npz,642300,,per-chunk raw output
3_numerics/results/7_tau_implicite/data/E36A_regimes_seed43/runs/lam8_perturbed/coarse/chunks/chunk_00005.npz,642300,,per-chunk raw output
3_numerics/results/7_tau_implicite/data/E36A_regimes_seed43/runs/lam8_perturbed/coarse/chunks/chunk_00006.npz,642300,,per-chunk raw output
3_numerics/results/7_tau_implicite/data/E36A_regimes_seed43/runs/lam8_perturbed/coarse/chunks/chunk_00008.npz,642300,,per-chunk raw output
3_numerics/results/7_tau_implicite/data/E36A_regimes_seed43/runs/lam8_perturbed/coarse/chunks/chunk_00009.npz,642300,,per-chunk raw output
3_numerics/results/7_tau_implicite/data/E36A_regimes_seed43/runs/lam8_perturbed/coarse/chunks/chunk_00010.npz,642300,,per-chunk raw output
3_numerics/results/7_tau_implicite/data/E36A_regimes_seed43/runs/lam8_perturbed/coarse/chunks/chunk_00012.npz,642300,,per-chunk raw output
3_numerics/results/7_tau_implicite/data/E36A_regimes_seed43/runs/lam8_perturbed/coarse/chunks/chunk_00013.npz,642300,,per-chunk raw output
3_numerics/results/7_tau_implicite/data/E36A_regimes_seed43/runs/lam8_perturbed/coarse/chunks/chunk_00014.npz,642300,,per-chunk raw output
3_numerics/results/7_tau_implicite/data/E36A_regimes_seed43/runs/lam8_perturbed/fine/chunks/chunk_00000.npz,642300,,per-chunk raw output
3_numerics/results/7_tau_implicite/data/E36A_regimes_seed43/runs/lam8_perturbed/fine/chunks/chunk_00001.npz,642300,,per-chunk raw output
3_numerics/results/7_tau_implicite/data/E36A_regimes_seed43/runs/lam8_perturbed/fine/chunks/chunk_00002.npz,642300,,per-chunk raw output
3_numerics/results/7_tau_implicite/data/E36A_regimes_seed43/runs/lam8_perturbed/fine/chunks/chunk_00004.npz,642300,,per-chunk raw output
3_numerics/results/7_tau_implicite/data/E36A_regimes_seed43/runs/lam8_perturbed/fine/chunks/chunk_00005.npz,642300,,per-chunk raw output
3_numerics/results/7_tau_implicite/data/E36A_regimes_seed43/runs/lam8_perturbed/fine/chunks/chunk_00006.npz,642300,,per-chunk raw output
3_numerics/results/7_tau_implicite/data/E36A_regimes_seed43/runs/lam8_perturbed/fine/chunks/chunk_00008.npz,642300,,per-chunk raw output
3_numerics/results/7_tau_implicite/data/E36A_regimes_seed43/runs/lam8_perturbed/fine/chunks/chunk_00009.npz,642300,,per-chunk raw output
3_numerics/results/7_tau_implicite/data/E36A_regimes_seed43/runs/lam8_perturbed/fine/chunks/chunk_00010.npz,642300,,per-chunk raw output
3_numerics/results/7_tau_implicite/data/E36A_regimes_seed43/runs/lam8_perturbed/fine/chunks/chunk_00012.npz,642300,,per-chunk raw output
3_numerics/results/7_tau_implicite/data/E36A_regimes_seed43/runs/lam8_perturbed/fine/chunks/chunk_00013.npz,642300,,per-chunk raw output
3_numerics/results/7_tau_implicite/data/E36A_regimes_seed43/runs/lam8_perturbed/fine/chunks/chunk_00014.npz,642300,,per-chunk raw output
3_numerics/results/7_tau_implicite/data/E36A_regimes_seed44/runs/lam0_coherent/coarse/chunks/chunk_00000.npz,642300,,per-chunk raw output
3_numerics/results/7_tau_implicite/data/E36A_regimes_seed44/runs/lam0_coherent/coarse/chunks/chunk_00001.npz,642300,,per-chunk raw output
3_numerics/results/7_tau_implicite/data/E36A_regimes_seed44/runs/lam0_coherent/coarse/chunks/chunk_00002.npz,642300,,per-chunk raw output
3_numerics/results/7_tau_implicite/data/E36A_regimes_seed44/runs/lam0_coherent/coarse/chunks/chunk_00004.npz,642300,,per-chunk raw output
3_numerics/results/7_tau_implicite/data/E36A_regimes_seed44/runs/lam0_coherent/coarse/chunks/chunk_00005.npz,642300,,per-chunk raw output
3_numerics/results/7_tau_implicite/data/E36A_regimes_seed44/runs/lam0_coherent/coarse/chunks/chunk_00006.npz,642300,,per-chunk raw output
3_numerics/results/7_tau_implicite/data/E36A_regimes_seed44/runs/lam0_coherent/coarse/chunks/chunk_00008.npz,642300,,per-chunk raw output
3_numerics/results/7_tau_implicite/data/E36A_regimes_seed44/runs/lam0_coherent/coarse/chunks/chunk_00009.npz,642300,,per-chunk raw output
3_numerics/results/7_tau_implicite/data/E36A_regimes_seed44/runs/lam0_coherent/coarse/chunks/chunk_00010.npz,642300,,per-chunk raw output
3_numerics/results/7_tau_implicite/data/E36A_regimes_seed44/runs/lam0_coherent/coarse/chunks/chunk_00012.npz,642300,,per-chunk raw output
3_numerics/results/7_tau_implicite/data/E36A_regimes_seed44/runs/lam0_coherent/coarse/chunks/chunk_00013.npz,642300,,per-chunk raw output
3_numerics/results/7_tau_implicite/data/E36A_regimes_seed44/runs/lam0_coherent/coarse/chunks/chunk_00014.npz,642300,,per-chunk raw output
3_numerics/results/7_tau_implicite/data/E36A_regimes_seed44/runs/lam0_perturbed/coarse/chunks/chunk_00000.npz,642300,,per-chunk raw output
3_numerics/results/7_tau_implicite/data/E36A_regimes_seed44/runs/lam0_perturbed/coarse/chunks/chunk_00001.npz,642300,,per-chunk raw output
3_numerics/results/7_tau_implicite/data/E36A_regimes_seed44/runs/lam0_perturbed/coarse/chunks/chunk_00002.npz,642300,,per-chunk raw output
3_numerics/results/7_tau_implicite/data/E36A_regimes_seed44/runs/lam0_perturbed/coarse/chunks/chunk_00004.npz,642300,,per-chunk raw output
3_numerics/results/7_tau_implicite/data/E36A_regimes_seed44/runs/lam0_perturbed/coarse/chunks/chunk_00005.npz,642300,,per-chunk raw output
3_numerics/results/7_tau_implicite/data/E36A_regimes_seed44/runs/lam0_perturbed/coarse/chunks/chunk_00006.npz,642300,,per-chunk raw output
3_numerics/results/7_tau_implicite/data/E36A_regimes_seed44/runs/lam0_perturbed/coarse/chunks/chunk_00008.npz,642300,,per-chunk raw output
3_numerics/results/7_tau_implicite/data/E36A_regimes_seed44/runs/lam0_perturbed/coarse/chunks/chunk_00009.npz,642300,,per-chunk raw output
3_numerics/results/7_tau_implicite/data/E36A_regimes_seed44/runs/lam0_perturbed/coarse/chunks/chunk_00010.npz,642300,,per-chunk raw output
3_numerics/results/7_tau_implicite/data/E36A_regimes_seed44/runs/lam0_perturbed/coarse/chunks/chunk_00012.npz,642300,,per-chunk raw output
3_numerics/results/7_tau_implicite/data/E36A_regimes_seed44/runs/lam0_perturbed/coarse/chunks/chunk_00013.npz,642300,,per-chunk raw output
3_numerics/results/7_tau_implicite/data/E36A_regimes_seed44/runs/lam0_perturbed/coarse/chunks/chunk_00014.npz,642300,,per-chunk raw output
3_numerics/results/7_tau_implicite/data/E36A_regimes_seed44/runs/lam0p125_coherent/coarse/chunks/chunk_00000.npz,642300,,per-chunk raw output
3_numerics/results/7_tau_implicite/data/E36A_regimes_seed44/runs/lam0p125_coherent/coarse/chunks/chunk_00001.npz,642300,,per-chunk raw output
3_numerics/results/7_tau_implicite/data/E36A_regimes_seed44/runs/lam0p125_coherent/coarse/chunks/chunk_00002.npz,642300,,per-chunk raw output
3_numerics/results/7_tau_implicite/data/E36A_regimes_seed44/runs/lam0p125_coherent/coarse/chunks/chunk_00004.npz,642300,,per-chunk raw output
3_numerics/results/7_tau_implicite/data/E36A_regimes_seed44/runs/lam0p125_coherent/coarse/chunks/chunk_00005.npz,642300,,per-chunk raw output
3_numerics/results/7_tau_implicite/data/E36A_regimes_seed44/runs/lam0p125_coherent/coarse/chunks/chunk_00006.npz,642300,,per-chunk raw output
3_numerics/results/7_tau_implicite/data/E36A_regimes_seed44/runs/lam0p125_coherent/coarse/chunks/chunk_00008.npz,642300,,per-chunk raw output
3_numerics/results/7_tau_implicite/data/E36A_regimes_seed44/runs/lam0p125_coherent/coarse/chunks/chunk_00009.npz,642300,,per-chunk raw output
3_numerics/results/7_tau_implicite/data/E36A_regimes_seed44/runs/lam0p125_coherent/coarse/chunks/chunk_00010.npz,642300,,per-chunk raw output
3_numerics/results/7_tau_implicite/data/E36A_regimes_seed44/runs/lam0p125_coherent/coarse/chunks/chunk_00012.npz,642300,,per-chunk raw output
3_numerics/results/7_tau_implicite/data/E36A_regimes_seed44/runs/lam0p125_coherent/coarse/chunks/chunk_00013.npz,642300,,per-chunk raw output
3_numerics/results/7_tau_implicite/data/E36A_regimes_seed44/runs/lam0p125_coherent/coarse/chunks/chunk_00014.npz,642300,,per-chunk raw output
3_numerics/results/7_tau_implicite/data/E36A_regimes_seed44/runs/lam0p125_perturbed/coarse/chunks/chunk_00000.npz,642300,,per-chunk raw output
3_numerics/results/7_tau_implicite/data/E36A_regimes_seed44/runs/lam0p125_perturbed/coarse/chunks/chunk_00001.npz,642300,,per-chunk raw output
3_numerics/results/7_tau_implicite/data/E36A_regimes_seed44/runs/lam0p125_perturbed/coarse/chunks/chunk_00002.npz,642300,,per-chunk raw output
3_numerics/results/7_tau_implicite/data/E36A_regimes_seed44/runs/lam0p125_perturbed/coarse/chunks/chunk_00004.npz,642300,,per-chunk raw output
3_numerics/results/7_tau_implicite/data/E36A_regimes_seed44/runs/lam0p125_perturbed/coarse/chunks/chunk_00005.npz,642300,,per-chunk raw output
3_numerics/results/7_tau_implicite/data/E36A_regimes_seed44/runs/lam0p125_perturbed/coarse/chunks/chunk_00006.npz,642300,,per-chunk raw output
3_numerics/results/7_tau_implicite/data/E36A_regimes_seed44/runs/lam0p125_perturbed/coarse/chunks/chunk_00008.npz,642300,,per-chunk raw output
3_numerics/results/7_tau_implicite/data/E36A_regimes_seed44/runs/lam0p125_perturbed/coarse/chunks/chunk_00009.npz,642300,,per-chunk raw output
3_numerics/results/7_tau_implicite/data/E36A_regimes_seed44/runs/lam0p125_perturbed/coarse/chunks/chunk_00010.npz,642300,,per-chunk raw output
3_numerics/results/7_tau_implicite/data/E36A_regimes_seed44/runs/lam0p125_perturbed/coarse/chunks/chunk_00012.npz,642300,,per-chunk raw output
3_numerics/results/7_tau_implicite/data/E36A_regimes_seed44/runs/lam0p125_perturbed/coarse/chunks/chunk_00013.npz,642300,,per-chunk raw output
3_numerics/results/7_tau_implicite/data/E36A_regimes_seed44/runs/lam0p125_perturbed/coarse/chunks/chunk_00014.npz,642300,,per-chunk raw output
3_numerics/results/7_tau_implicite/data/E36A_regimes_seed44/runs/lam0p25_coherent/coarse/chunks/chunk_00000.npz,642300,,per-chunk raw output
3_numerics/results/7_tau_implicite/data/E36A_regimes_seed44/runs/lam0p25_coherent/coarse/chunks/chunk_00001.npz,642300,,per-chunk raw output
3_numerics/results/7_tau_implicite/data/E36A_regimes_seed44/runs/lam0p25_coherent/coarse/chunks/chunk_00002.npz,642300,,per-chunk raw output
3_numerics/results/7_tau_implicite/data/E36A_regimes_seed44/runs/lam0p25_coherent/coarse/chunks/chunk_00004.npz,642300,,per-chunk raw output
3_numerics/results/7_tau_implicite/data/E36A_regimes_seed44/runs/lam0p25_coherent/coarse/chunks/chunk_00005.npz,642300,,per-chunk raw output
3_numerics/results/7_tau_implicite/data/E36A_regimes_seed44/runs/lam0p25_coherent/coarse/chunks/chunk_00006.npz,642300,,per-chunk raw output
3_numerics/results/7_tau_implicite/data/E36A_regimes_seed44/runs/lam0p25_coherent/coarse/chunks/chunk_00008.npz,642300,,per-chunk raw output
3_numerics/results/7_tau_implicite/data/E36A_regimes_seed44/runs/lam0p25_coherent/coarse/chunks/chunk_00009.npz,642300,,per-chunk raw output
3_numerics/results/7_tau_implicite/data/E36A_regimes_seed44/runs/lam0p25_coherent/coarse/chunks/chunk_00010.npz,642300,,per-chunk raw output
3_numerics/results/7_tau_implicite/data/E36A_regimes_seed44/runs/lam0p25_coherent/coarse/chunks/chunk_00012.npz,642300,,per-chunk raw output
3_numerics/results/7_tau_implicite/data/E36A_regimes_seed44/runs/lam0p25_coherent/coarse/chunks/chunk_00013.npz,642300,,per-chunk raw output
3_numerics/results/7_tau_implicite/data/E36A_regimes_seed44/runs/lam0p25_coherent/coarse/chunks/chunk_00014.npz,642300,,per-chunk raw output
3_numerics/results/7_tau_implicite/data/E36A_regimes_seed44/runs/lam0p25_perturbed/coarse/chunks/chunk_00000.npz,642300,,per-chunk raw output
3_numerics/results/7_tau_implicite/data/E36A_regimes_seed44/runs/lam0p25_perturbed/coarse/chunks/chunk_00001.npz,642300,,per-chunk raw output
3_numerics/results/7_tau_implicite/data/E36A_regimes_seed44/runs/lam0p25_perturbed/coarse/chunks/chunk_00002.npz,642300,,per-chunk raw output
3_numerics/results/7_tau_implicite/data/E36A_regimes_seed44/runs/lam0p25_perturbed/coarse/chunks/chunk_00004.npz,642300,,per-chunk raw output
3_numerics/results/7_tau_implicite/data/E36A_regimes_seed44/runs/lam0p25_perturbed/coarse/chunks/chunk_00005.npz,642300,,per-chunk raw output
3_numerics/results/7_tau_implicite/data/E36A_regimes_seed44/runs/lam0p25_perturbed/coarse/chunks/chunk_00006.npz,642300,,per-chunk raw output
3_numerics/results/7_tau_implicite/data/E36A_regimes_seed44/runs/lam0p25_perturbed/coarse/chunks/chunk_00008.npz,642300,,per-chunk raw output
3_numerics/results/7_tau_implicite/data/E36A_regimes_seed44/runs/lam0p25_perturbed/coarse/chunks/chunk_00009.npz,642300,,per-chunk raw output
3_numerics/results/7_tau_implicite/data/E36A_regimes_seed44/runs/lam0p25_perturbed/coarse/chunks/chunk_00010.npz,642300,,per-chunk raw output
3_numerics/results/7_tau_implicite/data/E36A_regimes_seed44/runs/lam0p25_perturbed/coarse/chunks/chunk_00012.npz,642300,,per-chunk raw output
3_numerics/results/7_tau_implicite/data/E36A_regimes_seed44/runs/lam0p25_perturbed/coarse/chunks/chunk_00013.npz,642300,,per-chunk raw output
3_numerics/results/7_tau_implicite/data/E36A_regimes_seed44/runs/lam0p25_perturbed/coarse/chunks/chunk_00014.npz,642300,,per-chunk raw output
3_numerics/results/7_tau_implicite/data/E36A_regimes_seed44/runs/lam0p5_coherent/coarse/chunks/chunk_00000.npz,642300,,per-chunk raw output
3_numerics/results/7_tau_implicite/data/E36A_regimes_seed44/runs/lam0p5_coherent/coarse/chunks/chunk_00001.npz,642300,,per-chunk raw output
3_numerics/results/7_tau_implicite/data/E36A_regimes_seed44/runs/lam0p5_coherent/coarse/chunks/chunk_00002.npz,642300,,per-chunk raw output
3_numerics/results/7_tau_implicite/data/E36A_regimes_seed44/runs/lam0p5_coherent/coarse/chunks/chunk_00004.npz,642300,,per-chunk raw output
3_numerics/results/7_tau_implicite/data/E36A_regimes_seed44/runs/lam0p5_coherent/coarse/chunks/chunk_00005.npz,642300,,per-chunk raw output
3_numerics/results/7_tau_implicite/data/E36A_regimes_seed44/runs/lam0p5_coherent/coarse/chunks/chunk_00006.npz,642300,,per-chunk raw output
3_numerics/results/7_tau_implicite/data/E36A_regimes_seed44/runs/lam0p5_coherent/coarse/chunks/chunk_00008.npz,642300,,per-chunk raw output
3_numerics/results/7_tau_implicite/data/E36A_regimes_seed44/runs/lam0p5_coherent/coarse/chunks/chunk_00009.npz,642300,,per-chunk raw output
3_numerics/results/7_tau_implicite/data/E36A_regimes_seed44/runs/lam0p5_coherent/coarse/chunks/chunk_00010.npz,642300,,per-chunk raw output
3_numerics/results/7_tau_implicite/data/E36A_regimes_seed44/runs/lam0p5_coherent/coarse/chunks/chunk_00012.npz,642300,,per-chunk raw output
3_numerics/results/7_tau_implicite/data/E36A_regimes_seed44/runs/lam0p5_coherent/coarse/chunks/chunk_00013.npz,642300,,per-chunk raw output
3_numerics/results/7_tau_implicite/data/E36A_regimes_seed44/runs/lam0p5_coherent/coarse/chunks/chunk_00014.npz,642300,,per-chunk raw output
3_numerics/results/7_tau_implicite/data/E36A_regimes_seed44/runs/lam0p5_perturbed/coarse/chunks/chunk_00000.npz,642300,,per-chunk raw output
3_numerics/results/7_tau_implicite/data/E36A_regimes_seed44/runs/lam0p5_perturbed/coarse/chunks/chunk_00001.npz,642300,,per-chunk raw output
3_numerics/results/7_tau_implicite/data/E36A_regimes_seed44/runs/lam0p5_perturbed/coarse/chunks/chunk_00002.npz,642300,,per-chunk raw output
3_numerics/results/7_tau_implicite/data/E36A_regimes_seed44/runs/lam0p5_perturbed/coarse/chunks/chunk_00004.npz,642300,,per-chunk raw output
3_numerics/results/7_tau_implicite/data/E36A_regimes_seed44/runs/lam0p5_perturbed/coarse/chunks/chunk_00005.npz,642300,,per-chunk raw output
3_numerics/results/7_tau_implicite/data/E36A_regimes_seed44/runs/lam0p5_perturbed/coarse/chunks/chunk_00006.npz,642300,,per-chunk raw output
3_numerics/results/7_tau_implicite/data/E36A_regimes_seed44/runs/lam0p5_perturbed/coarse/chunks/chunk_00008.npz,642300,,per-chunk raw output
3_numerics/results/7_tau_implicite/data/E36A_regimes_seed44/runs/lam0p5_perturbed/coarse/chunks/chunk_00009.npz,642300,,per-chunk raw output
3_numerics/results/7_tau_implicite/data/E36A_regimes_seed44/runs/lam0p5_perturbed/coarse/chunks/chunk_00010.npz,642300,,per-chunk raw output
3_numerics/results/7_tau_implicite/data/E36A_regimes_seed44/runs/lam0p5_perturbed/coarse/chunks/chunk_00012.npz,642300,,per-chunk raw output
3_numerics/results/7_tau_implicite/data/E36A_regimes_seed44/runs/lam0p5_perturbed/coarse/chunks/chunk_00013.npz,642300,,per-chunk raw output
3_numerics/results/7_tau_implicite/data/E36A_regimes_seed44/runs/lam0p5_perturbed/coarse/chunks/chunk_00014.npz,642300,,per-chunk raw output
3_numerics/results/7_tau_implicite/data/E36A_regimes_seed44/runs/lam1_coherent/coarse/chunks/chunk_00000.npz,642300,,per-chunk raw output
3_numerics/results/7_tau_implicite/data/E36A_regimes_seed44/runs/lam1_coherent/coarse/chunks/chunk_00001.npz,642300,,per-chunk raw output
3_numerics/results/7_tau_implicite/data/E36A_regimes_seed44/runs/lam1_coherent/coarse/chunks/chunk_00002.npz,642300,,per-chunk raw output
3_numerics/results/7_tau_implicite/data/E36A_regimes_seed44/runs/lam1_coherent/coarse/chunks/chunk_00004.npz,642300,,per-chunk raw output
3_numerics/results/7_tau_implicite/data/E36A_regimes_seed44/runs/lam1_coherent/coarse/chunks/chunk_00005.npz,642300,,per-chunk raw output
3_numerics/results/7_tau_implicite/data/E36A_regimes_seed44/runs/lam1_coherent/coarse/chunks/chunk_00006.npz,642300,,per-chunk raw output
3_numerics/results/7_tau_implicite/data/E36A_regimes_seed44/runs/lam1_coherent/coarse/chunks/chunk_00008.npz,642300,,per-chunk raw output
3_numerics/results/7_tau_implicite/data/E36A_regimes_seed44/runs/lam1_coherent/coarse/chunks/chunk_00009.npz,642300,,per-chunk raw output
3_numerics/results/7_tau_implicite/data/E36A_regimes_seed44/runs/lam1_coherent/coarse/chunks/chunk_00010.npz,642300,,per-chunk raw output
3_numerics/results/7_tau_implicite/data/E36A_regimes_seed44/runs/lam1_coherent/coarse/chunks/chunk_00012.npz,642300,,per-chunk raw output
3_numerics/results/7_tau_implicite/data/E36A_regimes_seed44/runs/lam1_coherent/coarse/chunks/chunk_00013.npz,642300,,per-chunk raw output
3_numerics/results/7_tau_implicite/data/E36A_regimes_seed44/runs/lam1_coherent/coarse/chunks/chunk_00014.npz,642300,,per-chunk raw output
3_numerics/results/7_tau_implicite/data/E36A_regimes_seed44/runs/lam1_perturbed/coarse/chunks/chunk_00000.npz,642300,,per-chunk raw output
3_numerics/results/7_tau_implicite/data/E36A_regimes_seed44/runs/lam1_perturbed/coarse/chunks/chunk_00001.npz,642300,,per-chunk raw output
3_numerics/results/7_tau_implicite/data/E36A_regimes_seed44/runs/lam1_perturbed/coarse/chunks/chunk_00002.npz,642300,,per-chunk raw output
3_numerics/results/7_tau_implicite/data/E36A_regimes_seed44/runs/lam1_perturbed/coarse/chunks/chunk_00004.npz,642300,,per-chunk raw output
3_numerics/results/7_tau_implicite/data/E36A_regimes_seed44/runs/lam1_perturbed/coarse/chunks/chunk_00005.npz,642300,,per-chunk raw output
3_numerics/results/7_tau_implicite/data/E36A_regimes_seed44/runs/lam1_perturbed/coarse/chunks/chunk_00006.npz,642300,,per-chunk raw output
3_numerics/results/7_tau_implicite/data/E36A_regimes_seed44/runs/lam1_perturbed/coarse/chunks/chunk_00008.npz,642300,,per-chunk raw output
3_numerics/results/7_tau_implicite/data/E36A_regimes_seed44/runs/lam1_perturbed/coarse/chunks/chunk_00009.npz,642300,,per-chunk raw output
3_numerics/results/7_tau_implicite/data/E36A_regimes_seed44/runs/lam1_perturbed/coarse/chunks/chunk_00010.npz,642300,,per-chunk raw output
3_numerics/results/7_tau_implicite/data/E36A_regimes_seed44/runs/lam1_perturbed/coarse/chunks/chunk_00012.npz,642300,,per-chunk raw output
3_numerics/results/7_tau_implicite/data/E36A_regimes_seed44/runs/lam1_perturbed/coarse/chunks/chunk_00013.npz,642300,,per-chunk raw output
3_numerics/results/7_tau_implicite/data/E36A_regimes_seed44/runs/lam1_perturbed/coarse/chunks/chunk_00014.npz,642300,,per-chunk raw output
3_numerics/results/7_tau_implicite/data/E36A_regimes_seed44/runs/lam2_coherent/coarse/chunks/chunk_00000.npz,642300,,per-chunk raw output
3_numerics/results/7_tau_implicite/data/E36A_regimes_seed44/runs/lam2_coherent/coarse/chunks/chunk_00001.npz,642300,,per-chunk raw output
3_numerics/results/7_tau_implicite/data/E36A_regimes_seed44/runs/lam2_coherent/coarse/chunks/chunk_00002.npz,642300,,per-chunk raw output
3_numerics/results/7_tau_implicite/data/E36A_regimes_seed44/runs/lam2_coherent/coarse/chunks/chunk_00004.npz,642300,,per-chunk raw output
3_numerics/results/7_tau_implicite/data/E36A_regimes_seed44/runs/lam2_coherent/coarse/chunks/chunk_00005.npz,642300,,per-chunk raw output
3_numerics/results/7_tau_implicite/data/E36A_regimes_seed44/runs/lam2_coherent/coarse/chunks/chunk_00006.npz,642300,,per-chunk raw output
3_numerics/results/7_tau_implicite/data/E36A_regimes_seed44/runs/lam2_coherent/coarse/chunks/chunk_00008.npz,642300,,per-chunk raw output
3_numerics/results/7_tau_implicite/data/E36A_regimes_seed44/runs/lam2_coherent/coarse/chunks/chunk_00009.npz,642300,,per-chunk raw output
3_numerics/results/7_tau_implicite/data/E36A_regimes_seed44/runs/lam2_coherent/coarse/chunks/chunk_00010.npz,642300,,per-chunk raw output
3_numerics/results/7_tau_implicite/data/E36A_regimes_seed44/runs/lam2_coherent/coarse/chunks/chunk_00012.npz,642300,,per-chunk raw output
3_numerics/results/7_tau_implicite/data/E36A_regimes_seed44/runs/lam2_coherent/coarse/chunks/chunk_00013.npz,642300,,per-chunk raw output
3_numerics/results/7_tau_implicite/data/E36A_regimes_seed44/runs/lam2_coherent/coarse/chunks/chunk_00014.npz,642300,,per-chunk raw output
3_numerics/results/7_tau_implicite/data/E36A_regimes_seed44/runs/lam2_coherent/fine/chunks/chunk_00000.npz,642300,,per-chunk raw output
3_numerics/results/7_tau_implicite/data/E36A_regimes_seed44/runs/lam2_coherent/fine/chunks/chunk_00001.npz,642300,,per-chunk raw output
3_numerics/results/7_tau_implicite/data/E36A_regimes_seed44/runs/lam2_coherent/fine/chunks/chunk_00002.npz,642300,,per-chunk raw output
3_numerics/results/7_tau_implicite/data/E36A_regimes_seed44/runs/lam2_coherent/fine/chunks/chunk_00004.npz,642300,,per-chunk raw output
3_numerics/results/7_tau_implicite/data/E36A_regimes_seed44/runs/lam2_coherent/fine/chunks/chunk_00005.npz,642300,,per-chunk raw output
3_numerics/results/7_tau_implicite/data/E36A_regimes_seed44/runs/lam2_coherent/fine/chunks/chunk_00006.npz,642300,,per-chunk raw output
3_numerics/results/7_tau_implicite/data/E36A_regimes_seed44/runs/lam2_coherent/fine/chunks/chunk_00008.npz,642300,,per-chunk raw output
3_numerics/results/7_tau_implicite/data/E36A_regimes_seed44/runs/lam2_coherent/fine/chunks/chunk_00009.npz,642300,,per-chunk raw output
3_numerics/results/7_tau_implicite/data/E36A_regimes_seed44/runs/lam2_coherent/fine/chunks/chunk_00010.npz,642300,,per-chunk raw output
3_numerics/results/7_tau_implicite/data/E36A_regimes_seed44/runs/lam2_coherent/fine/chunks/chunk_00012.npz,642300,,per-chunk raw output
3_numerics/results/7_tau_implicite/data/E36A_regimes_seed44/runs/lam2_coherent/fine/chunks/chunk_00013.npz,642300,,per-chunk raw output
3_numerics/results/7_tau_implicite/data/E36A_regimes_seed44/runs/lam2_coherent/fine/chunks/chunk_00014.npz,642300,,per-chunk raw output
3_numerics/results/7_tau_implicite/data/E36A_regimes_seed44/runs/lam2_perturbed/coarse/chunks/chunk_00000.npz,642300,,per-chunk raw output
3_numerics/results/7_tau_implicite/data/E36A_regimes_seed44/runs/lam2_perturbed/coarse/chunks/chunk_00001.npz,642300,,per-chunk raw output
3_numerics/results/7_tau_implicite/data/E36A_regimes_seed44/runs/lam2_perturbed/coarse/chunks/chunk_00002.npz,642300,,per-chunk raw output
3_numerics/results/7_tau_implicite/data/E36A_regimes_seed44/runs/lam2_perturbed/coarse/chunks/chunk_00004.npz,642300,,per-chunk raw output
3_numerics/results/7_tau_implicite/data/E36A_regimes_seed44/runs/lam2_perturbed/coarse/chunks/chunk_00005.npz,642300,,per-chunk raw output
3_numerics/results/7_tau_implicite/data/E36A_regimes_seed44/runs/lam2_perturbed/coarse/chunks/chunk_00006.npz,642300,,per-chunk raw output
3_numerics/results/7_tau_implicite/data/E36A_regimes_seed44/runs/lam2_perturbed/coarse/chunks/chunk_00008.npz,642300,,per-chunk raw output
3_numerics/results/7_tau_implicite/data/E36A_regimes_seed44/runs/lam2_perturbed/coarse/chunks/chunk_00009.npz,642300,,per-chunk raw output
3_numerics/results/7_tau_implicite/data/E36A_regimes_seed44/runs/lam2_perturbed/coarse/chunks/chunk_00010.npz,642300,,per-chunk raw output
3_numerics/results/7_tau_implicite/data/E36A_regimes_seed44/runs/lam2_perturbed/coarse/chunks/chunk_00012.npz,642300,,per-chunk raw output
3_numerics/results/7_tau_implicite/data/E36A_regimes_seed44/runs/lam2_perturbed/coarse/chunks/chunk_00013.npz,642300,,per-chunk raw output
3_numerics/results/7_tau_implicite/data/E36A_regimes_seed44/runs/lam2_perturbed/coarse/chunks/chunk_00014.npz,642300,,per-chunk raw output
3_numerics/results/7_tau_implicite/data/E36A_regimes_seed44/runs/lam2_perturbed/fine/chunks/chunk_00000.npz,642300,,per-chunk raw output
3_numerics/results/7_tau_implicite/data/E36A_regimes_seed44/runs/lam2_perturbed/fine/chunks/chunk_00001.npz,642300,,per-chunk raw output
3_numerics/results/7_tau_implicite/data/E36A_regimes_seed44/runs/lam2_perturbed/fine/chunks/chunk_00002.npz,642300,,per-chunk raw output
3_numerics/results/7_tau_implicite/data/E36A_regimes_seed44/runs/lam2_perturbed/fine/chunks/chunk_00004.npz,642300,,per-chunk raw output
3_numerics/results/7_tau_implicite/data/E36A_regimes_seed44/runs/lam2_perturbed/fine/chunks/chunk_00005.npz,642300,,per-chunk raw output
3_numerics/results/7_tau_implicite/data/E36A_regimes_seed44/runs/lam2_perturbed/fine/chunks/chunk_00006.npz,642300,,per-chunk raw output
3_numerics/results/7_tau_implicite/data/E36A_regimes_seed44/runs/lam2_perturbed/fine/chunks/chunk_00008.npz,642300,,per-chunk raw output
3_numerics/results/7_tau_implicite/data/E36A_regimes_seed44/runs/lam2_perturbed/fine/chunks/chunk_00009.npz,642300,,per-chunk raw output
3_numerics/results/7_tau_implicite/data/E36A_regimes_seed44/runs/lam2_perturbed/fine/chunks/chunk_00010.npz,642300,,per-chunk raw output
3_numerics/results/7_tau_implicite/data/E36A_regimes_seed44/runs/lam2_perturbed/fine/chunks/chunk_00012.npz,642300,,per-chunk raw output
3_numerics/results/7_tau_implicite/data/E36A_regimes_seed44/runs/lam2_perturbed/fine/chunks/chunk_00013.npz,642300,,per-chunk raw output
3_numerics/results/7_tau_implicite/data/E36A_regimes_seed44/runs/lam2_perturbed/fine/chunks/chunk_00014.npz,642300,,per-chunk raw output
3_numerics/results/7_tau_implicite/data/E36A_regimes_seed44/runs/lam4_coherent/coarse/chunks/chunk_00000.npz,642300,,per-chunk raw output
3_numerics/results/7_tau_implicite/data/E36A_regimes_seed44/runs/lam4_coherent/coarse/chunks/chunk_00001.npz,642300,,per-chunk raw output
3_numerics/results/7_tau_implicite/data/E36A_regimes_seed44/runs/lam4_coherent/coarse/chunks/chunk_00002.npz,642300,,per-chunk raw output
3_numerics/results/7_tau_implicite/data/E36A_regimes_seed44/runs/lam4_coherent/coarse/chunks/chunk_00004.npz,642300,,per-chunk raw output
3_numerics/results/7_tau_implicite/data/E36A_regimes_seed44/runs/lam4_coherent/coarse/chunks/chunk_00005.npz,642300,,per-chunk raw output
3_numerics/results/7_tau_implicite/data/E36A_regimes_seed44/runs/lam4_coherent/coarse/chunks/chunk_00006.npz,642300,,per-chunk raw output
3_numerics/results/7_tau_implicite/data/E36A_regimes_seed44/runs/lam4_coherent/coarse/chunks/chunk_00008.npz,642300,,per-chunk raw output
3_numerics/results/7_tau_implicite/data/E36A_regimes_seed44/runs/lam4_coherent/coarse/chunks/chunk_00009.npz,642300,,per-chunk raw output
3_numerics/results/7_tau_implicite/data/E36A_regimes_seed44/runs/lam4_coherent/coarse/chunks/chunk_00010.npz,642300,,per-chunk raw output
3_numerics/results/7_tau_implicite/data/E36A_regimes_seed44/runs/lam4_coherent/coarse/chunks/chunk_00012.npz,642300,,per-chunk raw output
3_numerics/results/7_tau_implicite/data/E36A_regimes_seed44/runs/lam4_coherent/coarse/chunks/chunk_00013.npz,642300,,per-chunk raw output
3_numerics/results/7_tau_implicite/data/E36A_regimes_seed44/runs/lam4_coherent/coarse/chunks/chunk_00014.npz,642300,,per-chunk raw output
3_numerics/results/7_tau_implicite/data/E36A_regimes_seed44/runs/lam4_coherent/fine/chunks/chunk_00000.npz,642300,,per-chunk raw output
3_numerics/results/7_tau_implicite/data/E36A_regimes_seed44/runs/lam4_coherent/fine/chunks/chunk_00001.npz,642300,,per-chunk raw output
3_numerics/results/7_tau_implicite/data/E36A_regimes_seed44/runs/lam4_coherent/fine/chunks/chunk_00002.npz,642300,,per-chunk raw output
3_numerics/results/7_tau_implicite/data/E36A_regimes_seed44/runs/lam4_coherent/fine/chunks/chunk_00004.npz,642300,,per-chunk raw output
3_numerics/results/7_tau_implicite/data/E36A_regimes_seed44/runs/lam4_coherent/fine/chunks/chunk_00005.npz,642300,,per-chunk raw output
3_numerics/results/7_tau_implicite/data/E36A_regimes_seed44/runs/lam4_coherent/fine/chunks/chunk_00006.npz,642300,,per-chunk raw output
3_numerics/results/7_tau_implicite/data/E36A_regimes_seed44/runs/lam4_coherent/fine/chunks/chunk_00008.npz,642300,,per-chunk raw output
3_numerics/results/7_tau_implicite/data/E36A_regimes_seed44/runs/lam4_coherent/fine/chunks/chunk_00009.npz,642300,,per-chunk raw output
3_numerics/results/7_tau_implicite/data/E36A_regimes_seed44/runs/lam4_coherent/fine/chunks/chunk_00010.npz,642300,,per-chunk raw output
3_numerics/results/7_tau_implicite/data/E36A_regimes_seed44/runs/lam4_coherent/fine/chunks/chunk_00012.npz,642300,,per-chunk raw output
3_numerics/results/7_tau_implicite/data/E36A_regimes_seed44/runs/lam4_coherent/fine/chunks/chunk_00013.npz,642300,,per-chunk raw output
3_numerics/results/7_tau_implicite/data/E36A_regimes_seed44/runs/lam4_coherent/fine/chunks/chunk_00014.npz,642300,,per-chunk raw output
3_numerics/results/7_tau_implicite/data/E36A_regimes_seed44/runs/lam4_perturbed/coarse/chunks/chunk_00000.npz,642300,,per-chunk raw output
3_numerics/results/7_tau_implicite/data/E36A_regimes_seed44/runs/lam4_perturbed/coarse/chunks/chunk_00001.npz,642300,,per-chunk raw output
3_numerics/results/7_tau_implicite/data/E36A_regimes_seed44/runs/lam4_perturbed/coarse/chunks/chunk_00002.npz,642300,,per-chunk raw output
3_numerics/results/7_tau_implicite/data/E36A_regimes_seed44/runs/lam4_perturbed/coarse/chunks/chunk_00004.npz,642300,,per-chunk raw output
3_numerics/results/7_tau_implicite/data/E36A_regimes_seed44/runs/lam4_perturbed/coarse/chunks/chunk_00005.npz,642300,,per-chunk raw output
3_numerics/results/7_tau_implicite/data/E36A_regimes_seed44/runs/lam4_perturbed/coarse/chunks/chunk_00006.npz,642300,,per-chunk raw output
3_numerics/results/7_tau_implicite/data/E36A_regimes_seed44/runs/lam4_perturbed/coarse/chunks/chunk_00008.npz,642300,,per-chunk raw output
3_numerics/results/7_tau_implicite/data/E36A_regimes_seed44/runs/lam4_perturbed/coarse/chunks/chunk_00009.npz,642300,,per-chunk raw output
3_numerics/results/7_tau_implicite/data/E36A_regimes_seed44/runs/lam4_perturbed/coarse/chunks/chunk_00010.npz,642300,,per-chunk raw output
3_numerics/results/7_tau_implicite/data/E36A_regimes_seed44/runs/lam4_perturbed/coarse/chunks/chunk_00012.npz,642300,,per-chunk raw output
3_numerics/results/7_tau_implicite/data/E36A_regimes_seed44/runs/lam4_perturbed/coarse/chunks/chunk_00013.npz,642300,,per-chunk raw output
3_numerics/results/7_tau_implicite/data/E36A_regimes_seed44/runs/lam4_perturbed/coarse/chunks/chunk_00014.npz,642300,,per-chunk raw output
3_numerics/results/7_tau_implicite/data/E36A_regimes_seed44/runs/lam4_perturbed/fine/chunks/chunk_00000.npz,642300,,per-chunk raw output
3_numerics/results/7_tau_implicite/data/E36A_regimes_seed44/runs/lam4_perturbed/fine/chunks/chunk_00001.npz,642300,,per-chunk raw output
3_numerics/results/7_tau_implicite/data/E36A_regimes_seed44/runs/lam4_perturbed/fine/chunks/chunk_00002.npz,642300,,per-chunk raw output
3_numerics/results/7_tau_implicite/data/E36A_regimes_seed44/runs/lam4_perturbed/fine/chunks/chunk_00004.npz,642300,,per-chunk raw output
3_numerics/results/7_tau_implicite/data/E36A_regimes_seed44/runs/lam4_perturbed/fine/chunks/chunk_00005.npz,642300,,per-chunk raw output
3_numerics/results/7_tau_implicite/data/E36A_regimes_seed44/runs/lam4_perturbed/fine/chunks/chunk_00006.npz,642300,,per-chunk raw output
3_numerics/results/7_tau_implicite/data/E36A_regimes_seed44/runs/lam4_perturbed/fine/chunks/chunk_00008.npz,642300,,per-chunk raw output
3_numerics/results/7_tau_implicite/data/E36A_regimes_seed44/runs/lam4_perturbed/fine/chunks/chunk_00009.npz,642300,,per-chunk raw output
3_numerics/results/7_tau_implicite/data/E36A_regimes_seed44/runs/lam4_perturbed/fine/chunks/chunk_00010.npz,642300,,per-chunk raw output
3_numerics/results/7_tau_implicite/data/E36A_regimes_seed44/runs/lam4_perturbed/fine/chunks/chunk_00012.npz,642300,,per-chunk raw output
3_numerics/results/7_tau_implicite/data/E36A_regimes_seed44/runs/lam4_perturbed/fine/chunks/chunk_00013.npz,642300,,per-chunk raw output
3_numerics/results/7_tau_implicite/data/E36A_regimes_seed44/runs/lam4_perturbed/fine/chunks/chunk_00014.npz,642300,,per-chunk raw output
3_numerics/results/7_tau_implicite/data/E36A_regimes_seed44/runs/lam8_coherent/coarse/chunks/chunk_00000.npz,642300,,per-chunk raw output
3_numerics/results/7_tau_implicite/data/E36A_regimes_seed44/runs/lam8_coherent/coarse/chunks/chunk_00001.npz,642300,,per-chunk raw output
3_numerics/results/7_tau_implicite/data/E36A_regimes_seed44/runs/lam8_coherent/coarse/chunks/chunk_00002.npz,642300,,per-chunk raw output
3_numerics/results/7_tau_implicite/data/E36A_regimes_seed44/runs/lam8_coherent/coarse/chunks/chunk_00004.npz,642300,,per-chunk raw output
3_numerics/results/7_tau_implicite/data/E36A_regimes_seed44/runs/lam8_coherent/coarse/chunks/chunk_00005.npz,642300,,per-chunk raw output
3_numerics/results/7_tau_implicite/data/E36A_regimes_seed44/runs/lam8_coherent/coarse/chunks/chunk_00006.npz,642300,,per-chunk raw output
3_numerics/results/7_tau_implicite/data/E36A_regimes_seed44/runs/lam8_coherent/coarse/chunks/chunk_00008.npz,642300,,per-chunk raw output
3_numerics/results/7_tau_implicite/data/E36A_regimes_seed44/runs/lam8_coherent/coarse/chunks/chunk_00009.npz,642300,,per-chunk raw output
3_numerics/results/7_tau_implicite/data/E36A_regimes_seed44/runs/lam8_coherent/coarse/chunks/chunk_00010.npz,642300,,per-chunk raw output
3_numerics/results/7_tau_implicite/data/E36A_regimes_seed44/runs/lam8_coherent/coarse/chunks/chunk_00012.npz,642300,,per-chunk raw output
3_numerics/results/7_tau_implicite/data/E36A_regimes_seed44/runs/lam8_coherent/coarse/chunks/chunk_00013.npz,642300,,per-chunk raw output
3_numerics/results/7_tau_implicite/data/E36A_regimes_seed44/runs/lam8_coherent/coarse/chunks/chunk_00014.npz,642300,,per-chunk raw output
3_numerics/results/7_tau_implicite/data/E36A_regimes_seed44/runs/lam8_coherent/fine/chunks/chunk_00000.npz,642300,,per-chunk raw output
3_numerics/results/7_tau_implicite/data/E36A_regimes_seed44/runs/lam8_coherent/fine/chunks/chunk_00001.npz,642300,,per-chunk raw output
3_numerics/results/7_tau_implicite/data/E36A_regimes_seed44/runs/lam8_coherent/fine/chunks/chunk_00002.npz,642300,,per-chunk raw output
3_numerics/results/7_tau_implicite/data/E36A_regimes_seed44/runs/lam8_coherent/fine/chunks/chunk_00004.npz,642300,,per-chunk raw output
3_numerics/results/7_tau_implicite/data/E36A_regimes_seed44/runs/lam8_coherent/fine/chunks/chunk_00005.npz,642300,,per-chunk raw output
3_numerics/results/7_tau_implicite/data/E36A_regimes_seed44/runs/lam8_coherent/fine/chunks/chunk_00006.npz,642300,,per-chunk raw output
3_numerics/results/7_tau_implicite/data/E36A_regimes_seed44/runs/lam8_coherent/fine/chunks/chunk_00008.npz,642300,,per-chunk raw output
3_numerics/results/7_tau_implicite/data/E36A_regimes_seed44/runs/lam8_coherent/fine/chunks/chunk_00009.npz,642300,,per-chunk raw output
3_numerics/results/7_tau_implicite/data/E36A_regimes_seed44/runs/lam8_coherent/fine/chunks/chunk_00010.npz,642300,,per-chunk raw output
3_numerics/results/7_tau_implicite/data/E36A_regimes_seed44/runs/lam8_coherent/fine/chunks/chunk_00012.npz,642300,,per-chunk raw output
3_numerics/results/7_tau_implicite/data/E36A_regimes_seed44/runs/lam8_coherent/fine/chunks/chunk_00013.npz,642300,,per-chunk raw output
3_numerics/results/7_tau_implicite/data/E36A_regimes_seed44/runs/lam8_coherent/fine/chunks/chunk_00014.npz,642300,,per-chunk raw output
3_numerics/results/7_tau_implicite/data/E36A_regimes_seed44/runs/lam8_perturbed/coarse/chunks/chunk_00000.npz,642300,,per-chunk raw output
3_numerics/results/7_tau_implicite/data/E36A_regimes_seed44/runs/lam8_perturbed/coarse/chunks/chunk_00001.npz,642300,,per-chunk raw output
3_numerics/results/7_tau_implicite/data/E36A_regimes_seed44/runs/lam8_perturbed/coarse/chunks/chunk_00002.npz,642300,,per-chunk raw output
3_numerics/results/7_tau_implicite/data/E36A_regimes_seed44/runs/lam8_perturbed/coarse/chunks/chunk_00004.npz,642300,,per-chunk raw output
3_numerics/results/7_tau_implicite/data/E36A_regimes_seed44/runs/lam8_perturbed/coarse/chunks/chunk_00005.npz,642300,,per-chunk raw output
3_numerics/results/7_tau_implicite/data/E36A_regimes_seed44/runs/lam8_perturbed/coarse/chunks/chunk_00006.npz,642300,,per-chunk raw output
3_numerics/results/7_tau_implicite/data/E36A_regimes_seed44/runs/lam8_perturbed/coarse/chunks/chunk_00008.npz,642300,,per-chunk raw output
3_numerics/results/7_tau_implicite/data/E36A_regimes_seed44/runs/lam8_perturbed/coarse/chunks/chunk_00009.npz,642300,,per-chunk raw output
3_numerics/results/7_tau_implicite/data/E36A_regimes_seed44/runs/lam8_perturbed/coarse/chunks/chunk_00010.npz,642300,,per-chunk raw output
3_numerics/results/7_tau_implicite/data/E36A_regimes_seed44/runs/lam8_perturbed/coarse/chunks/chunk_00012.npz,642300,,per-chunk raw output
3_numerics/results/7_tau_implicite/data/E36A_regimes_seed44/runs/lam8_perturbed/coarse/chunks/chunk_00013.npz,642300,,per-chunk raw output
3_numerics/results/7_tau_implicite/data/E36A_regimes_seed44/runs/lam8_perturbed/coarse/chunks/chunk_00014.npz,642300,,per-chunk raw output
3_numerics/results/7_tau_implicite/data/E36A_regimes_seed44/runs/lam8_perturbed/fine/chunks/chunk_00000.npz,642300,,per-chunk raw output
3_numerics/results/7_tau_implicite/data/E36A_regimes_seed44/runs/lam8_perturbed/fine/chunks/chunk_00001.npz,642300,,per-chunk raw output
3_numerics/results/7_tau_implicite/data/E36A_regimes_seed44/runs/lam8_perturbed/fine/chunks/chunk_00002.npz,642300,,per-chunk raw output
3_numerics/results/7_tau_implicite/data/E36A_regimes_seed44/runs/lam8_perturbed/fine/chunks/chunk_00004.npz,642300,,per-chunk raw output
3_numerics/results/7_tau_implicite/data/E36A_regimes_seed44/runs/lam8_perturbed/fine/chunks/chunk_00005.npz,642300,,per-chunk raw output
3_numerics/results/7_tau_implicite/data/E36A_regimes_seed44/runs/lam8_perturbed/fine/chunks/chunk_00006.npz,642300,,per-chunk raw output
3_numerics/results/7_tau_implicite/data/E36A_regimes_seed44/runs/lam8_perturbed/fine/chunks/chunk_00008.npz,642300,,per-chunk raw output
3_numerics/results/7_tau_implicite/data/E36A_regimes_seed44/runs/lam8_perturbed/fine/chunks/chunk_00009.npz,642300,,per-chunk raw output
3_numerics/results/7_tau_implicite/data/E36A_regimes_seed44/runs/lam8_perturbed/fine/chunks/chunk_00010.npz,642300,,per-chunk raw output
3_numerics/results/7_tau_implicite/data/E36A_regimes_seed44/runs/lam8_perturbed/fine/chunks/chunk_00012.npz,642300,,per-chunk raw output
3_numerics/results/7_tau_implicite/data/E36A_regimes_seed44/runs/lam8_perturbed/fine/chunks/chunk_00013.npz,642300,,per-chunk raw output
3_numerics/results/7_tau_implicite/data/E36A_regimes_seed44/runs/lam8_perturbed/fine/chunks/chunk_00014.npz,642300,,per-chunk raw output
3_numerics/results/7_tau_implicite/data/E36A_regimes_seed45/runs/lam0_coherent/coarse/chunks/chunk_00000.npz,642300,,per-chunk raw output
3_numerics/results/7_tau_implicite/data/E36A_regimes_seed45/runs/lam0_coherent/coarse/chunks/chunk_00001.npz,642300,,per-chunk raw output
3_numerics/results/7_tau_implicite/data/E36A_regimes_seed45/runs/lam0_coherent/coarse/chunks/chunk_00002.npz,642300,,per-chunk raw output
3_numerics/results/7_tau_implicite/data/E36A_regimes_seed45/runs/lam0_coherent/coarse/chunks/chunk_00004.npz,642300,,per-chunk raw output
3_numerics/results/7_tau_implicite/data/E36A_regimes_seed45/runs/lam0_coherent/coarse/chunks/chunk_00005.npz,642300,,per-chunk raw output
3_numerics/results/7_tau_implicite/data/E36A_regimes_seed45/runs/lam0_coherent/coarse/chunks/chunk_00006.npz,642300,,per-chunk raw output
3_numerics/results/7_tau_implicite/data/E36A_regimes_seed45/runs/lam0_coherent/coarse/chunks/chunk_00008.npz,642300,,per-chunk raw output
3_numerics/results/7_tau_implicite/data/E36A_regimes_seed45/runs/lam0_coherent/coarse/chunks/chunk_00009.npz,642300,,per-chunk raw output
3_numerics/results/7_tau_implicite/data/E36A_regimes_seed45/runs/lam0_coherent/coarse/chunks/chunk_00010.npz,642300,,per-chunk raw output
3_numerics/results/7_tau_implicite/data/E36A_regimes_seed45/runs/lam0_coherent/coarse/chunks/chunk_00012.npz,642300,,per-chunk raw output
3_numerics/results/7_tau_implicite/data/E36A_regimes_seed45/runs/lam0_coherent/coarse/chunks/chunk_00013.npz,642300,,per-chunk raw output
3_numerics/results/7_tau_implicite/data/E36A_regimes_seed45/runs/lam0_coherent/coarse/chunks/chunk_00014.npz,642300,,per-chunk raw output
3_numerics/results/7_tau_implicite/data/E36A_regimes_seed45/runs/lam0_perturbed/coarse/chunks/chunk_00000.npz,642300,,per-chunk raw output
3_numerics/results/7_tau_implicite/data/E36A_regimes_seed45/runs/lam0_perturbed/coarse/chunks/chunk_00001.npz,642300,,per-chunk raw output
3_numerics/results/7_tau_implicite/data/E36A_regimes_seed45/runs/lam0_perturbed/coarse/chunks/chunk_00002.npz,642300,,per-chunk raw output
3_numerics/results/7_tau_implicite/data/E36A_regimes_seed45/runs/lam0_perturbed/coarse/chunks/chunk_00004.npz,642300,,per-chunk raw output
3_numerics/results/7_tau_implicite/data/E36A_regimes_seed45/runs/lam0_perturbed/coarse/chunks/chunk_00005.npz,642300,,per-chunk raw output
3_numerics/results/7_tau_implicite/data/E36A_regimes_seed45/runs/lam0_perturbed/coarse/chunks/chunk_00006.npz,642300,,per-chunk raw output
3_numerics/results/7_tau_implicite/data/E36A_regimes_seed45/runs/lam0_perturbed/coarse/chunks/chunk_00008.npz,642300,,per-chunk raw output
3_numerics/results/7_tau_implicite/data/E36A_regimes_seed45/runs/lam0_perturbed/coarse/chunks/chunk_00009.npz,642300,,per-chunk raw output
3_numerics/results/7_tau_implicite/data/E36A_regimes_seed45/runs/lam0_perturbed/coarse/chunks/chunk_00010.npz,642300,,per-chunk raw output
3_numerics/results/7_tau_implicite/data/E36A_regimes_seed45/runs/lam0_perturbed/coarse/chunks/chunk_00012.npz,642300,,per-chunk raw output
3_numerics/results/7_tau_implicite/data/E36A_regimes_seed45/runs/lam0_perturbed/coarse/chunks/chunk_00013.npz,642300,,per-chunk raw output
3_numerics/results/7_tau_implicite/data/E36A_regimes_seed45/runs/lam0_perturbed/coarse/chunks/chunk_00014.npz,642300,,per-chunk raw output
3_numerics/results/7_tau_implicite/data/E36A_regimes_seed45/runs/lam0p125_coherent/coarse/chunks/chunk_00000.npz,642300,,per-chunk raw output
3_numerics/results/7_tau_implicite/data/E36A_regimes_seed45/runs/lam0p125_coherent/coarse/chunks/chunk_00001.npz,642300,,per-chunk raw output
3_numerics/results/7_tau_implicite/data/E36A_regimes_seed45/runs/lam0p125_coherent/coarse/chunks/chunk_00002.npz,642300,,per-chunk raw output
3_numerics/results/7_tau_implicite/data/E36A_regimes_seed45/runs/lam0p125_coherent/coarse/chunks/chunk_00004.npz,642300,,per-chunk raw output
3_numerics/results/7_tau_implicite/data/E36A_regimes_seed45/runs/lam0p125_coherent/coarse/chunks/chunk_00005.npz,642300,,per-chunk raw output
3_numerics/results/7_tau_implicite/data/E36A_regimes_seed45/runs/lam0p125_coherent/coarse/chunks/chunk_00006.npz,642300,,per-chunk raw output
3_numerics/results/7_tau_implicite/data/E36A_regimes_seed45/runs/lam0p125_coherent/coarse/chunks/chunk_00008.npz,642300,,per-chunk raw output
3_numerics/results/7_tau_implicite/data/E36A_regimes_seed45/runs/lam0p125_coherent/coarse/chunks/chunk_00009.npz,642300,,per-chunk raw output
3_numerics/results/7_tau_implicite/data/E36A_regimes_seed45/runs/lam0p125_coherent/coarse/chunks/chunk_00010.npz,642300,,per-chunk raw output
3_numerics/results/7_tau_implicite/data/E36A_regimes_seed45/runs/lam0p125_coherent/coarse/chunks/chunk_00012.npz,642300,,per-chunk raw output
3_numerics/results/7_tau_implicite/data/E36A_regimes_seed45/runs/lam0p125_coherent/coarse/chunks/chunk_00013.npz,642300,,per-chunk raw output
3_numerics/results/7_tau_implicite/data/E36A_regimes_seed45/runs/lam0p125_coherent/coarse/chunks/chunk_00014.npz,642300,,per-chunk raw output
3_numerics/results/7_tau_implicite/data/E36A_regimes_seed45/runs/lam0p125_perturbed/coarse/chunks/chunk_00000.npz,642300,,per-chunk raw output
3_numerics/results/7_tau_implicite/data/E36A_regimes_seed45/runs/lam0p125_perturbed/coarse/chunks/chunk_00001.npz,642300,,per-chunk raw output
3_numerics/results/7_tau_implicite/data/E36A_regimes_seed45/runs/lam0p125_perturbed/coarse/chunks/chunk_00002.npz,642300,,per-chunk raw output
3_numerics/results/7_tau_implicite/data/E36A_regimes_seed45/runs/lam0p125_perturbed/coarse/chunks/chunk_00004.npz,642300,,per-chunk raw output
3_numerics/results/7_tau_implicite/data/E36A_regimes_seed45/runs/lam0p125_perturbed/coarse/chunks/chunk_00005.npz,642300,,per-chunk raw output
3_numerics/results/7_tau_implicite/data/E36A_regimes_seed45/runs/lam0p125_perturbed/coarse/chunks/chunk_00006.npz,642300,,per-chunk raw output
3_numerics/results/7_tau_implicite/data/E36A_regimes_seed45/runs/lam0p125_perturbed/coarse/chunks/chunk_00008.npz,642300,,per-chunk raw output
3_numerics/results/7_tau_implicite/data/E36A_regimes_seed45/runs/lam0p125_perturbed/coarse/chunks/chunk_00009.npz,642300,,per-chunk raw output
3_numerics/results/7_tau_implicite/data/E36A_regimes_seed45/runs/lam0p125_perturbed/coarse/chunks/chunk_00010.npz,642300,,per-chunk raw output
3_numerics/results/7_tau_implicite/data/E36A_regimes_seed45/runs/lam0p125_perturbed/coarse/chunks/chunk_00012.npz,642300,,per-chunk raw output
3_numerics/results/7_tau_implicite/data/E36A_regimes_seed45/runs/lam0p125_perturbed/coarse/chunks/chunk_00013.npz,642300,,per-chunk raw output
3_numerics/results/7_tau_implicite/data/E36A_regimes_seed45/runs/lam0p125_perturbed/coarse/chunks/chunk_00014.npz,642300,,per-chunk raw output
3_numerics/results/7_tau_implicite/data/E36A_regimes_seed45/runs/lam0p25_coherent/coarse/chunks/chunk_00000.npz,642300,,per-chunk raw output
3_numerics/results/7_tau_implicite/data/E36A_regimes_seed45/runs/lam0p25_coherent/coarse/chunks/chunk_00001.npz,642300,,per-chunk raw output
3_numerics/results/7_tau_implicite/data/E36A_regimes_seed45/runs/lam0p25_coherent/coarse/chunks/chunk_00002.npz,642300,,per-chunk raw output
3_numerics/results/7_tau_implicite/data/E36A_regimes_seed45/runs/lam0p25_coherent/coarse/chunks/chunk_00004.npz,642300,,per-chunk raw output
3_numerics/results/7_tau_implicite/data/E36A_regimes_seed45/runs/lam0p25_coherent/coarse/chunks/chunk_00005.npz,642300,,per-chunk raw output
3_numerics/results/7_tau_implicite/data/E36A_regimes_seed45/runs/lam0p25_coherent/coarse/chunks/chunk_00006.npz,642300,,per-chunk raw output
3_numerics/results/7_tau_implicite/data/E36A_regimes_seed45/runs/lam0p25_coherent/coarse/chunks/chunk_00008.npz,642300,,per-chunk raw output
3_numerics/results/7_tau_implicite/data/E36A_regimes_seed45/runs/lam0p25_coherent/coarse/chunks/chunk_00009.npz,642300,,per-chunk raw output
3_numerics/results/7_tau_implicite/data/E36A_regimes_seed45/runs/lam0p25_coherent/coarse/chunks/chunk_00010.npz,642300,,per-chunk raw output
3_numerics/results/7_tau_implicite/data/E36A_regimes_seed45/runs/lam0p25_coherent/coarse/chunks/chunk_00012.npz,642300,,per-chunk raw output
3_numerics/results/7_tau_implicite/data/E36A_regimes_seed45/runs/lam0p25_coherent/coarse/chunks/chunk_00013.npz,642300,,per-chunk raw output
3_numerics/results/7_tau_implicite/data/E36A_regimes_seed45/runs/lam0p25_coherent/coarse/chunks/chunk_00014.npz,642300,,per-chunk raw output
3_numerics/results/7_tau_implicite/data/E36A_regimes_seed45/runs/lam0p25_perturbed/coarse/chunks/chunk_00000.npz,642300,,per-chunk raw output
3_numerics/results/7_tau_implicite/data/E36A_regimes_seed45/runs/lam0p25_perturbed/coarse/chunks/chunk_00001.npz,642300,,per-chunk raw output
3_numerics/results/7_tau_implicite/data/E36A_regimes_seed45/runs/lam0p25_perturbed/coarse/chunks/chunk_00002.npz,642300,,per-chunk raw output
3_numerics/results/7_tau_implicite/data/E36A_regimes_seed45/runs/lam0p25_perturbed/coarse/chunks/chunk_00004.npz,642300,,per-chunk raw output
3_numerics/results/7_tau_implicite/data/E36A_regimes_seed45/runs/lam0p25_perturbed/coarse/chunks/chunk_00005.npz,642300,,per-chunk raw output
3_numerics/results/7_tau_implicite/data/E36A_regimes_seed45/runs/lam0p25_perturbed/coarse/chunks/chunk_00006.npz,642300,,per-chunk raw output
3_numerics/results/7_tau_implicite/data/E36A_regimes_seed45/runs/lam0p25_perturbed/coarse/chunks/chunk_00008.npz,642300,,per-chunk raw output
3_numerics/results/7_tau_implicite/data/E36A_regimes_seed45/runs/lam0p25_perturbed/coarse/chunks/chunk_00009.npz,642300,,per-chunk raw output
3_numerics/results/7_tau_implicite/data/E36A_regimes_seed45/runs/lam0p25_perturbed/coarse/chunks/chunk_00010.npz,642300,,per-chunk raw output
3_numerics/results/7_tau_implicite/data/E36A_regimes_seed45/runs/lam0p25_perturbed/coarse/chunks/chunk_00012.npz,642300,,per-chunk raw output
3_numerics/results/7_tau_implicite/data/E36A_regimes_seed45/runs/lam0p25_perturbed/coarse/chunks/chunk_00013.npz,642300,,per-chunk raw output
3_numerics/results/7_tau_implicite/data/E36A_regimes_seed45/runs/lam0p25_perturbed/coarse/chunks/chunk_00014.npz,642300,,per-chunk raw output
3_numerics/results/7_tau_implicite/data/E36A_regimes_seed45/runs/lam0p5_coherent/coarse/chunks/chunk_00000.npz,642300,,per-chunk raw output
3_numerics/results/7_tau_implicite/data/E36A_regimes_seed45/runs/lam0p5_coherent/coarse/chunks/chunk_00001.npz,642300,,per-chunk raw output
3_numerics/results/7_tau_implicite/data/E36A_regimes_seed45/runs/lam0p5_coherent/coarse/chunks/chunk_00002.npz,642300,,per-chunk raw output
3_numerics/results/7_tau_implicite/data/E36A_regimes_seed45/runs/lam0p5_coherent/coarse/chunks/chunk_00004.npz,642300,,per-chunk raw output
3_numerics/results/7_tau_implicite/data/E36A_regimes_seed45/runs/lam0p5_coherent/coarse/chunks/chunk_00005.npz,642300,,per-chunk raw output
3_numerics/results/7_tau_implicite/data/E36A_regimes_seed45/runs/lam0p5_coherent/coarse/chunks/chunk_00006.npz,642300,,per-chunk raw output
3_numerics/results/7_tau_implicite/data/E36A_regimes_seed45/runs/lam0p5_coherent/coarse/chunks/chunk_00008.npz,642300,,per-chunk raw output
3_numerics/results/7_tau_implicite/data/E36A_regimes_seed45/runs/lam0p5_coherent/coarse/chunks/chunk_00009.npz,642300,,per-chunk raw output
3_numerics/results/7_tau_implicite/data/E36A_regimes_seed45/runs/lam0p5_coherent/coarse/chunks/chunk_00010.npz,642300,,per-chunk raw output
3_numerics/results/7_tau_implicite/data/E36A_regimes_seed45/runs/lam0p5_coherent/coarse/chunks/chunk_00012.npz,642300,,per-chunk raw output
3_numerics/results/7_tau_implicite/data/E36A_regimes_seed45/runs/lam0p5_coherent/coarse/chunks/chunk_00013.npz,642300,,per-chunk raw output
3_numerics/results/7_tau_implicite/data/E36A_regimes_seed45/runs/lam0p5_coherent/coarse/chunks/chunk_00014.npz,642300,,per-chunk raw output
3_numerics/results/7_tau_implicite/data/E36A_regimes_seed45/runs/lam0p5_perturbed/coarse/chunks/chunk_00000.npz,642300,,per-chunk raw output
3_numerics/results/7_tau_implicite/data/E36A_regimes_seed45/runs/lam0p5_perturbed/coarse/chunks/chunk_00001.npz,642300,,per-chunk raw output
3_numerics/results/7_tau_implicite/data/E36A_regimes_seed45/runs/lam0p5_perturbed/coarse/chunks/chunk_00002.npz,642300,,per-chunk raw output
3_numerics/results/7_tau_implicite/data/E36A_regimes_seed45/runs/lam0p5_perturbed/coarse/chunks/chunk_00004.npz,642300,,per-chunk raw output
3_numerics/results/7_tau_implicite/data/E36A_regimes_seed45/runs/lam0p5_perturbed/coarse/chunks/chunk_00005.npz,642300,,per-chunk raw output
3_numerics/results/7_tau_implicite/data/E36A_regimes_seed45/runs/lam0p5_perturbed/coarse/chunks/chunk_00006.npz,642300,,per-chunk raw output
3_numerics/results/7_tau_implicite/data/E36A_regimes_seed45/runs/lam0p5_perturbed/coarse/chunks/chunk_00008.npz,642300,,per-chunk raw output
3_numerics/results/7_tau_implicite/data/E36A_regimes_seed45/runs/lam0p5_perturbed/coarse/chunks/chunk_00009.npz,642300,,per-chunk raw output
3_numerics/results/7_tau_implicite/data/E36A_regimes_seed45/runs/lam0p5_perturbed/coarse/chunks/chunk_00010.npz,642300,,per-chunk raw output
3_numerics/results/7_tau_implicite/data/E36A_regimes_seed45/runs/lam0p5_perturbed/coarse/chunks/chunk_00012.npz,642300,,per-chunk raw output
3_numerics/results/7_tau_implicite/data/E36A_regimes_seed45/runs/lam0p5_perturbed/coarse/chunks/chunk_00013.npz,642300,,per-chunk raw output
3_numerics/results/7_tau_implicite/data/E36A_regimes_seed45/runs/lam0p5_perturbed/coarse/chunks/chunk_00014.npz,642300,,per-chunk raw output
3_numerics/results/7_tau_implicite/data/E36A_regimes_seed45/runs/lam1_coherent/coarse/chunks/chunk_00000.npz,642300,,per-chunk raw output
3_numerics/results/7_tau_implicite/data/E36A_regimes_seed45/runs/lam1_coherent/coarse/chunks/chunk_00001.npz,642300,,per-chunk raw output
3_numerics/results/7_tau_implicite/data/E36A_regimes_seed45/runs/lam1_coherent/coarse/chunks/chunk_00002.npz,642300,,per-chunk raw output
3_numerics/results/7_tau_implicite/data/E36A_regimes_seed45/runs/lam1_coherent/coarse/chunks/chunk_00004.npz,642300,,per-chunk raw output
3_numerics/results/7_tau_implicite/data/E36A_regimes_seed45/runs/lam1_coherent/coarse/chunks/chunk_00005.npz,642300,,per-chunk raw output
3_numerics/results/7_tau_implicite/data/E36A_regimes_seed45/runs/lam1_coherent/coarse/chunks/chunk_00006.npz,642300,,per-chunk raw output
3_numerics/results/7_tau_implicite/data/E36A_regimes_seed45/runs/lam1_coherent/coarse/chunks/chunk_00008.npz,642300,,per-chunk raw output
3_numerics/results/7_tau_implicite/data/E36A_regimes_seed45/runs/lam1_coherent/coarse/chunks/chunk_00009.npz,642300,,per-chunk raw output
3_numerics/results/7_tau_implicite/data/E36A_regimes_seed45/runs/lam1_coherent/coarse/chunks/chunk_00010.npz,642300,,per-chunk raw output
3_numerics/results/7_tau_implicite/data/E36A_regimes_seed45/runs/lam1_coherent/coarse/chunks/chunk_00012.npz,642300,,per-chunk raw output
3_numerics/results/7_tau_implicite/data/E36A_regimes_seed45/runs/lam1_coherent/coarse/chunks/chunk_00013.npz,642300,,per-chunk raw output
3_numerics/results/7_tau_implicite/data/E36A_regimes_seed45/runs/lam1_coherent/coarse/chunks/chunk_00014.npz,642300,,per-chunk raw output
3_numerics/results/7_tau_implicite/data/E36A_regimes_seed45/runs/lam1_perturbed/coarse/chunks/chunk_00000.npz,642300,,per-chunk raw output
3_numerics/results/7_tau_implicite/data/E36A_regimes_seed45/runs/lam1_perturbed/coarse/chunks/chunk_00001.npz,642300,,per-chunk raw output
3_numerics/results/7_tau_implicite/data/E36A_regimes_seed45/runs/lam1_perturbed/coarse/chunks/chunk_00002.npz,642300,,per-chunk raw output
3_numerics/results/7_tau_implicite/data/E36A_regimes_seed45/runs/lam1_perturbed/coarse/chunks/chunk_00004.npz,642300,,per-chunk raw output
3_numerics/results/7_tau_implicite/data/E36A_regimes_seed45/runs/lam1_perturbed/coarse/chunks/chunk_00005.npz,642300,,per-chunk raw output
3_numerics/results/7_tau_implicite/data/E36A_regimes_seed45/runs/lam1_perturbed/coarse/chunks/chunk_00006.npz,642300,,per-chunk raw output
3_numerics/results/7_tau_implicite/data/E36A_regimes_seed45/runs/lam1_perturbed/coarse/chunks/chunk_00008.npz,642300,,per-chunk raw output
3_numerics/results/7_tau_implicite/data/E36A_regimes_seed45/runs/lam1_perturbed/coarse/chunks/chunk_00009.npz,642300,,per-chunk raw output
3_numerics/results/7_tau_implicite/data/E36A_regimes_seed45/runs/lam1_perturbed/coarse/chunks/chunk_00010.npz,642300,,per-chunk raw output
3_numerics/results/7_tau_implicite/data/E36A_regimes_seed45/runs/lam1_perturbed/coarse/chunks/chunk_00012.npz,642300,,per-chunk raw output
3_numerics/results/7_tau_implicite/data/E36A_regimes_seed45/runs/lam1_perturbed/coarse/chunks/chunk_00013.npz,642300,,per-chunk raw output
3_numerics/results/7_tau_implicite/data/E36A_regimes_seed45/runs/lam1_perturbed/coarse/chunks/chunk_00014.npz,642300,,per-chunk raw output
3_numerics/results/7_tau_implicite/data/E36A_regimes_seed45/runs/lam2_coherent/coarse/chunks/chunk_00000.npz,642300,,per-chunk raw output
3_numerics/results/7_tau_implicite/data/E36A_regimes_seed45/runs/lam2_coherent/coarse/chunks/chunk_00001.npz,642300,,per-chunk raw output
3_numerics/results/7_tau_implicite/data/E36A_regimes_seed45/runs/lam2_coherent/coarse/chunks/chunk_00002.npz,642300,,per-chunk raw output
3_numerics/results/7_tau_implicite/data/E36A_regimes_seed45/runs/lam2_coherent/coarse/chunks/chunk_00004.npz,642300,,per-chunk raw output
3_numerics/results/7_tau_implicite/data/E36A_regimes_seed45/runs/lam2_coherent/coarse/chunks/chunk_00005.npz,642300,,per-chunk raw output
3_numerics/results/7_tau_implicite/data/E36A_regimes_seed45/runs/lam2_coherent/coarse/chunks/chunk_00006.npz,642300,,per-chunk raw output
3_numerics/results/7_tau_implicite/data/E36A_regimes_seed45/runs/lam2_coherent/coarse/chunks/chunk_00008.npz,642300,,per-chunk raw output
3_numerics/results/7_tau_implicite/data/E36A_regimes_seed45/runs/lam2_coherent/coarse/chunks/chunk_00009.npz,642300,,per-chunk raw output
3_numerics/results/7_tau_implicite/data/E36A_regimes_seed45/runs/lam2_coherent/coarse/chunks/chunk_00010.npz,642300,,per-chunk raw output
3_numerics/results/7_tau_implicite/data/E36A_regimes_seed45/runs/lam2_coherent/coarse/chunks/chunk_00012.npz,642300,,per-chunk raw output
3_numerics/results/7_tau_implicite/data/E36A_regimes_seed45/runs/lam2_coherent/coarse/chunks/chunk_00013.npz,642300,,per-chunk raw output
3_numerics/results/7_tau_implicite/data/E36A_regimes_seed45/runs/lam2_coherent/coarse/chunks/chunk_00014.npz,642300,,per-chunk raw output
3_numerics/results/7_tau_implicite/data/E36A_regimes_seed45/runs/lam2_coherent/fine/chunks/chunk_00000.npz,642300,,per-chunk raw output
3_numerics/results/7_tau_implicite/data/E36A_regimes_seed45/runs/lam2_coherent/fine/chunks/chunk_00001.npz,642300,,per-chunk raw output
3_numerics/results/7_tau_implicite/data/E36A_regimes_seed45/runs/lam2_coherent/fine/chunks/chunk_00002.npz,642300,,per-chunk raw output
3_numerics/results/7_tau_implicite/data/E36A_regimes_seed45/runs/lam2_coherent/fine/chunks/chunk_00004.npz,642300,,per-chunk raw output
3_numerics/results/7_tau_implicite/data/E36A_regimes_seed45/runs/lam2_coherent/fine/chunks/chunk_00005.npz,642300,,per-chunk raw output
3_numerics/results/7_tau_implicite/data/E36A_regimes_seed45/runs/lam2_coherent/fine/chunks/chunk_00006.npz,642300,,per-chunk raw output
3_numerics/results/7_tau_implicite/data/E36A_regimes_seed45/runs/lam2_coherent/fine/chunks/chunk_00008.npz,642300,,per-chunk raw output
3_numerics/results/7_tau_implicite/data/E36A_regimes_seed45/runs/lam2_coherent/fine/chunks/chunk_00009.npz,642300,,per-chunk raw output
3_numerics/results/7_tau_implicite/data/E36A_regimes_seed45/runs/lam2_coherent/fine/chunks/chunk_00010.npz,642300,,per-chunk raw output
3_numerics/results/7_tau_implicite/data/E36A_regimes_seed45/runs/lam2_coherent/fine/chunks/chunk_00012.npz,642300,,per-chunk raw output
3_numerics/results/7_tau_implicite/data/E36A_regimes_seed45/runs/lam2_coherent/fine/chunks/chunk_00013.npz,642300,,per-chunk raw output
3_numerics/results/7_tau_implicite/data/E36A_regimes_seed45/runs/lam2_coherent/fine/chunks/chunk_00014.npz,642300,,per-chunk raw output
3_numerics/results/7_tau_implicite/data/E36A_regimes_seed45/runs/lam2_perturbed/coarse/chunks/chunk_00000.npz,642300,,per-chunk raw output
3_numerics/results/7_tau_implicite/data/E36A_regimes_seed45/runs/lam2_perturbed/coarse/chunks/chunk_00001.npz,642300,,per-chunk raw output
3_numerics/results/7_tau_implicite/data/E36A_regimes_seed45/runs/lam2_perturbed/coarse/chunks/chunk_00002.npz,642300,,per-chunk raw output
3_numerics/results/7_tau_implicite/data/E36A_regimes_seed45/runs/lam2_perturbed/coarse/chunks/chunk_00004.npz,642300,,per-chunk raw output
3_numerics/results/7_tau_implicite/data/E36A_regimes_seed45/runs/lam2_perturbed/coarse/chunks/chunk_00005.npz,642300,,per-chunk raw output
3_numerics/results/7_tau_implicite/data/E36A_regimes_seed45/runs/lam2_perturbed/coarse/chunks/chunk_00006.npz,642300,,per-chunk raw output
3_numerics/results/7_tau_implicite/data/E36A_regimes_seed45/runs/lam2_perturbed/coarse/chunks/chunk_00008.npz,642300,,per-chunk raw output
3_numerics/results/7_tau_implicite/data/E36A_regimes_seed45/runs/lam2_perturbed/coarse/chunks/chunk_00009.npz,642300,,per-chunk raw output
3_numerics/results/7_tau_implicite/data/E36A_regimes_seed45/runs/lam2_perturbed/coarse/chunks/chunk_00010.npz,642300,,per-chunk raw output
3_numerics/results/7_tau_implicite/data/E36A_regimes_seed45/runs/lam2_perturbed/coarse/chunks/chunk_00012.npz,642300,,per-chunk raw output
3_numerics/results/7_tau_implicite/data/E36A_regimes_seed45/runs/lam2_perturbed/coarse/chunks/chunk_00013.npz,642300,,per-chunk raw output
3_numerics/results/7_tau_implicite/data/E36A_regimes_seed45/runs/lam2_perturbed/coarse/chunks/chunk_00014.npz,642300,,per-chunk raw output
3_numerics/results/7_tau_implicite/data/E36A_regimes_seed45/runs/lam2_perturbed/fine/chunks/chunk_00000.npz,642300,,per-chunk raw output
3_numerics/results/7_tau_implicite/data/E36A_regimes_seed45/runs/lam2_perturbed/fine/chunks/chunk_00001.npz,642300,,per-chunk raw output
3_numerics/results/7_tau_implicite/data/E36A_regimes_seed45/runs/lam2_perturbed/fine/chunks/chunk_00002.npz,642300,,per-chunk raw output
3_numerics/results/7_tau_implicite/data/E36A_regimes_seed45/runs/lam2_perturbed/fine/chunks/chunk_00004.npz,642300,,per-chunk raw output
3_numerics/results/7_tau_implicite/data/E36A_regimes_seed45/runs/lam2_perturbed/fine/chunks/chunk_00005.npz,642300,,per-chunk raw output
3_numerics/results/7_tau_implicite/data/E36A_regimes_seed45/runs/lam2_perturbed/fine/chunks/chunk_00006.npz,642300,,per-chunk raw output
3_numerics/results/7_tau_implicite/data/E36A_regimes_seed45/runs/lam2_perturbed/fine/chunks/chunk_00008.npz,642300,,per-chunk raw output
3_numerics/results/7_tau_implicite/data/E36A_regimes_seed45/runs/lam2_perturbed/fine/chunks/chunk_00009.npz,642300,,per-chunk raw output
3_numerics/results/7_tau_implicite/data/E36A_regimes_seed45/runs/lam2_perturbed/fine/chunks/chunk_00010.npz,642300,,per-chunk raw output
3_numerics/results/7_tau_implicite/data/E36A_regimes_seed45/runs/lam2_perturbed/fine/chunks/chunk_00012.npz,642300,,per-chunk raw output
3_numerics/results/7_tau_implicite/data/E36A_regimes_seed45/runs/lam2_perturbed/fine/chunks/chunk_00013.npz,642300,,per-chunk raw output
3_numerics/results/7_tau_implicite/data/E36A_regimes_seed45/runs/lam2_perturbed/fine/chunks/chunk_00014.npz,642300,,per-chunk raw output
3_numerics/results/7_tau_implicite/data/E36A_regimes_seed45/runs/lam4_coherent/coarse/chunks/chunk_00000.npz,642300,,per-chunk raw output
3_numerics/results/7_tau_implicite/data/E36A_regimes_seed45/runs/lam4_coherent/coarse/chunks/chunk_00001.npz,642300,,per-chunk raw output
3_numerics/results/7_tau_implicite/data/E36A_regimes_seed45/runs/lam4_coherent/coarse/chunks/chunk_00002.npz,642300,,per-chunk raw output
3_numerics/results/7_tau_implicite/data/E36A_regimes_seed45/runs/lam4_coherent/coarse/chunks/chunk_00004.npz,642300,,per-chunk raw output
3_numerics/results/7_tau_implicite/data/E36A_regimes_seed45/runs/lam4_coherent/coarse/chunks/chunk_00005.npz,642300,,per-chunk raw output
3_numerics/results/7_tau_implicite/data/E36A_regimes_seed45/runs/lam4_coherent/coarse/chunks/chunk_00006.npz,642300,,per-chunk raw output
3_numerics/results/7_tau_implicite/data/E36A_regimes_seed45/runs/lam4_coherent/coarse/chunks/chunk_00008.npz,642300,,per-chunk raw output
3_numerics/results/7_tau_implicite/data/E36A_regimes_seed45/runs/lam4_coherent/coarse/chunks/chunk_00009.npz,642300,,per-chunk raw output
3_numerics/results/7_tau_implicite/data/E36A_regimes_seed45/runs/lam4_coherent/coarse/chunks/chunk_00010.npz,642300,,per-chunk raw output
3_numerics/results/7_tau_implicite/data/E36A_regimes_seed45/runs/lam4_coherent/coarse/chunks/chunk_00012.npz,642300,,per-chunk raw output
3_numerics/results/7_tau_implicite/data/E36A_regimes_seed45/runs/lam4_coherent/coarse/chunks/chunk_00013.npz,642300,,per-chunk raw output
3_numerics/results/7_tau_implicite/data/E36A_regimes_seed45/runs/lam4_coherent/coarse/chunks/chunk_00014.npz,642300,,per-chunk raw output
3_numerics/results/7_tau_implicite/data/E36A_regimes_seed45/runs/lam4_coherent/fine/chunks/chunk_00000.npz,642300,,per-chunk raw output
3_numerics/results/7_tau_implicite/data/E36A_regimes_seed45/runs/lam4_coherent/fine/chunks/chunk_00001.npz,642300,,per-chunk raw output
3_numerics/results/7_tau_implicite/data/E36A_regimes_seed45/runs/lam4_coherent/fine/chunks/chunk_00002.npz,642300,,per-chunk raw output
3_numerics/results/7_tau_implicite/data/E36A_regimes_seed45/runs/lam4_coherent/fine/chunks/chunk_00004.npz,642300,,per-chunk raw output
3_numerics/results/7_tau_implicite/data/E36A_regimes_seed45/runs/lam4_coherent/fine/chunks/chunk_00005.npz,642300,,per-chunk raw output
3_numerics/results/7_tau_implicite/data/E36A_regimes_seed45/runs/lam4_coherent/fine/chunks/chunk_00006.npz,642300,,per-chunk raw output
3_numerics/results/7_tau_implicite/data/E36A_regimes_seed45/runs/lam4_coherent/fine/chunks/chunk_00008.npz,642300,,per-chunk raw output
3_numerics/results/7_tau_implicite/data/E36A_regimes_seed45/runs/lam4_coherent/fine/chunks/chunk_00009.npz,642300,,per-chunk raw output
3_numerics/results/7_tau_implicite/data/E36A_regimes_seed45/runs/lam4_coherent/fine/chunks/chunk_00010.npz,642300,,per-chunk raw output
3_numerics/results/7_tau_implicite/data/E36A_regimes_seed45/runs/lam4_coherent/fine/chunks/chunk_00012.npz,642300,,per-chunk raw output
3_numerics/results/7_tau_implicite/data/E36A_regimes_seed45/runs/lam4_coherent/fine/chunks/chunk_00013.npz,642300,,per-chunk raw output
3_numerics/results/7_tau_implicite/data/E36A_regimes_seed45/runs/lam4_coherent/fine/chunks/chunk_00014.npz,642300,,per-chunk raw output
3_numerics/results/7_tau_implicite/data/E36A_regimes_seed45/runs/lam4_perturbed/coarse/chunks/chunk_00000.npz,642300,,per-chunk raw output
3_numerics/results/7_tau_implicite/data/E36A_regimes_seed45/runs/lam4_perturbed/coarse/chunks/chunk_00001.npz,642300,,per-chunk raw output
3_numerics/results/7_tau_implicite/data/E36A_regimes_seed45/runs/lam4_perturbed/coarse/chunks/chunk_00002.npz,642300,,per-chunk raw output
3_numerics/results/7_tau_implicite/data/E36A_regimes_seed45/runs/lam4_perturbed/coarse/chunks/chunk_00004.npz,642300,,per-chunk raw output
3_numerics/results/7_tau_implicite/data/E36A_regimes_seed45/runs/lam4_perturbed/coarse/chunks/chunk_00005.npz,642300,,per-chunk raw output
3_numerics/results/7_tau_implicite/data/E36A_regimes_seed45/runs/lam4_perturbed/coarse/chunks/chunk_00006.npz,642300,,per-chunk raw output
3_numerics/results/7_tau_implicite/data/E36A_regimes_seed45/runs/lam4_perturbed/coarse/chunks/chunk_00008.npz,642300,,per-chunk raw output
3_numerics/results/7_tau_implicite/data/E36A_regimes_seed45/runs/lam4_perturbed/coarse/chunks/chunk_00009.npz,642300,,per-chunk raw output
3_numerics/results/7_tau_implicite/data/E36A_regimes_seed45/runs/lam4_perturbed/coarse/chunks/chunk_00010.npz,642300,,per-chunk raw output
3_numerics/results/7_tau_implicite/data/E36A_regimes_seed45/runs/lam4_perturbed/coarse/chunks/chunk_00012.npz,642300,,per-chunk raw output
3_numerics/results/7_tau_implicite/data/E36A_regimes_seed45/runs/lam4_perturbed/coarse/chunks/chunk_00013.npz,642300,,per-chunk raw output
3_numerics/results/7_tau_implicite/data/E36A_regimes_seed45/runs/lam4_perturbed/coarse/chunks/chunk_00014.npz,642300,,per-chunk raw output
3_numerics/results/7_tau_implicite/data/E36A_regimes_seed45/runs/lam4_perturbed/fine/chunks/chunk_00000.npz,642300,,per-chunk raw output
3_numerics/results/7_tau_implicite/data/E36A_regimes_seed45/runs/lam4_perturbed/fine/chunks/chunk_00001.npz,642300,,per-chunk raw output
3_numerics/results/7_tau_implicite/data/E36A_regimes_seed45/runs/lam4_perturbed/fine/chunks/chunk_00002.npz,642300,,per-chunk raw output
3_numerics/results/7_tau_implicite/data/E36A_regimes_seed45/runs/lam4_perturbed/fine/chunks/chunk_00004.npz,642300,,per-chunk raw output
3_numerics/results/7_tau_implicite/data/E36A_regimes_seed45/runs/lam4_perturbed/fine/chunks/chunk_00005.npz,642300,,per-chunk raw output
3_numerics/results/7_tau_implicite/data/E36A_regimes_seed45/runs/lam4_perturbed/fine/chunks/chunk_00006.npz,642300,,per-chunk raw output
3_numerics/results/7_tau_implicite/data/E36A_regimes_seed45/runs/lam4_perturbed/fine/chunks/chunk_00008.npz,642300,,per-chunk raw output
3_numerics/results/7_tau_implicite/data/E36A_regimes_seed45/runs/lam4_perturbed/fine/chunks/chunk_00009.npz,642300,,per-chunk raw output
3_numerics/results/7_tau_implicite/data/E36A_regimes_seed45/runs/lam4_perturbed/fine/chunks/chunk_00010.npz,642300,,per-chunk raw output
3_numerics/results/7_tau_implicite/data/E36A_regimes_seed45/runs/lam4_perturbed/fine/chunks/chunk_00012.npz,642300,,per-chunk raw output
3_numerics/results/7_tau_implicite/data/E36A_regimes_seed45/runs/lam4_perturbed/fine/chunks/chunk_00013.npz,642300,,per-chunk raw output
3_numerics/results/7_tau_implicite/data/E36A_regimes_seed45/runs/lam4_perturbed/fine/chunks/chunk_00014.npz,642300,,per-chunk raw output
3_numerics/results/7_tau_implicite/data/E36A_regimes_seed45/runs/lam8_coherent/coarse/chunks/chunk_00000.npz,642300,,per-chunk raw output
3_numerics/results/7_tau_implicite/data/E36A_regimes_seed45/runs/lam8_coherent/coarse/chunks/chunk_00001.npz,642300,,per-chunk raw output
3_numerics/results/7_tau_implicite/data/E36A_regimes_seed45/runs/lam8_coherent/coarse/chunks/chunk_00002.npz,642300,,per-chunk raw output
3_numerics/results/7_tau_implicite/data/E36A_regimes_seed45/runs/lam8_coherent/coarse/chunks/chunk_00004.npz,642300,,per-chunk raw output
3_numerics/results/7_tau_implicite/data/E36A_regimes_seed45/runs/lam8_coherent/coarse/chunks/chunk_00005.npz,642300,,per-chunk raw output
3_numerics/results/7_tau_implicite/data/E36A_regimes_seed45/runs/lam8_coherent/coarse/chunks/chunk_00006.npz,642300,,per-chunk raw output
3_numerics/results/7_tau_implicite/data/E36A_regimes_seed45/runs/lam8_coherent/coarse/chunks/chunk_00008.npz,642300,,per-chunk raw output
3_numerics/results/7_tau_implicite/data/E36A_regimes_seed45/runs/lam8_coherent/coarse/chunks/chunk_00009.npz,642300,,per-chunk raw output
3_numerics/results/7_tau_implicite/data/E36A_regimes_seed45/runs/lam8_coherent/coarse/chunks/chunk_00010.npz,642300,,per-chunk raw output
3_numerics/results/7_tau_implicite/data/E36A_regimes_seed45/runs/lam8_coherent/coarse/chunks/chunk_00012.npz,642300,,per-chunk raw output
3_numerics/results/7_tau_implicite/data/E36A_regimes_seed45/runs/lam8_coherent/coarse/chunks/chunk_00013.npz,642300,,per-chunk raw output
3_numerics/results/7_tau_implicite/data/E36A_regimes_seed45/runs/lam8_coherent/coarse/chunks/chunk_00014.npz,642300,,per-chunk raw output
3_numerics/results/7_tau_implicite/data/E36A_regimes_seed45/runs/lam8_coherent/fine/chunks/chunk_00000.npz,642300,,per-chunk raw output
3_numerics/results/7_tau_implicite/data/E36A_regimes_seed45/runs/lam8_coherent/fine/chunks/chunk_00001.npz,642300,,per-chunk raw output
3_numerics/results/7_tau_implicite/data/E36A_regimes_seed45/runs/lam8_coherent/fine/chunks/chunk_00002.npz,642300,,per-chunk raw output
3_numerics/results/7_tau_implicite/data/E36A_regimes_seed45/runs/lam8_coherent/fine/chunks/chunk_00004.npz,642300,,per-chunk raw output
3_numerics/results/7_tau_implicite/data/E36A_regimes_seed45/runs/lam8_coherent/fine/chunks/chunk_00005.npz,642300,,per-chunk raw output
3_numerics/results/7_tau_implicite/data/E36A_regimes_seed45/runs/lam8_coherent/fine/chunks/chunk_00006.npz,642300,,per-chunk raw output
3_numerics/results/7_tau_implicite/data/E36A_regimes_seed45/runs/lam8_coherent/fine/chunks/chunk_00008.npz,642300,,per-chunk raw output
3_numerics/results/7_tau_implicite/data/E36A_regimes_seed45/runs/lam8_coherent/fine/chunks/chunk_00009.npz,642300,,per-chunk raw output
3_numerics/results/7_tau_implicite/data/E36A_regimes_seed45/runs/lam8_coherent/fine/chunks/chunk_00010.npz,642300,,per-chunk raw output
3_numerics/results/7_tau_implicite/data/E36A_regimes_seed45/runs/lam8_coherent/fine/chunks/chunk_00012.npz,642300,,per-chunk raw output
3_numerics/results/7_tau_implicite/data/E36A_regimes_seed45/runs/lam8_coherent/fine/chunks/chunk_00013.npz,642300,,per-chunk raw output
3_numerics/results/7_tau_implicite/data/E36A_regimes_seed45/runs/lam8_coherent/fine/chunks/chunk_00014.npz,642300,,per-chunk raw output
3_numerics/results/7_tau_implicite/data/E36A_regimes_seed45/runs/lam8_perturbed/coarse/chunks/chunk_00000.npz,642300,,per-chunk raw output
3_numerics/results/7_tau_implicite/data/E36A_regimes_seed45/runs/lam8_perturbed/coarse/chunks/chunk_00001.npz,642300,,per-chunk raw output
3_numerics/results/7_tau_implicite/data/E36A_regimes_seed45/runs/lam8_perturbed/coarse/chunks/chunk_00002.npz,642300,,per-chunk raw output
3_numerics/results/7_tau_implicite/data/E36A_regimes_seed45/runs/lam8_perturbed/coarse/chunks/chunk_00004.npz,642300,,per-chunk raw output
3_numerics/results/7_tau_implicite/data/E36A_regimes_seed45/runs/lam8_perturbed/coarse/chunks/chunk_00005.npz,642300,,per-chunk raw output
3_numerics/results/7_tau_implicite/data/E36A_regimes_seed45/runs/lam8_perturbed/coarse/chunks/chunk_00006.npz,642300,,per-chunk raw output
3_numerics/results/7_tau_implicite/data/E36A_regimes_seed45/runs/lam8_perturbed/coarse/chunks/chunk_00008.npz,642300,,per-chunk raw output
3_numerics/results/7_tau_implicite/data/E36A_regimes_seed45/runs/lam8_perturbed/coarse/chunks/chunk_00009.npz,642300,,per-chunk raw output
3_numerics/results/7_tau_implicite/data/E36A_regimes_seed45/runs/lam8_perturbed/coarse/chunks/chunk_00010.npz,642300,,per-chunk raw output
3_numerics/results/7_tau_implicite/data/E36A_regimes_seed45/runs/lam8_perturbed/coarse/chunks/chunk_00012.npz,642300,,per-chunk raw output
3_numerics/results/7_tau_implicite/data/E36A_regimes_seed45/runs/lam8_perturbed/coarse/chunks/chunk_00013.npz,642300,,per-chunk raw output
3_numerics/results/7_tau_implicite/data/E36A_regimes_seed45/runs/lam8_perturbed/coarse/chunks/chunk_00014.npz,642300,,per-chunk raw output
3_numerics/results/7_tau_implicite/data/E36A_regimes_seed45/runs/lam8_perturbed/fine/chunks/chunk_00000.npz,642300,,per-chunk raw output
3_numerics/results/7_tau_implicite/data/E36A_regimes_seed45/runs/lam8_perturbed/fine/chunks/chunk_00001.npz,642300,,per-chunk raw output
3_numerics/results/7_tau_implicite/data/E36A_regimes_seed45/runs/lam8_perturbed/fine/chunks/chunk_00002.npz,642300,,per-chunk raw output
3_numerics/results/7_tau_implicite/data/E36A_regimes_seed45/runs/lam8_perturbed/fine/chunks/chunk_00004.npz,642300,,per-chunk raw output
3_numerics/results/7_tau_implicite/data/E36A_regimes_seed45/runs/lam8_perturbed/fine/chunks/chunk_00005.npz,642300,,per-chunk raw output
3_numerics/results/7_tau_implicite/data/E36A_regimes_seed45/runs/lam8_perturbed/fine/chunks/chunk_00006.npz,642300,,per-chunk raw output
3_numerics/results/7_tau_implicite/data/E36A_regimes_seed45/runs/lam8_perturbed/fine/chunks/chunk_00008.npz,642300,,per-chunk raw output
3_numerics/results/7_tau_implicite/data/E36A_regimes_seed45/runs/lam8_perturbed/fine/chunks/chunk_00009.npz,642300,,per-chunk raw output
3_numerics/results/7_tau_implicite/data/E36A_regimes_seed45/runs/lam8_perturbed/fine/chunks/chunk_00010.npz,642300,,per-chunk raw output
3_numerics/results/7_tau_implicite/data/E36A_regimes_seed45/runs/lam8_perturbed/fine/chunks/chunk_00012.npz,642300,,per-chunk raw output
3_numerics/results/7_tau_implicite/data/E36A_regimes_seed45/runs/lam8_perturbed/fine/chunks/chunk_00013.npz,642300,,per-chunk raw output
3_numerics/results/7_tau_implicite/data/E36A_regimes_seed45/runs/lam8_perturbed/fine/chunks/chunk_00014.npz,642300,,per-chunk raw output
3_numerics/results/7_tau_implicite/data/E36A_regimes_seed46/runs/lam0_coherent/coarse/chunks/chunk_00000.npz,642300,,per-chunk raw output
3_numerics/results/7_tau_implicite/data/E36A_regimes_seed46/runs/lam0_coherent/coarse/chunks/chunk_00001.npz,642300,,per-chunk raw output
3_numerics/results/7_tau_implicite/data/E36A_regimes_seed46/runs/lam0_coherent/coarse/chunks/chunk_00002.npz,642300,,per-chunk raw output
3_numerics/results/7_tau_implicite/data/E36A_regimes_seed46/runs/lam0_coherent/coarse/chunks/chunk_00004.npz,642300,,per-chunk raw output
3_numerics/results/7_tau_implicite/data/E36A_regimes_seed46/runs/lam0_coherent/coarse/chunks/chunk_00005.npz,642300,,per-chunk raw output
3_numerics/results/7_tau_implicite/data/E36A_regimes_seed46/runs/lam0_coherent/coarse/chunks/chunk_00006.npz,642300,,per-chunk raw output
3_numerics/results/7_tau_implicite/data/E36A_regimes_seed46/runs/lam0_coherent/coarse/chunks/chunk_00008.npz,642300,,per-chunk raw output
3_numerics/results/7_tau_implicite/data/E36A_regimes_seed46/runs/lam0_coherent/coarse/chunks/chunk_00009.npz,642300,,per-chunk raw output
3_numerics/results/7_tau_implicite/data/E36A_regimes_seed46/runs/lam0_coherent/coarse/chunks/chunk_00010.npz,642300,,per-chunk raw output
3_numerics/results/7_tau_implicite/data/E36A_regimes_seed46/runs/lam0_coherent/coarse/chunks/chunk_00012.npz,642300,,per-chunk raw output
3_numerics/results/7_tau_implicite/data/E36A_regimes_seed46/runs/lam0_coherent/coarse/chunks/chunk_00013.npz,642300,,per-chunk raw output
3_numerics/results/7_tau_implicite/data/E36A_regimes_seed46/runs/lam0_coherent/coarse/chunks/chunk_00014.npz,642300,,per-chunk raw output
3_numerics/results/7_tau_implicite/data/E36A_regimes_seed46/runs/lam0_perturbed/coarse/chunks/chunk_00000.npz,642300,,per-chunk raw output
3_numerics/results/7_tau_implicite/data/E36A_regimes_seed46/runs/lam0_perturbed/coarse/chunks/chunk_00001.npz,642300,,per-chunk raw output
3_numerics/results/7_tau_implicite/data/E36A_regimes_seed46/runs/lam0_perturbed/coarse/chunks/chunk_00002.npz,642300,,per-chunk raw output
3_numerics/results/7_tau_implicite/data/E36A_regimes_seed46/runs/lam0_perturbed/coarse/chunks/chunk_00004.npz,642300,,per-chunk raw output
3_numerics/results/7_tau_implicite/data/E36A_regimes_seed46/runs/lam0_perturbed/coarse/chunks/chunk_00005.npz,642300,,per-chunk raw output
3_numerics/results/7_tau_implicite/data/E36A_regimes_seed46/runs/lam0_perturbed/coarse/chunks/chunk_00006.npz,642300,,per-chunk raw output
3_numerics/results/7_tau_implicite/data/E36A_regimes_seed46/runs/lam0_perturbed/coarse/chunks/chunk_00008.npz,642300,,per-chunk raw output
3_numerics/results/7_tau_implicite/data/E36A_regimes_seed46/runs/lam0_perturbed/coarse/chunks/chunk_00009.npz,642300,,per-chunk raw output
3_numerics/results/7_tau_implicite/data/E36A_regimes_seed46/runs/lam0_perturbed/coarse/chunks/chunk_00010.npz,642300,,per-chunk raw output
3_numerics/results/7_tau_implicite/data/E36A_regimes_seed46/runs/lam0_perturbed/coarse/chunks/chunk_00012.npz,642300,,per-chunk raw output
3_numerics/results/7_tau_implicite/data/E36A_regimes_seed46/runs/lam0_perturbed/coarse/chunks/chunk_00013.npz,642300,,per-chunk raw output
3_numerics/results/7_tau_implicite/data/E36A_regimes_seed46/runs/lam0_perturbed/coarse/chunks/chunk_00014.npz,642300,,per-chunk raw output
3_numerics/results/7_tau_implicite/data/E36A_regimes_seed46/runs/lam0p125_coherent/coarse/chunks/chunk_00000.npz,642300,,per-chunk raw output
3_numerics/results/7_tau_implicite/data/E36A_regimes_seed46/runs/lam0p125_coherent/coarse/chunks/chunk_00001.npz,642300,,per-chunk raw output
3_numerics/results/7_tau_implicite/data/E36A_regimes_seed46/runs/lam0p125_coherent/coarse/chunks/chunk_00002.npz,642300,,per-chunk raw output
3_numerics/results/7_tau_implicite/data/E36A_regimes_seed46/runs/lam0p125_coherent/coarse/chunks/chunk_00004.npz,642300,,per-chunk raw output
3_numerics/results/7_tau_implicite/data/E36A_regimes_seed46/runs/lam0p125_coherent/coarse/chunks/chunk_00005.npz,642300,,per-chunk raw output
3_numerics/results/7_tau_implicite/data/E36A_regimes_seed46/runs/lam0p125_coherent/coarse/chunks/chunk_00006.npz,642300,,per-chunk raw output
3_numerics/results/7_tau_implicite/data/E36A_regimes_seed46/runs/lam0p125_coherent/coarse/chunks/chunk_00008.npz,642300,,per-chunk raw output
3_numerics/results/7_tau_implicite/data/E36A_regimes_seed46/runs/lam0p125_coherent/coarse/chunks/chunk_00009.npz,642300,,per-chunk raw output
3_numerics/results/7_tau_implicite/data/E36A_regimes_seed46/runs/lam0p125_coherent/coarse/chunks/chunk_00010.npz,642300,,per-chunk raw output
3_numerics/results/7_tau_implicite/data/E36A_regimes_seed46/runs/lam0p125_coherent/coarse/chunks/chunk_00012.npz,642300,,per-chunk raw output
3_numerics/results/7_tau_implicite/data/E36A_regimes_seed46/runs/lam0p125_coherent/coarse/chunks/chunk_00013.npz,642300,,per-chunk raw output
3_numerics/results/7_tau_implicite/data/E36A_regimes_seed46/runs/lam0p125_coherent/coarse/chunks/chunk_00014.npz,642300,,per-chunk raw output
3_numerics/results/7_tau_implicite/data/E36A_regimes_seed46/runs/lam0p125_perturbed/coarse/chunks/chunk_00000.npz,642300,,per-chunk raw output
3_numerics/results/7_tau_implicite/data/E36A_regimes_seed46/runs/lam0p125_perturbed/coarse/chunks/chunk_00001.npz,642300,,per-chunk raw output
3_numerics/results/7_tau_implicite/data/E36A_regimes_seed46/runs/lam0p125_perturbed/coarse/chunks/chunk_00002.npz,642300,,per-chunk raw output
3_numerics/results/7_tau_implicite/data/E36A_regimes_seed46/runs/lam0p125_perturbed/coarse/chunks/chunk_00004.npz,642300,,per-chunk raw output
3_numerics/results/7_tau_implicite/data/E36A_regimes_seed46/runs/lam0p125_perturbed/coarse/chunks/chunk_00005.npz,642300,,per-chunk raw output
3_numerics/results/7_tau_implicite/data/E36A_regimes_seed46/runs/lam0p125_perturbed/coarse/chunks/chunk_00006.npz,642300,,per-chunk raw output
3_numerics/results/7_tau_implicite/data/E36A_regimes_seed46/runs/lam0p125_perturbed/coarse/chunks/chunk_00008.npz,642300,,per-chunk raw output
3_numerics/results/7_tau_implicite/data/E36A_regimes_seed46/runs/lam0p125_perturbed/coarse/chunks/chunk_00009.npz,642300,,per-chunk raw output
3_numerics/results/7_tau_implicite/data/E36A_regimes_seed46/runs/lam0p125_perturbed/coarse/chunks/chunk_00010.npz,642300,,per-chunk raw output
3_numerics/results/7_tau_implicite/data/E36A_regimes_seed46/runs/lam0p125_perturbed/coarse/chunks/chunk_00012.npz,642300,,per-chunk raw output
3_numerics/results/7_tau_implicite/data/E36A_regimes_seed46/runs/lam0p125_perturbed/coarse/chunks/chunk_00013.npz,642300,,per-chunk raw output
3_numerics/results/7_tau_implicite/data/E36A_regimes_seed46/runs/lam0p125_perturbed/coarse/chunks/chunk_00014.npz,642300,,per-chunk raw output
3_numerics/results/7_tau_implicite/data/E36A_regimes_seed46/runs/lam0p25_coherent/coarse/chunks/chunk_00000.npz,642300,,per-chunk raw output
3_numerics/results/7_tau_implicite/data/E36A_regimes_seed46/runs/lam0p25_coherent/coarse/chunks/chunk_00001.npz,642300,,per-chunk raw output
3_numerics/results/7_tau_implicite/data/E36A_regimes_seed46/runs/lam0p25_coherent/coarse/chunks/chunk_00002.npz,642300,,per-chunk raw output
3_numerics/results/7_tau_implicite/data/E36A_regimes_seed46/runs/lam0p25_coherent/coarse/chunks/chunk_00004.npz,642300,,per-chunk raw output
3_numerics/results/7_tau_implicite/data/E36A_regimes_seed46/runs/lam0p25_coherent/coarse/chunks/chunk_00005.npz,642300,,per-chunk raw output
3_numerics/results/7_tau_implicite/data/E36A_regimes_seed46/runs/lam0p25_coherent/coarse/chunks/chunk_00006.npz,642300,,per-chunk raw output
3_numerics/results/7_tau_implicite/data/E36A_regimes_seed46/runs/lam0p25_coherent/coarse/chunks/chunk_00008.npz,642300,,per-chunk raw output
3_numerics/results/7_tau_implicite/data/E36A_regimes_seed46/runs/lam0p25_coherent/coarse/chunks/chunk_00009.npz,642300,,per-chunk raw output
3_numerics/results/7_tau_implicite/data/E36A_regimes_seed46/runs/lam0p25_coherent/coarse/chunks/chunk_00010.npz,642300,,per-chunk raw output
3_numerics/results/7_tau_implicite/data/E36A_regimes_seed46/runs/lam0p25_coherent/coarse/chunks/chunk_00012.npz,642300,,per-chunk raw output
3_numerics/results/7_tau_implicite/data/E36A_regimes_seed46/runs/lam0p25_coherent/coarse/chunks/chunk_00013.npz,642300,,per-chunk raw output
3_numerics/results/7_tau_implicite/data/E36A_regimes_seed46/runs/lam0p25_coherent/coarse/chunks/chunk_00014.npz,642300,,per-chunk raw output
3_numerics/results/7_tau_implicite/data/E36A_regimes_seed46/runs/lam0p25_perturbed/coarse/chunks/chunk_00000.npz,642300,,per-chunk raw output
3_numerics/results/7_tau_implicite/data/E36A_regimes_seed46/runs/lam0p25_perturbed/coarse/chunks/chunk_00001.npz,642300,,per-chunk raw output
3_numerics/results/7_tau_implicite/data/E36A_regimes_seed46/runs/lam0p25_perturbed/coarse/chunks/chunk_00002.npz,642300,,per-chunk raw output
3_numerics/results/7_tau_implicite/data/E36A_regimes_seed46/runs/lam0p25_perturbed/coarse/chunks/chunk_00004.npz,642300,,per-chunk raw output
3_numerics/results/7_tau_implicite/data/E36A_regimes_seed46/runs/lam0p25_perturbed/coarse/chunks/chunk_00005.npz,642300,,per-chunk raw output
3_numerics/results/7_tau_implicite/data/E36A_regimes_seed46/runs/lam0p25_perturbed/coarse/chunks/chunk_00006.npz,642300,,per-chunk raw output
3_numerics/results/7_tau_implicite/data/E36A_regimes_seed46/runs/lam0p25_perturbed/coarse/chunks/chunk_00008.npz,642300,,per-chunk raw output
3_numerics/results/7_tau_implicite/data/E36A_regimes_seed46/runs/lam0p25_perturbed/coarse/chunks/chunk_00009.npz,642300,,per-chunk raw output
3_numerics/results/7_tau_implicite/data/E36A_regimes_seed46/runs/lam0p25_perturbed/coarse/chunks/chunk_00010.npz,642300,,per-chunk raw output
3_numerics/results/7_tau_implicite/data/E36A_regimes_seed46/runs/lam0p25_perturbed/coarse/chunks/chunk_00012.npz,642300,,per-chunk raw output
3_numerics/results/7_tau_implicite/data/E36A_regimes_seed46/runs/lam0p25_perturbed/coarse/chunks/chunk_00013.npz,642300,,per-chunk raw output
3_numerics/results/7_tau_implicite/data/E36A_regimes_seed46/runs/lam0p25_perturbed/coarse/chunks/chunk_00014.npz,642300,,per-chunk raw output
3_numerics/results/7_tau_implicite/data/E36A_regimes_seed46/runs/lam0p5_coherent/coarse/chunks/chunk_00000.npz,642300,,per-chunk raw output
3_numerics/results/7_tau_implicite/data/E36A_regimes_seed46/runs/lam0p5_coherent/coarse/chunks/chunk_00001.npz,642300,,per-chunk raw output
3_numerics/results/7_tau_implicite/data/E36A_regimes_seed46/runs/lam0p5_coherent/coarse/chunks/chunk_00002.npz,642300,,per-chunk raw output
3_numerics/results/7_tau_implicite/data/E36A_regimes_seed46/runs/lam0p5_coherent/coarse/chunks/chunk_00004.npz,642300,,per-chunk raw output
3_numerics/results/7_tau_implicite/data/E36A_regimes_seed46/runs/lam0p5_coherent/coarse/chunks/chunk_00005.npz,642300,,per-chunk raw output
3_numerics/results/7_tau_implicite/data/E36A_regimes_seed46/runs/lam0p5_coherent/coarse/chunks/chunk_00006.npz,642300,,per-chunk raw output
3_numerics/results/7_tau_implicite/data/E36A_regimes_seed46/runs/lam0p5_coherent/coarse/chunks/chunk_00008.npz,642300,,per-chunk raw output
3_numerics/results/7_tau_implicite/data/E36A_regimes_seed46/runs/lam0p5_coherent/coarse/chunks/chunk_00009.npz,642300,,per-chunk raw output
3_numerics/results/7_tau_implicite/data/E36A_regimes_seed46/runs/lam0p5_coherent/coarse/chunks/chunk_00010.npz,642300,,per-chunk raw output
3_numerics/results/7_tau_implicite/data/E36A_regimes_seed46/runs/lam0p5_coherent/coarse/chunks/chunk_00012.npz,642300,,per-chunk raw output
3_numerics/results/7_tau_implicite/data/E36A_regimes_seed46/runs/lam0p5_coherent/coarse/chunks/chunk_00013.npz,642300,,per-chunk raw output
3_numerics/results/7_tau_implicite/data/E36A_regimes_seed46/runs/lam0p5_coherent/coarse/chunks/chunk_00014.npz,642300,,per-chunk raw output
3_numerics/results/7_tau_implicite/data/E36A_regimes_seed46/runs/lam0p5_perturbed/coarse/chunks/chunk_00000.npz,642300,,per-chunk raw output
3_numerics/results/7_tau_implicite/data/E36A_regimes_seed46/runs/lam0p5_perturbed/coarse/chunks/chunk_00001.npz,642300,,per-chunk raw output
3_numerics/results/7_tau_implicite/data/E36A_regimes_seed46/runs/lam0p5_perturbed/coarse/chunks/chunk_00002.npz,642300,,per-chunk raw output
3_numerics/results/7_tau_implicite/data/E36A_regimes_seed46/runs/lam0p5_perturbed/coarse/chunks/chunk_00004.npz,642300,,per-chunk raw output
3_numerics/results/7_tau_implicite/data/E36A_regimes_seed46/runs/lam0p5_perturbed/coarse/chunks/chunk_00005.npz,642300,,per-chunk raw output
3_numerics/results/7_tau_implicite/data/E36A_regimes_seed46/runs/lam0p5_perturbed/coarse/chunks/chunk_00006.npz,642300,,per-chunk raw output
3_numerics/results/7_tau_implicite/data/E36A_regimes_seed46/runs/lam0p5_perturbed/coarse/chunks/chunk_00008.npz,642300,,per-chunk raw output
3_numerics/results/7_tau_implicite/data/E36A_regimes_seed46/runs/lam0p5_perturbed/coarse/chunks/chunk_00009.npz,642300,,per-chunk raw output
3_numerics/results/7_tau_implicite/data/E36A_regimes_seed46/runs/lam0p5_perturbed/coarse/chunks/chunk_00010.npz,642300,,per-chunk raw output
3_numerics/results/7_tau_implicite/data/E36A_regimes_seed46/runs/lam0p5_perturbed/coarse/chunks/chunk_00012.npz,642300,,per-chunk raw output
3_numerics/results/7_tau_implicite/data/E36A_regimes_seed46/runs/lam0p5_perturbed/coarse/chunks/chunk_00013.npz,642300,,per-chunk raw output
3_numerics/results/7_tau_implicite/data/E36A_regimes_seed46/runs/lam0p5_perturbed/coarse/chunks/chunk_00014.npz,642300,,per-chunk raw output
3_numerics/results/7_tau_implicite/data/E36A_regimes_seed46/runs/lam1_coherent/coarse/chunks/chunk_00000.npz,642300,,per-chunk raw output
3_numerics/results/7_tau_implicite/data/E36A_regimes_seed46/runs/lam1_coherent/coarse/chunks/chunk_00001.npz,642300,,per-chunk raw output
3_numerics/results/7_tau_implicite/data/E36A_regimes_seed46/runs/lam1_coherent/coarse/chunks/chunk_00002.npz,642300,,per-chunk raw output
3_numerics/results/7_tau_implicite/data/E36A_regimes_seed46/runs/lam1_coherent/coarse/chunks/chunk_00004.npz,642300,,per-chunk raw output
3_numerics/results/7_tau_implicite/data/E36A_regimes_seed46/runs/lam1_coherent/coarse/chunks/chunk_00005.npz,642300,,per-chunk raw output
3_numerics/results/7_tau_implicite/data/E36A_regimes_seed46/runs/lam1_coherent/coarse/chunks/chunk_00006.npz,642300,,per-chunk raw output
3_numerics/results/7_tau_implicite/data/E36A_regimes_seed46/runs/lam1_coherent/coarse/chunks/chunk_00008.npz,642300,,per-chunk raw output
3_numerics/results/7_tau_implicite/data/E36A_regimes_seed46/runs/lam1_coherent/coarse/chunks/chunk_00009.npz,642300,,per-chunk raw output
3_numerics/results/7_tau_implicite/data/E36A_regimes_seed46/runs/lam1_coherent/coarse/chunks/chunk_00010.npz,642300,,per-chunk raw output
3_numerics/results/7_tau_implicite/data/E36A_regimes_seed46/runs/lam1_coherent/coarse/chunks/chunk_00012.npz,642300,,per-chunk raw output
3_numerics/results/7_tau_implicite/data/E36A_regimes_seed46/runs/lam1_coherent/coarse/chunks/chunk_00013.npz,642300,,per-chunk raw output
3_numerics/results/7_tau_implicite/data/E36A_regimes_seed46/runs/lam1_coherent/coarse/chunks/chunk_00014.npz,642300,,per-chunk raw output
3_numerics/results/7_tau_implicite/data/E36A_regimes_seed46/runs/lam1_perturbed/coarse/chunks/chunk_00000.npz,642300,,per-chunk raw output
3_numerics/results/7_tau_implicite/data/E36A_regimes_seed46/runs/lam1_perturbed/coarse/chunks/chunk_00001.npz,642300,,per-chunk raw output
3_numerics/results/7_tau_implicite/data/E36A_regimes_seed46/runs/lam1_perturbed/coarse/chunks/chunk_00002.npz,642300,,per-chunk raw output
3_numerics/results/7_tau_implicite/data/E36A_regimes_seed46/runs/lam1_perturbed/coarse/chunks/chunk_00004.npz,642300,,per-chunk raw output
3_numerics/results/7_tau_implicite/data/E36A_regimes_seed46/runs/lam1_perturbed/coarse/chunks/chunk_00005.npz,642300,,per-chunk raw output
3_numerics/results/7_tau_implicite/data/E36A_regimes_seed46/runs/lam1_perturbed/coarse/chunks/chunk_00006.npz,642300,,per-chunk raw output
3_numerics/results/7_tau_implicite/data/E36A_regimes_seed46/runs/lam1_perturbed/coarse/chunks/chunk_00008.npz,642300,,per-chunk raw output
3_numerics/results/7_tau_implicite/data/E36A_regimes_seed46/runs/lam1_perturbed/coarse/chunks/chunk_00009.npz,642300,,per-chunk raw output
3_numerics/results/7_tau_implicite/data/E36A_regimes_seed46/runs/lam1_perturbed/coarse/chunks/chunk_00010.npz,642300,,per-chunk raw output
3_numerics/results/7_tau_implicite/data/E36A_regimes_seed46/runs/lam1_perturbed/coarse/chunks/chunk_00012.npz,642300,,per-chunk raw output
3_numerics/results/7_tau_implicite/data/E36A_regimes_seed46/runs/lam1_perturbed/coarse/chunks/chunk_00013.npz,642300,,per-chunk raw output
3_numerics/results/7_tau_implicite/data/E36A_regimes_seed46/runs/lam1_perturbed/coarse/chunks/chunk_00014.npz,642300,,per-chunk raw output
3_numerics/results/7_tau_implicite/data/E36A_regimes_seed46/runs/lam2_coherent/coarse/chunks/chunk_00000.npz,642300,,per-chunk raw output
3_numerics/results/7_tau_implicite/data/E36A_regimes_seed46/runs/lam2_coherent/coarse/chunks/chunk_00001.npz,642300,,per-chunk raw output
3_numerics/results/7_tau_implicite/data/E36A_regimes_seed46/runs/lam2_coherent/coarse/chunks/chunk_00002.npz,642300,,per-chunk raw output
3_numerics/results/7_tau_implicite/data/E36A_regimes_seed46/runs/lam2_coherent/coarse/chunks/chunk_00004.npz,642300,,per-chunk raw output
3_numerics/results/7_tau_implicite/data/E36A_regimes_seed46/runs/lam2_coherent/coarse/chunks/chunk_00005.npz,642300,,per-chunk raw output
3_numerics/results/7_tau_implicite/data/E36A_regimes_seed46/runs/lam2_coherent/coarse/chunks/chunk_00006.npz,642300,,per-chunk raw output
3_numerics/results/7_tau_implicite/data/E36A_regimes_seed46/runs/lam2_coherent/coarse/chunks/chunk_00008.npz,642300,,per-chunk raw output
3_numerics/results/7_tau_implicite/data/E36A_regimes_seed46/runs/lam2_coherent/coarse/chunks/chunk_00009.npz,642300,,per-chunk raw output
3_numerics/results/7_tau_implicite/data/E36A_regimes_seed46/runs/lam2_coherent/coarse/chunks/chunk_00010.npz,642300,,per-chunk raw output
3_numerics/results/7_tau_implicite/data/E36A_regimes_seed46/runs/lam2_coherent/coarse/chunks/chunk_00012.npz,642300,,per-chunk raw output
3_numerics/results/7_tau_implicite/data/E36A_regimes_seed46/runs/lam2_coherent/coarse/chunks/chunk_00013.npz,642300,,per-chunk raw output
3_numerics/results/7_tau_implicite/data/E36A_regimes_seed46/runs/lam2_coherent/coarse/chunks/chunk_00014.npz,642300,,per-chunk raw output
3_numerics/results/7_tau_implicite/data/E36A_regimes_seed46/runs/lam2_coherent/fine/chunks/chunk_00000.npz,642300,,per-chunk raw output
3_numerics/results/7_tau_implicite/data/E36A_regimes_seed46/runs/lam2_coherent/fine/chunks/chunk_00001.npz,642300,,per-chunk raw output
3_numerics/results/7_tau_implicite/data/E36A_regimes_seed46/runs/lam2_coherent/fine/chunks/chunk_00002.npz,642300,,per-chunk raw output
3_numerics/results/7_tau_implicite/data/E36A_regimes_seed46/runs/lam2_coherent/fine/chunks/chunk_00004.npz,642300,,per-chunk raw output
3_numerics/results/7_tau_implicite/data/E36A_regimes_seed46/runs/lam2_coherent/fine/chunks/chunk_00005.npz,642300,,per-chunk raw output
3_numerics/results/7_tau_implicite/data/E36A_regimes_seed46/runs/lam2_coherent/fine/chunks/chunk_00006.npz,642300,,per-chunk raw output
3_numerics/results/7_tau_implicite/data/E36A_regimes_seed46/runs/lam2_coherent/fine/chunks/chunk_00008.npz,642300,,per-chunk raw output
3_numerics/results/7_tau_implicite/data/E36A_regimes_seed46/runs/lam2_coherent/fine/chunks/chunk_00009.npz,642300,,per-chunk raw output
3_numerics/results/7_tau_implicite/data/E36A_regimes_seed46/runs/lam2_coherent/fine/chunks/chunk_00010.npz,642300,,per-chunk raw output
3_numerics/results/7_tau_implicite/data/E36A_regimes_seed46/runs/lam2_coherent/fine/chunks/chunk_00012.npz,642300,,per-chunk raw output
3_numerics/results/7_tau_implicite/data/E36A_regimes_seed46/runs/lam2_coherent/fine/chunks/chunk_00013.npz,642300,,per-chunk raw output
3_numerics/results/7_tau_implicite/data/E36A_regimes_seed46/runs/lam2_coherent/fine/chunks/chunk_00014.npz,642300,,per-chunk raw output
3_numerics/results/7_tau_implicite/data/E36A_regimes_seed46/runs/lam2_perturbed/coarse/chunks/chunk_00000.npz,642300,,per-chunk raw output
3_numerics/results/7_tau_implicite/data/E36A_regimes_seed46/runs/lam2_perturbed/coarse/chunks/chunk_00001.npz,642300,,per-chunk raw output
3_numerics/results/7_tau_implicite/data/E36A_regimes_seed46/runs/lam2_perturbed/coarse/chunks/chunk_00002.npz,642300,,per-chunk raw output
3_numerics/results/7_tau_implicite/data/E36A_regimes_seed46/runs/lam2_perturbed/coarse/chunks/chunk_00004.npz,642300,,per-chunk raw output
3_numerics/results/7_tau_implicite/data/E36A_regimes_seed46/runs/lam2_perturbed/coarse/chunks/chunk_00005.npz,642300,,per-chunk raw output
3_numerics/results/7_tau_implicite/data/E36A_regimes_seed46/runs/lam2_perturbed/coarse/chunks/chunk_00006.npz,642300,,per-chunk raw output
3_numerics/results/7_tau_implicite/data/E36A_regimes_seed46/runs/lam2_perturbed/coarse/chunks/chunk_00008.npz,642300,,per-chunk raw output
3_numerics/results/7_tau_implicite/data/E36A_regimes_seed46/runs/lam2_perturbed/coarse/chunks/chunk_00009.npz,642300,,per-chunk raw output
3_numerics/results/7_tau_implicite/data/E36A_regimes_seed46/runs/lam2_perturbed/coarse/chunks/chunk_00010.npz,642300,,per-chunk raw output
3_numerics/results/7_tau_implicite/data/E36A_regimes_seed46/runs/lam2_perturbed/coarse/chunks/chunk_00012.npz,642300,,per-chunk raw output
3_numerics/results/7_tau_implicite/data/E36A_regimes_seed46/runs/lam2_perturbed/coarse/chunks/chunk_00013.npz,642300,,per-chunk raw output
3_numerics/results/7_tau_implicite/data/E36A_regimes_seed46/runs/lam2_perturbed/coarse/chunks/chunk_00014.npz,642300,,per-chunk raw output
3_numerics/results/7_tau_implicite/data/E36A_regimes_seed46/runs/lam2_perturbed/fine/chunks/chunk_00000.npz,642300,,per-chunk raw output
3_numerics/results/7_tau_implicite/data/E36A_regimes_seed46/runs/lam2_perturbed/fine/chunks/chunk_00001.npz,642300,,per-chunk raw output
3_numerics/results/7_tau_implicite/data/E36A_regimes_seed46/runs/lam2_perturbed/fine/chunks/chunk_00002.npz,642300,,per-chunk raw output
3_numerics/results/7_tau_implicite/data/E36A_regimes_seed46/runs/lam2_perturbed/fine/chunks/chunk_00004.npz,642300,,per-chunk raw output
3_numerics/results/7_tau_implicite/data/E36A_regimes_seed46/runs/lam2_perturbed/fine/chunks/chunk_00005.npz,642300,,per-chunk raw output
3_numerics/results/7_tau_implicite/data/E36A_regimes_seed46/runs/lam2_perturbed/fine/chunks/chunk_00006.npz,642300,,per-chunk raw output
3_numerics/results/7_tau_implicite/data/E36A_regimes_seed46/runs/lam2_perturbed/fine/chunks/chunk_00008.npz,642300,,per-chunk raw output
3_numerics/results/7_tau_implicite/data/E36A_regimes_seed46/runs/lam2_perturbed/fine/chunks/chunk_00009.npz,642300,,per-chunk raw output
3_numerics/results/7_tau_implicite/data/E36A_regimes_seed46/runs/lam2_perturbed/fine/chunks/chunk_00010.npz,642300,,per-chunk raw output
3_numerics/results/7_tau_implicite/data/E36A_regimes_seed46/runs/lam2_perturbed/fine/chunks/chunk_00012.npz,642300,,per-chunk raw output
3_numerics/results/7_tau_implicite/data/E36A_regimes_seed46/runs/lam2_perturbed/fine/chunks/chunk_00013.npz,642300,,per-chunk raw output
3_numerics/results/7_tau_implicite/data/E36A_regimes_seed46/runs/lam2_perturbed/fine/chunks/chunk_00014.npz,642300,,per-chunk raw output
3_numerics/results/7_tau_implicite/data/E36A_regimes_seed46/runs/lam4_coherent/coarse/chunks/chunk_00000.npz,642300,,per-chunk raw output
3_numerics/results/7_tau_implicite/data/E36A_regimes_seed46/runs/lam4_coherent/coarse/chunks/chunk_00001.npz,642300,,per-chunk raw output
3_numerics/results/7_tau_implicite/data/E36A_regimes_seed46/runs/lam4_coherent/coarse/chunks/chunk_00002.npz,642300,,per-chunk raw output
3_numerics/results/7_tau_implicite/data/E36A_regimes_seed46/runs/lam4_coherent/coarse/chunks/chunk_00004.npz,642300,,per-chunk raw output
3_numerics/results/7_tau_implicite/data/E36A_regimes_seed46/runs/lam4_coherent/coarse/chunks/chunk_00005.npz,642300,,per-chunk raw output
3_numerics/results/7_tau_implicite/data/E36A_regimes_seed46/runs/lam4_coherent/coarse/chunks/chunk_00006.npz,642300,,per-chunk raw output
3_numerics/results/7_tau_implicite/data/E36A_regimes_seed46/runs/lam4_coherent/coarse/chunks/chunk_00008.npz,642300,,per-chunk raw output
3_numerics/results/7_tau_implicite/data/E36A_regimes_seed46/runs/lam4_coherent/coarse/chunks/chunk_00009.npz,642300,,per-chunk raw output
3_numerics/results/7_tau_implicite/data/E36A_regimes_seed46/runs/lam4_coherent/coarse/chunks/chunk_00010.npz,642300,,per-chunk raw output
3_numerics/results/7_tau_implicite/data/E36A_regimes_seed46/runs/lam4_coherent/coarse/chunks/chunk_00012.npz,642300,,per-chunk raw output
3_numerics/results/7_tau_implicite/data/E36A_regimes_seed46/runs/lam4_coherent/coarse/chunks/chunk_00013.npz,642300,,per-chunk raw output
3_numerics/results/7_tau_implicite/data/E36A_regimes_seed46/runs/lam4_coherent/coarse/chunks/chunk_00014.npz,642300,,per-chunk raw output
3_numerics/results/7_tau_implicite/data/E36A_regimes_seed46/runs/lam4_coherent/fine/chunks/chunk_00000.npz,642300,,per-chunk raw output
3_numerics/results/7_tau_implicite/data/E36A_regimes_seed46/runs/lam4_coherent/fine/chunks/chunk_00001.npz,642300,,per-chunk raw output
3_numerics/results/7_tau_implicite/data/E36A_regimes_seed46/runs/lam4_coherent/fine/chunks/chunk_00002.npz,642300,,per-chunk raw output
3_numerics/results/7_tau_implicite/data/E36A_regimes_seed46/runs/lam4_coherent/fine/chunks/chunk_00004.npz,642300,,per-chunk raw output
3_numerics/results/7_tau_implicite/data/E36A_regimes_seed46/runs/lam4_coherent/fine/chunks/chunk_00005.npz,642300,,per-chunk raw output
3_numerics/results/7_tau_implicite/data/E36A_regimes_seed46/runs/lam4_coherent/fine/chunks/chunk_00006.npz,642300,,per-chunk raw output
3_numerics/results/7_tau_implicite/data/E36A_regimes_seed46/runs/lam4_coherent/fine/chunks/chunk_00008.npz,642300,,per-chunk raw output
3_numerics/results/7_tau_implicite/data/E36A_regimes_seed46/runs/lam4_coherent/fine/chunks/chunk_00009.npz,642300,,per-chunk raw output
3_numerics/results/7_tau_implicite/data/E36A_regimes_seed46/runs/lam4_coherent/fine/chunks/chunk_00010.npz,642300,,per-chunk raw output
3_numerics/results/7_tau_implicite/data/E36A_regimes_seed46/runs/lam4_coherent/fine/chunks/chunk_00012.npz,642300,,per-chunk raw output
3_numerics/results/7_tau_implicite/data/E36A_regimes_seed46/runs/lam4_coherent/fine/chunks/chunk_00013.npz,642300,,per-chunk raw output
3_numerics/results/7_tau_implicite/data/E36A_regimes_seed46/runs/lam4_coherent/fine/chunks/chunk_00014.npz,642300,,per-chunk raw output
3_numerics/results/7_tau_implicite/data/E36A_regimes_seed46/runs/lam4_perturbed/coarse/chunks/chunk_00000.npz,642300,,per-chunk raw output
3_numerics/results/7_tau_implicite/data/E36A_regimes_seed46/runs/lam4_perturbed/coarse/chunks/chunk_00001.npz,642300,,per-chunk raw output
3_numerics/results/7_tau_implicite/data/E36A_regimes_seed46/runs/lam4_perturbed/coarse/chunks/chunk_00002.npz,642300,,per-chunk raw output
3_numerics/results/7_tau_implicite/data/E36A_regimes_seed46/runs/lam4_perturbed/coarse/chunks/chunk_00004.npz,642300,,per-chunk raw output
3_numerics/results/7_tau_implicite/data/E36A_regimes_seed46/runs/lam4_perturbed/coarse/chunks/chunk_00005.npz,642300,,per-chunk raw output
3_numerics/results/7_tau_implicite/data/E36A_regimes_seed46/runs/lam4_perturbed/coarse/chunks/chunk_00006.npz,642300,,per-chunk raw output
3_numerics/results/7_tau_implicite/data/E36A_regimes_seed46/runs/lam4_perturbed/coarse/chunks/chunk_00008.npz,642300,,per-chunk raw output
3_numerics/results/7_tau_implicite/data/E36A_regimes_seed46/runs/lam4_perturbed/coarse/chunks/chunk_00009.npz,642300,,per-chunk raw output
3_numerics/results/7_tau_implicite/data/E36A_regimes_seed46/runs/lam4_perturbed/coarse/chunks/chunk_00010.npz,642300,,per-chunk raw output
3_numerics/results/7_tau_implicite/data/E36A_regimes_seed46/runs/lam4_perturbed/coarse/chunks/chunk_00012.npz,642300,,per-chunk raw output
3_numerics/results/7_tau_implicite/data/E36A_regimes_seed46/runs/lam4_perturbed/coarse/chunks/chunk_00013.npz,642300,,per-chunk raw output
3_numerics/results/7_tau_implicite/data/E36A_regimes_seed46/runs/lam4_perturbed/coarse/chunks/chunk_00014.npz,642300,,per-chunk raw output
3_numerics/results/7_tau_implicite/data/E36A_regimes_seed46/runs/lam4_perturbed/fine/chunks/chunk_00000.npz,642300,,per-chunk raw output
3_numerics/results/7_tau_implicite/data/E36A_regimes_seed46/runs/lam4_perturbed/fine/chunks/chunk_00001.npz,642300,,per-chunk raw output
3_numerics/results/7_tau_implicite/data/E36A_regimes_seed46/runs/lam4_perturbed/fine/chunks/chunk_00002.npz,642300,,per-chunk raw output
3_numerics/results/7_tau_implicite/data/E36A_regimes_seed46/runs/lam4_perturbed/fine/chunks/chunk_00004.npz,642300,,per-chunk raw output
3_numerics/results/7_tau_implicite/data/E36A_regimes_seed46/runs/lam4_perturbed/fine/chunks/chunk_00005.npz,642300,,per-chunk raw output
3_numerics/results/7_tau_implicite/data/E36A_regimes_seed46/runs/lam4_perturbed/fine/chunks/chunk_00006.npz,642300,,per-chunk raw output
3_numerics/results/7_tau_implicite/data/E36A_regimes_seed46/runs/lam4_perturbed/fine/chunks/chunk_00008.npz,642300,,per-chunk raw output
3_numerics/results/7_tau_implicite/data/E36A_regimes_seed46/runs/lam4_perturbed/fine/chunks/chunk_00009.npz,642300,,per-chunk raw output
3_numerics/results/7_tau_implicite/data/E36A_regimes_seed46/runs/lam4_perturbed/fine/chunks/chunk_00010.npz,642300,,per-chunk raw output
3_numerics/results/7_tau_implicite/data/E36A_regimes_seed46/runs/lam4_perturbed/fine/chunks/chunk_00012.npz,642300,,per-chunk raw output
3_numerics/results/7_tau_implicite/data/E36A_regimes_seed46/runs/lam4_perturbed/fine/chunks/chunk_00013.npz,642300,,per-chunk raw output
3_numerics/results/7_tau_implicite/data/E36A_regimes_seed46/runs/lam4_perturbed/fine/chunks/chunk_00014.npz,642300,,per-chunk raw output
3_numerics/results/7_tau_implicite/data/E36A_regimes_seed46/runs/lam8_coherent/coarse/chunks/chunk_00000.npz,642300,,per-chunk raw output
3_numerics/results/7_tau_implicite/data/E36A_regimes_seed46/runs/lam8_coherent/coarse/chunks/chunk_00001.npz,642300,,per-chunk raw output
3_numerics/results/7_tau_implicite/data/E36A_regimes_seed46/runs/lam8_coherent/coarse/chunks/chunk_00002.npz,642300,,per-chunk raw output
3_numerics/results/7_tau_implicite/data/E36A_regimes_seed46/runs/lam8_coherent/coarse/chunks/chunk_00004.npz,642300,,per-chunk raw output
3_numerics/results/7_tau_implicite/data/E36A_regimes_seed46/runs/lam8_coherent/coarse/chunks/chunk_00005.npz,642300,,per-chunk raw output
3_numerics/results/7_tau_implicite/data/E36A_regimes_seed46/runs/lam8_coherent/coarse/chunks/chunk_00006.npz,642300,,per-chunk raw output
3_numerics/results/7_tau_implicite/data/E36A_regimes_seed46/runs/lam8_coherent/coarse/chunks/chunk_00008.npz,642300,,per-chunk raw output
3_numerics/results/7_tau_implicite/data/E36A_regimes_seed46/runs/lam8_coherent/coarse/chunks/chunk_00009.npz,642300,,per-chunk raw output
3_numerics/results/7_tau_implicite/data/E36A_regimes_seed46/runs/lam8_coherent/coarse/chunks/chunk_00010.npz,642300,,per-chunk raw output
3_numerics/results/7_tau_implicite/data/E36A_regimes_seed46/runs/lam8_coherent/coarse/chunks/chunk_00012.npz,642300,,per-chunk raw output
3_numerics/results/7_tau_implicite/data/E36A_regimes_seed46/runs/lam8_coherent/coarse/chunks/chunk_00013.npz,642300,,per-chunk raw output
3_numerics/results/7_tau_implicite/data/E36A_regimes_seed46/runs/lam8_coherent/coarse/chunks/chunk_00014.npz,642300,,per-chunk raw output
3_numerics/results/7_tau_implicite/data/E36A_regimes_seed46/runs/lam8_coherent/fine/chunks/chunk_00000.npz,642300,,per-chunk raw output
3_numerics/results/7_tau_implicite/data/E36A_regimes_seed46/runs/lam8_coherent/fine/chunks/chunk_00001.npz,642300,,per-chunk raw output
3_numerics/results/7_tau_implicite/data/E36A_regimes_seed46/runs/lam8_coherent/fine/chunks/chunk_00002.npz,642300,,per-chunk raw output
3_numerics/results/7_tau_implicite/data/E36A_regimes_seed46/runs/lam8_coherent/fine/chunks/chunk_00004.npz,642300,,per-chunk raw output
3_numerics/results/7_tau_implicite/data/E36A_regimes_seed46/runs/lam8_coherent/fine/chunks/chunk_00005.npz,642300,,per-chunk raw output
3_numerics/results/7_tau_implicite/data/E36A_regimes_seed46/runs/lam8_coherent/fine/chunks/chunk_00006.npz,642300,,per-chunk raw output
3_numerics/results/7_tau_implicite/data/E36A_regimes_seed46/runs/lam8_coherent/fine/chunks/chunk_00008.npz,642300,,per-chunk raw output
3_numerics/results/7_tau_implicite/data/E36A_regimes_seed46/runs/lam8_coherent/fine/chunks/chunk_00009.npz,642300,,per-chunk raw output
3_numerics/results/7_tau_implicite/data/E36A_regimes_seed46/runs/lam8_coherent/fine/chunks/chunk_00010.npz,642300,,per-chunk raw output
3_numerics/results/7_tau_implicite/data/E36A_regimes_seed46/runs/lam8_coherent/fine/chunks/chunk_00012.npz,642300,,per-chunk raw output
3_numerics/results/7_tau_implicite/data/E36A_regimes_seed46/runs/lam8_coherent/fine/chunks/chunk_00013.npz,642300,,per-chunk raw output
3_numerics/results/7_tau_implicite/data/E36A_regimes_seed46/runs/lam8_coherent/fine/chunks/chunk_00014.npz,642300,,per-chunk raw output
3_numerics/results/7_tau_implicite/data/E36A_regimes_seed46/runs/lam8_perturbed/coarse/chunks/chunk_00000.npz,642300,,per-chunk raw output
3_numerics/results/7_tau_implicite/data/E36A_regimes_seed46/runs/lam8_perturbed/coarse/chunks/chunk_00001.npz,642300,,per-chunk raw output
3_numerics/results/7_tau_implicite/data/E36A_regimes_seed46/runs/lam8_perturbed/coarse/chunks/chunk_00002.npz,642300,,per-chunk raw output
3_numerics/results/7_tau_implicite/data/E36A_regimes_seed46/runs/lam8_perturbed/coarse/chunks/chunk_00004.npz,642300,,per-chunk raw output
3_numerics/results/7_tau_implicite/data/E36A_regimes_seed46/runs/lam8_perturbed/coarse/chunks/chunk_00005.npz,642300,,per-chunk raw output
3_numerics/results/7_tau_implicite/data/E36A_regimes_seed46/runs/lam8_perturbed/coarse/chunks/chunk_00006.npz,642300,,per-chunk raw output
3_numerics/results/7_tau_implicite/data/E36A_regimes_seed46/runs/lam8_perturbed/coarse/chunks/chunk_00008.npz,642300,,per-chunk raw output
3_numerics/results/7_tau_implicite/data/E36A_regimes_seed46/runs/lam8_perturbed/coarse/chunks/chunk_00009.npz,642300,,per-chunk raw output
3_numerics/results/7_tau_implicite/data/E36A_regimes_seed46/runs/lam8_perturbed/coarse/chunks/chunk_00010.npz,642300,,per-chunk raw output
3_numerics/results/7_tau_implicite/data/E36A_regimes_seed46/runs/lam8_perturbed/coarse/chunks/chunk_00012.npz,642300,,per-chunk raw output
3_numerics/results/7_tau_implicite/data/E36A_regimes_seed46/runs/lam8_perturbed/coarse/chunks/chunk_00013.npz,642300,,per-chunk raw output
3_numerics/results/7_tau_implicite/data/E36A_regimes_seed46/runs/lam8_perturbed/coarse/chunks/chunk_00014.npz,642300,,per-chunk raw output
3_numerics/results/7_tau_implicite/data/E36A_regimes_seed46/runs/lam8_perturbed/fine/chunks/chunk_00000.npz,642300,,per-chunk raw output
3_numerics/results/7_tau_implicite/data/E36A_regimes_seed46/runs/lam8_perturbed/fine/chunks/chunk_00001.npz,642300,,per-chunk raw output
3_numerics/results/7_tau_implicite/data/E36A_regimes_seed46/runs/lam8_perturbed/fine/chunks/chunk_00002.npz,642300,,per-chunk raw output
3_numerics/results/7_tau_implicite/data/E36A_regimes_seed46/runs/lam8_perturbed/fine/chunks/chunk_00004.npz,642300,,per-chunk raw output
3_numerics/results/7_tau_implicite/data/E36A_regimes_seed46/runs/lam8_perturbed/fine/chunks/chunk_00005.npz,642300,,per-chunk raw output
3_numerics/results/7_tau_implicite/data/E36A_regimes_seed46/runs/lam8_perturbed/fine/chunks/chunk_00006.npz,642300,,per-chunk raw output
3_numerics/results/7_tau_implicite/data/E36A_regimes_seed46/runs/lam8_perturbed/fine/chunks/chunk_00008.npz,642300,,per-chunk raw output
3_numerics/results/7_tau_implicite/data/E36A_regimes_seed46/runs/lam8_perturbed/fine/chunks/chunk_00009.npz,642300,,per-chunk raw output
3_numerics/results/7_tau_implicite/data/E36A_regimes_seed46/runs/lam8_perturbed/fine/chunks/chunk_00010.npz,642300,,per-chunk raw output
3_numerics/results/7_tau_implicite/data/E36A_regimes_seed46/runs/lam8_perturbed/fine/chunks/chunk_00012.npz,642300,,per-chunk raw output
3_numerics/results/7_tau_implicite/data/E36A_regimes_seed46/runs/lam8_perturbed/fine/chunks/chunk_00013.npz,642300,,per-chunk raw output
3_numerics/results/7_tau_implicite/data/E36A_regimes_seed46/runs/lam8_perturbed/fine/chunks/chunk_00014.npz,642300,,per-chunk raw output
4_campaigns/numerical_workplan/runs/N1_AUDIT/points/N2000_P100_s44_descending_lam0p33907143_dt0p005_tours5.npz,641835,,"raw campaign output, kept in the local archive"
4_campaigns/numerical_workplan/runs/N5A/boundary_N2000_P100_s44_tau1_lam0.314.npz,640957,,"raw campaign output, kept in the local archive"
4_campaigns/numerical_workplan/runs/N5A/boundary_N2000_P100_s42_tau1.3_lam0.342.npz,639135,,"raw campaign output, kept in the local archive"
4_campaigns/numerical_workplan/runs/N5A/boundary_N2000_P100_s42_tau0.5_lam0.340.npz,639053,,"raw campaign output, kept in the local archive"
4_campaigns/numerical_workplan/runs/N5A/boundary_N2000_P100_s45_tau1_lam0.342.npz,604762,,"raw campaign output, kept in the local archive"
4_campaigns/numerical_workplan/runs/N5A/boundary_N2000_P100_s45_tau1_lam0.338.npz,600892,,"raw campaign output, kept in the local archive"
3_numerics/results/7_tau_implicite/data/E36A_dtcheck_lam1_seed42/runs/lam1_coherent/coarse/chunks/chunk_00003.npz,584708,,per-chunk raw output
3_numerics/results/7_tau_implicite/data/E36A_dtcheck_lam1_seed42/runs/lam1_coherent/fine/chunks/chunk_00003.npz,584708,,per-chunk raw output
3_numerics/results/7_tau_implicite/data/E36A_dtcheck_lam1_seed42/runs/lam1_perturbed/coarse/chunks/chunk_00003.npz,584708,,per-chunk raw output
3_numerics/results/7_tau_implicite/data/E36A_dtcheck_lam1_seed42/runs/lam1_perturbed/fine/chunks/chunk_00003.npz,584708,,per-chunk raw output
3_numerics/results/7_tau_implicite/data/E36A_regimes_seed42/runs/lam0_coherent/coarse/chunks/chunk_00003.npz,584708,,per-chunk raw output
3_numerics/results/7_tau_implicite/data/E36A_regimes_seed42/runs/lam0_perturbed/coarse/chunks/chunk_00003.npz,584708,,per-chunk raw output
3_numerics/results/7_tau_implicite/data/E36A_regimes_seed42/runs/lam0p125_coherent/coarse/chunks/chunk_00003.npz,584708,,per-chunk raw output
3_numerics/results/7_tau_implicite/data/E36A_regimes_seed42/runs/lam0p125_perturbed/coarse/chunks/chunk_00003.npz,584708,,per-chunk raw output
3_numerics/results/7_tau_implicite/data/E36A_regimes_seed42/runs/lam0p25_coherent/coarse/chunks/chunk_00003.npz,584708,,per-chunk raw output
3_numerics/results/7_tau_implicite/data/E36A_regimes_seed42/runs/lam0p25_perturbed/coarse/chunks/chunk_00003.npz,584708,,per-chunk raw output
3_numerics/results/7_tau_implicite/data/E36A_regimes_seed42/runs/lam0p5_coherent/coarse/chunks/chunk_00003.npz,584708,,per-chunk raw output
3_numerics/results/7_tau_implicite/data/E36A_regimes_seed42/runs/lam0p5_perturbed/coarse/chunks/chunk_00003.npz,584708,,per-chunk raw output
3_numerics/results/7_tau_implicite/data/E36A_regimes_seed42/runs/lam1_coherent/coarse/chunks/chunk_00003.npz,584708,,per-chunk raw output
3_numerics/results/7_tau_implicite/data/E36A_regimes_seed42/runs/lam1_perturbed/coarse/chunks/chunk_00003.npz,584708,,per-chunk raw output
3_numerics/results/7_tau_implicite/data/E36A_regimes_seed42/runs/lam2_coherent/coarse/chunks/chunk_00003.npz,584708,,per-chunk raw output
3_numerics/results/7_tau_implicite/data/E36A_regimes_seed42/runs/lam2_coherent/fine/chunks/chunk_00003.npz,584708,,per-chunk raw output
3_numerics/results/7_tau_implicite/data/E36A_regimes_seed42/runs/lam2_perturbed/coarse/chunks/chunk_00003.npz,584708,,per-chunk raw output
3_numerics/results/7_tau_implicite/data/E36A_regimes_seed42/runs/lam2_perturbed/fine/chunks/chunk_00003.npz,584708,,per-chunk raw output
3_numerics/results/7_tau_implicite/data/E36A_regimes_seed42/runs/lam4_coherent/coarse/chunks/chunk_00003.npz,584708,,per-chunk raw output
3_numerics/results/7_tau_implicite/data/E36A_regimes_seed42/runs/lam4_coherent/fine/chunks/chunk_00003.npz,584708,,per-chunk raw output
3_numerics/results/7_tau_implicite/data/E36A_regimes_seed42/runs/lam4_perturbed/coarse/chunks/chunk_00003.npz,584708,,per-chunk raw output
3_numerics/results/7_tau_implicite/data/E36A_regimes_seed42/runs/lam4_perturbed/fine/chunks/chunk_00003.npz,584708,,per-chunk raw output
3_numerics/results/7_tau_implicite/data/E36A_regimes_seed42/runs/lam8_coherent/coarse/chunks/chunk_00003.npz,584708,,per-chunk raw output
3_numerics/results/7_tau_implicite/data/E36A_regimes_seed42/runs/lam8_coherent/fine/chunks/chunk_00003.npz,584708,,per-chunk raw output
3_numerics/results/7_tau_implicite/data/E36A_regimes_seed42/runs/lam8_perturbed/coarse/chunks/chunk_00003.npz,584708,,per-chunk raw output
3_numerics/results/7_tau_implicite/data/E36A_regimes_seed42/runs/lam8_perturbed/fine/chunks/chunk_00003.npz,584708,,per-chunk raw output
3_numerics/results/7_tau_implicite/data/E36A_regimes_seed43/runs/lam0_coherent/coarse/chunks/chunk_00003.npz,584708,,per-chunk raw output
3_numerics/results/7_tau_implicite/data/E36A_regimes_seed43/runs/lam0_perturbed/coarse/chunks/chunk_00003.npz,584708,,per-chunk raw output
3_numerics/results/7_tau_implicite/data/E36A_regimes_seed43/runs/lam0p125_coherent/coarse/chunks/chunk_00003.npz,584708,,per-chunk raw output
3_numerics/results/7_tau_implicite/data/E36A_regimes_seed43/runs/lam0p125_perturbed/coarse/chunks/chunk_00003.npz,584708,,per-chunk raw output
3_numerics/results/7_tau_implicite/data/E36A_regimes_seed43/runs/lam0p25_coherent/coarse/chunks/chunk_00003.npz,584708,,per-chunk raw output
3_numerics/results/7_tau_implicite/data/E36A_regimes_seed43/runs/lam0p25_perturbed/coarse/chunks/chunk_00003.npz,584708,,per-chunk raw output
3_numerics/results/7_tau_implicite/data/E36A_regimes_seed43/runs/lam0p5_coherent/coarse/chunks/chunk_00003.npz,584708,,per-chunk raw output
3_numerics/results/7_tau_implicite/data/E36A_regimes_seed43/runs/lam0p5_perturbed/coarse/chunks/chunk_00003.npz,584708,,per-chunk raw output
3_numerics/results/7_tau_implicite/data/E36A_regimes_seed43/runs/lam1_coherent/coarse/chunks/chunk_00003.npz,584708,,per-chunk raw output
3_numerics/results/7_tau_implicite/data/E36A_regimes_seed43/runs/lam1_perturbed/coarse/chunks/chunk_00003.npz,584708,,per-chunk raw output
3_numerics/results/7_tau_implicite/data/E36A_regimes_seed43/runs/lam2_coherent/coarse/chunks/chunk_00003.npz,584708,,per-chunk raw output
3_numerics/results/7_tau_implicite/data/E36A_regimes_seed43/runs/lam2_coherent/fine/chunks/chunk_00003.npz,584708,,per-chunk raw output
3_numerics/results/7_tau_implicite/data/E36A_regimes_seed43/runs/lam2_perturbed/coarse/chunks/chunk_00003.npz,584708,,per-chunk raw output
3_numerics/results/7_tau_implicite/data/E36A_regimes_seed43/runs/lam2_perturbed/fine/chunks/chunk_00003.npz,584708,,per-chunk raw output
3_numerics/results/7_tau_implicite/data/E36A_regimes_seed43/runs/lam4_coherent/coarse/chunks/chunk_00003.npz,584708,,per-chunk raw output
3_numerics/results/7_tau_implicite/data/E36A_regimes_seed43/runs/lam4_coherent/fine/chunks/chunk_00003.npz,584708,,per-chunk raw output
3_numerics/results/7_tau_implicite/data/E36A_regimes_seed43/runs/lam4_perturbed/coarse/chunks/chunk_00003.npz,584708,,per-chunk raw output
3_numerics/results/7_tau_implicite/data/E36A_regimes_seed43/runs/lam4_perturbed/fine/chunks/chunk_00003.npz,584708,,per-chunk raw output
3_numerics/results/7_tau_implicite/data/E36A_regimes_seed43/runs/lam8_coherent/coarse/chunks/chunk_00003.npz,584708,,per-chunk raw output
3_numerics/results/7_tau_implicite/data/E36A_regimes_seed43/runs/lam8_coherent/fine/chunks/chunk_00003.npz,584708,,per-chunk raw output
3_numerics/results/7_tau_implicite/data/E36A_regimes_seed43/runs/lam8_perturbed/coarse/chunks/chunk_00003.npz,584708,,per-chunk raw output
3_numerics/results/7_tau_implicite/data/E36A_regimes_seed43/runs/lam8_perturbed/fine/chunks/chunk_00003.npz,584708,,per-chunk raw output
3_numerics/results/7_tau_implicite/data/E36A_regimes_seed44/runs/lam0_coherent/coarse/chunks/chunk_00003.npz,584708,,per-chunk raw output
3_numerics/results/7_tau_implicite/data/E36A_regimes_seed44/runs/lam0_perturbed/coarse/chunks/chunk_00003.npz,584708,,per-chunk raw output
3_numerics/results/7_tau_implicite/data/E36A_regimes_seed44/runs/lam0p125_coherent/coarse/chunks/chunk_00003.npz,584708,,per-chunk raw output
3_numerics/results/7_tau_implicite/data/E36A_regimes_seed44/runs/lam0p125_perturbed/coarse/chunks/chunk_00003.npz,584708,,per-chunk raw output
3_numerics/results/7_tau_implicite/data/E36A_regimes_seed44/runs/lam0p25_coherent/coarse/chunks/chunk_00003.npz,584708,,per-chunk raw output
3_numerics/results/7_tau_implicite/data/E36A_regimes_seed44/runs/lam0p25_perturbed/coarse/chunks/chunk_00003.npz,584708,,per-chunk raw output
3_numerics/results/7_tau_implicite/data/E36A_regimes_seed44/runs/lam0p5_coherent/coarse/chunks/chunk_00003.npz,584708,,per-chunk raw output
3_numerics/results/7_tau_implicite/data/E36A_regimes_seed44/runs/lam0p5_perturbed/coarse/chunks/chunk_00003.npz,584708,,per-chunk raw output
3_numerics/results/7_tau_implicite/data/E36A_regimes_seed44/runs/lam1_coherent/coarse/chunks/chunk_00003.npz,584708,,per-chunk raw output
3_numerics/results/7_tau_implicite/data/E36A_regimes_seed44/runs/lam1_perturbed/coarse/chunks/chunk_00003.npz,584708,,per-chunk raw output
3_numerics/results/7_tau_implicite/data/E36A_regimes_seed44/runs/lam2_coherent/coarse/chunks/chunk_00003.npz,584708,,per-chunk raw output
3_numerics/results/7_tau_implicite/data/E36A_regimes_seed44/runs/lam2_coherent/fine/chunks/chunk_00003.npz,584708,,per-chunk raw output
3_numerics/results/7_tau_implicite/data/E36A_regimes_seed44/runs/lam2_perturbed/coarse/chunks/chunk_00003.npz,584708,,per-chunk raw output
3_numerics/results/7_tau_implicite/data/E36A_regimes_seed44/runs/lam2_perturbed/fine/chunks/chunk_00003.npz,584708,,per-chunk raw output
3_numerics/results/7_tau_implicite/data/E36A_regimes_seed44/runs/lam4_coherent/coarse/chunks/chunk_00003.npz,584708,,per-chunk raw output
3_numerics/results/7_tau_implicite/data/E36A_regimes_seed44/runs/lam4_coherent/fine/chunks/chunk_00003.npz,584708,,per-chunk raw output
3_numerics/results/7_tau_implicite/data/E36A_regimes_seed44/runs/lam4_perturbed/coarse/chunks/chunk_00003.npz,584708,,per-chunk raw output
3_numerics/results/7_tau_implicite/data/E36A_regimes_seed44/runs/lam4_perturbed/fine/chunks/chunk_00003.npz,584708,,per-chunk raw output
3_numerics/results/7_tau_implicite/data/E36A_regimes_seed44/runs/lam8_coherent/coarse/chunks/chunk_00003.npz,584708,,per-chunk raw output
3_numerics/results/7_tau_implicite/data/E36A_regimes_seed44/runs/lam8_coherent/fine/chunks/chunk_00003.npz,584708,,per-chunk raw output
3_numerics/results/7_tau_implicite/data/E36A_regimes_seed44/runs/lam8_perturbed/coarse/chunks/chunk_00003.npz,584708,,per-chunk raw output
3_numerics/results/7_tau_implicite/data/E36A_regimes_seed44/runs/lam8_perturbed/fine/chunks/chunk_00003.npz,584708,,per-chunk raw output
3_numerics/results/7_tau_implicite/data/E36A_regimes_seed45/runs/lam0_coherent/coarse/chunks/chunk_00003.npz,584708,,per-chunk raw output
3_numerics/results/7_tau_implicite/data/E36A_regimes_seed45/runs/lam0_perturbed/coarse/chunks/chunk_00003.npz,584708,,per-chunk raw output
3_numerics/results/7_tau_implicite/data/E36A_regimes_seed45/runs/lam0p125_coherent/coarse/chunks/chunk_00003.npz,584708,,per-chunk raw output
3_numerics/results/7_tau_implicite/data/E36A_regimes_seed45/runs/lam0p125_perturbed/coarse/chunks/chunk_00003.npz,584708,,per-chunk raw output
3_numerics/results/7_tau_implicite/data/E36A_regimes_seed45/runs/lam0p25_coherent/coarse/chunks/chunk_00003.npz,584708,,per-chunk raw output
3_numerics/results/7_tau_implicite/data/E36A_regimes_seed45/runs/lam0p25_perturbed/coarse/chunks/chunk_00003.npz,584708,,per-chunk raw output
3_numerics/results/7_tau_implicite/data/E36A_regimes_seed45/runs/lam0p5_coherent/coarse/chunks/chunk_00003.npz,584708,,per-chunk raw output
3_numerics/results/7_tau_implicite/data/E36A_regimes_seed45/runs/lam0p5_perturbed/coarse/chunks/chunk_00003.npz,584708,,per-chunk raw output
3_numerics/results/7_tau_implicite/data/E36A_regimes_seed45/runs/lam1_coherent/coarse/chunks/chunk_00003.npz,584708,,per-chunk raw output
3_numerics/results/7_tau_implicite/data/E36A_regimes_seed45/runs/lam1_perturbed/coarse/chunks/chunk_00003.npz,584708,,per-chunk raw output
3_numerics/results/7_tau_implicite/data/E36A_regimes_seed45/runs/lam2_coherent/coarse/chunks/chunk_00003.npz,584708,,per-chunk raw output
3_numerics/results/7_tau_implicite/data/E36A_regimes_seed45/runs/lam2_coherent/fine/chunks/chunk_00003.npz,584708,,per-chunk raw output
3_numerics/results/7_tau_implicite/data/E36A_regimes_seed45/runs/lam2_perturbed/coarse/chunks/chunk_00003.npz,584708,,per-chunk raw output
3_numerics/results/7_tau_implicite/data/E36A_regimes_seed45/runs/lam2_perturbed/fine/chunks/chunk_00003.npz,584708,,per-chunk raw output
3_numerics/results/7_tau_implicite/data/E36A_regimes_seed45/runs/lam4_coherent/coarse/chunks/chunk_00003.npz,584708,,per-chunk raw output
3_numerics/results/7_tau_implicite/data/E36A_regimes_seed45/runs/lam4_coherent/fine/chunks/chunk_00003.npz,584708,,per-chunk raw output
3_numerics/results/7_tau_implicite/data/E36A_regimes_seed45/runs/lam4_perturbed/coarse/chunks/chunk_00003.npz,584708,,per-chunk raw output
3_numerics/results/7_tau_implicite/data/E36A_regimes_seed45/runs/lam4_perturbed/fine/chunks/chunk_00003.npz,584708,,per-chunk raw output
3_numerics/results/7_tau_implicite/data/E36A_regimes_seed45/runs/lam8_coherent/coarse/chunks/chunk_00003.npz,584708,,per-chunk raw output
3_numerics/results/7_tau_implicite/data/E36A_regimes_seed45/runs/lam8_coherent/fine/chunks/chunk_00003.npz,584708,,per-chunk raw output
3_numerics/results/7_tau_implicite/data/E36A_regimes_seed45/runs/lam8_perturbed/coarse/chunks/chunk_00003.npz,584708,,per-chunk raw output
3_numerics/results/7_tau_implicite/data/E36A_regimes_seed45/runs/lam8_perturbed/fine/chunks/chunk_00003.npz,584708,,per-chunk raw output
3_numerics/results/7_tau_implicite/data/E36A_regimes_seed46/runs/lam0_coherent/coarse/chunks/chunk_00003.npz,584708,,per-chunk raw output
3_numerics/results/7_tau_implicite/data/E36A_regimes_seed46/runs/lam0_perturbed/coarse/chunks/chunk_00003.npz,584708,,per-chunk raw output
3_numerics/results/7_tau_implicite/data/E36A_regimes_seed46/runs/lam0p125_coherent/coarse/chunks/chunk_00003.npz,584708,,per-chunk raw output
3_numerics/results/7_tau_implicite/data/E36A_regimes_seed46/runs/lam0p125_perturbed/coarse/chunks/chunk_00003.npz,584708,,per-chunk raw output
3_numerics/results/7_tau_implicite/data/E36A_regimes_seed46/runs/lam0p25_coherent/coarse/chunks/chunk_00003.npz,584708,,per-chunk raw output
3_numerics/results/7_tau_implicite/data/E36A_regimes_seed46/runs/lam0p25_perturbed/coarse/chunks/chunk_00003.npz,584708,,per-chunk raw output
3_numerics/results/7_tau_implicite/data/E36A_regimes_seed46/runs/lam0p5_coherent/coarse/chunks/chunk_00003.npz,584708,,per-chunk raw output
3_numerics/results/7_tau_implicite/data/E36A_regimes_seed46/runs/lam0p5_perturbed/coarse/chunks/chunk_00003.npz,584708,,per-chunk raw output
3_numerics/results/7_tau_implicite/data/E36A_regimes_seed46/runs/lam1_coherent/coarse/chunks/chunk_00003.npz,584708,,per-chunk raw output
3_numerics/results/7_tau_implicite/data/E36A_regimes_seed46/runs/lam1_perturbed/coarse/chunks/chunk_00003.npz,584708,,per-chunk raw output
3_numerics/results/7_tau_implicite/data/E36A_regimes_seed46/runs/lam2_coherent/coarse/chunks/chunk_00003.npz,584708,,per-chunk raw output
3_numerics/results/7_tau_implicite/data/E36A_regimes_seed46/runs/lam2_coherent/fine/chunks/chunk_00003.npz,584708,,per-chunk raw output
3_numerics/results/7_tau_implicite/data/E36A_regimes_seed46/runs/lam2_perturbed/coarse/chunks/chunk_00003.npz,584708,,per-chunk raw output
3_numerics/results/7_tau_implicite/data/E36A_regimes_seed46/runs/lam2_perturbed/fine/chunks/chunk_00003.npz,584708,,per-chunk raw output
3_numerics/results/7_tau_implicite/data/E36A_regimes_seed46/runs/lam4_coherent/coarse/chunks/chunk_00003.npz,584708,,per-chunk raw output
3_numerics/results/7_tau_implicite/data/E36A_regimes_seed46/runs/lam4_coherent/fine/chunks/chunk_00003.npz,584708,,per-chunk raw output
3_numerics/results/7_tau_implicite/data/E36A_regimes_seed46/runs/lam4_perturbed/coarse/chunks/chunk_00003.npz,584708,,per-chunk raw output
3_numerics/results/7_tau_implicite/data/E36A_regimes_seed46/runs/lam4_perturbed/fine/chunks/chunk_00003.npz,584708,,per-chunk raw output
3_numerics/results/7_tau_implicite/data/E36A_regimes_seed46/runs/lam8_coherent/coarse/chunks/chunk_00003.npz,584708,,per-chunk raw output
3_numerics/results/7_tau_implicite/data/E36A_regimes_seed46/runs/lam8_coherent/fine/chunks/chunk_00003.npz,584708,,per-chunk raw output
3_numerics/results/7_tau_implicite/data/E36A_regimes_seed46/runs/lam8_perturbed/coarse/chunks/chunk_00003.npz,584708,,per-chunk raw output
3_numerics/results/7_tau_implicite/data/E36A_regimes_seed46/runs/lam8_perturbed/fine/chunks/chunk_00003.npz,584708,,per-chunk raw output
3_numerics/results/7_tau_implicite/data/E36A_dtcheck_lam1_seed42/runs/lam1_coherent/coarse/chunks/chunk_00007.npz,582204,,per-chunk raw output
3_numerics/results/7_tau_implicite/data/E36A_dtcheck_lam1_seed42/runs/lam1_coherent/coarse/chunks/chunk_00011.npz,582204,,per-chunk raw output
3_numerics/results/7_tau_implicite/data/E36A_dtcheck_lam1_seed42/runs/lam1_coherent/coarse/chunks/chunk_00015.npz,582204,,per-chunk raw output
3_numerics/results/7_tau_implicite/data/E36A_dtcheck_lam1_seed42/runs/lam1_coherent/fine/chunks/chunk_00007.npz,582204,,per-chunk raw output
3_numerics/results/7_tau_implicite/data/E36A_dtcheck_lam1_seed42/runs/lam1_coherent/fine/chunks/chunk_00011.npz,582204,,per-chunk raw output
3_numerics/results/7_tau_implicite/data/E36A_dtcheck_lam1_seed42/runs/lam1_coherent/fine/chunks/chunk_00015.npz,582204,,per-chunk raw output
3_numerics/results/7_tau_implicite/data/E36A_dtcheck_lam1_seed42/runs/lam1_perturbed/coarse/chunks/chunk_00007.npz,582204,,per-chunk raw output
3_numerics/results/7_tau_implicite/data/E36A_dtcheck_lam1_seed42/runs/lam1_perturbed/coarse/chunks/chunk_00011.npz,582204,,per-chunk raw output
3_numerics/results/7_tau_implicite/data/E36A_dtcheck_lam1_seed42/runs/lam1_perturbed/coarse/chunks/chunk_00015.npz,582204,,per-chunk raw output
3_numerics/results/7_tau_implicite/data/E36A_dtcheck_lam1_seed42/runs/lam1_perturbed/fine/chunks/chunk_00007.npz,582204,,per-chunk raw output
3_numerics/results/7_tau_implicite/data/E36A_dtcheck_lam1_seed42/runs/lam1_perturbed/fine/chunks/chunk_00011.npz,582204,,per-chunk raw output
3_numerics/results/7_tau_implicite/data/E36A_dtcheck_lam1_seed42/runs/lam1_perturbed/fine/chunks/chunk_00015.npz,582204,,per-chunk raw output
3_numerics/results/7_tau_implicite/data/E36A_regimes_seed42/runs/lam0_coherent/coarse/chunks/chunk_00007.npz,582204,,per-chunk raw output
3_numerics/results/7_tau_implicite/data/E36A_regimes_seed42/runs/lam0_coherent/coarse/chunks/chunk_00011.npz,582204,,per-chunk raw output
3_numerics/results/7_tau_implicite/data/E36A_regimes_seed42/runs/lam0_coherent/coarse/chunks/chunk_00015.npz,582204,,per-chunk raw output
3_numerics/results/7_tau_implicite/data/E36A_regimes_seed42/runs/lam0_perturbed/coarse/chunks/chunk_00007.npz,582204,,per-chunk raw output
3_numerics/results/7_tau_implicite/data/E36A_regimes_seed42/runs/lam0_perturbed/coarse/chunks/chunk_00011.npz,582204,,per-chunk raw output
3_numerics/results/7_tau_implicite/data/E36A_regimes_seed42/runs/lam0_perturbed/coarse/chunks/chunk_00015.npz,582204,,per-chunk raw output
3_numerics/results/7_tau_implicite/data/E36A_regimes_seed42/runs/lam0p125_coherent/coarse/chunks/chunk_00007.npz,582204,,per-chunk raw output
3_numerics/results/7_tau_implicite/data/E36A_regimes_seed42/runs/lam0p125_coherent/coarse/chunks/chunk_00011.npz,582204,,per-chunk raw output
3_numerics/results/7_tau_implicite/data/E36A_regimes_seed42/runs/lam0p125_coherent/coarse/chunks/chunk_00015.npz,582204,,per-chunk raw output
3_numerics/results/7_tau_implicite/data/E36A_regimes_seed42/runs/lam0p125_perturbed/coarse/chunks/chunk_00007.npz,582204,,per-chunk raw output
3_numerics/results/7_tau_implicite/data/E36A_regimes_seed42/runs/lam0p125_perturbed/coarse/chunks/chunk_00011.npz,582204,,per-chunk raw output
3_numerics/results/7_tau_implicite/data/E36A_regimes_seed42/runs/lam0p125_perturbed/coarse/chunks/chunk_00015.npz,582204,,per-chunk raw output
3_numerics/results/7_tau_implicite/data/E36A_regimes_seed42/runs/lam0p25_coherent/coarse/chunks/chunk_00007.npz,582204,,per-chunk raw output
3_numerics/results/7_tau_implicite/data/E36A_regimes_seed42/runs/lam0p25_coherent/coarse/chunks/chunk_00011.npz,582204,,per-chunk raw output
3_numerics/results/7_tau_implicite/data/E36A_regimes_seed42/runs/lam0p25_coherent/coarse/chunks/chunk_00015.npz,582204,,per-chunk raw output
3_numerics/results/7_tau_implicite/data/E36A_regimes_seed42/runs/lam0p25_perturbed/coarse/chunks/chunk_00007.npz,582204,,per-chunk raw output
3_numerics/results/7_tau_implicite/data/E36A_regimes_seed42/runs/lam0p25_perturbed/coarse/chunks/chunk_00011.npz,582204,,per-chunk raw output
3_numerics/results/7_tau_implicite/data/E36A_regimes_seed42/runs/lam0p25_perturbed/coarse/chunks/chunk_00015.npz,582204,,per-chunk raw output
3_numerics/results/7_tau_implicite/data/E36A_regimes_seed42/runs/lam0p5_coherent/coarse/chunks/chunk_00007.npz,582204,,per-chunk raw output
3_numerics/results/7_tau_implicite/data/E36A_regimes_seed42/runs/lam0p5_coherent/coarse/chunks/chunk_00011.npz,582204,,per-chunk raw output
3_numerics/results/7_tau_implicite/data/E36A_regimes_seed42/runs/lam0p5_coherent/coarse/chunks/chunk_00015.npz,582204,,per-chunk raw output
3_numerics/results/7_tau_implicite/data/E36A_regimes_seed42/runs/lam0p5_perturbed/coarse/chunks/chunk_00007.npz,582204,,per-chunk raw output
3_numerics/results/7_tau_implicite/data/E36A_regimes_seed42/runs/lam0p5_perturbed/coarse/chunks/chunk_00011.npz,582204,,per-chunk raw output
3_numerics/results/7_tau_implicite/data/E36A_regimes_seed42/runs/lam0p5_perturbed/coarse/chunks/chunk_00015.npz,582204,,per-chunk raw output
3_numerics/results/7_tau_implicite/data/E36A_regimes_seed42/runs/lam1_coherent/coarse/chunks/chunk_00007.npz,582204,,per-chunk raw output
3_numerics/results/7_tau_implicite/data/E36A_regimes_seed42/runs/lam1_coherent/coarse/chunks/chunk_00011.npz,582204,,per-chunk raw output
3_numerics/results/7_tau_implicite/data/E36A_regimes_seed42/runs/lam1_coherent/coarse/chunks/chunk_00015.npz,582204,,per-chunk raw output
3_numerics/results/7_tau_implicite/data/E36A_regimes_seed42/runs/lam1_perturbed/coarse/chunks/chunk_00007.npz,582204,,per-chunk raw output
3_numerics/results/7_tau_implicite/data/E36A_regimes_seed42/runs/lam1_perturbed/coarse/chunks/chunk_00011.npz,582204,,per-chunk raw output
3_numerics/results/7_tau_implicite/data/E36A_regimes_seed42/runs/lam1_perturbed/coarse/chunks/chunk_00015.npz,582204,,per-chunk raw output
3_numerics/results/7_tau_implicite/data/E36A_regimes_seed42/runs/lam2_coherent/coarse/chunks/chunk_00007.npz,582204,,per-chunk raw output
3_numerics/results/7_tau_implicite/data/E36A_regimes_seed42/runs/lam2_coherent/coarse/chunks/chunk_00011.npz,582204,,per-chunk raw output
3_numerics/results/7_tau_implicite/data/E36A_regimes_seed42/runs/lam2_coherent/coarse/chunks/chunk_00015.npz,582204,,per-chunk raw output
3_numerics/results/7_tau_implicite/data/E36A_regimes_seed42/runs/lam2_coherent/fine/chunks/chunk_00007.npz,582204,,per-chunk raw output
3_numerics/results/7_tau_implicite/data/E36A_regimes_seed42/runs/lam2_coherent/fine/chunks/chunk_00011.npz,582204,,per-chunk raw output
3_numerics/results/7_tau_implicite/data/E36A_regimes_seed42/runs/lam2_coherent/fine/chunks/chunk_00015.npz,582204,,per-chunk raw output
3_numerics/results/7_tau_implicite/data/E36A_regimes_seed42/runs/lam2_perturbed/coarse/chunks/chunk_00007.npz,582204,,per-chunk raw output
3_numerics/results/7_tau_implicite/data/E36A_regimes_seed42/runs/lam2_perturbed/coarse/chunks/chunk_00011.npz,582204,,per-chunk raw output
3_numerics/results/7_tau_implicite/data/E36A_regimes_seed42/runs/lam2_perturbed/coarse/chunks/chunk_00015.npz,582204,,per-chunk raw output
3_numerics/results/7_tau_implicite/data/E36A_regimes_seed42/runs/lam2_perturbed/fine/chunks/chunk_00007.npz,582204,,per-chunk raw output
3_numerics/results/7_tau_implicite/data/E36A_regimes_seed42/runs/lam2_perturbed/fine/chunks/chunk_00011.npz,582204,,per-chunk raw output
3_numerics/results/7_tau_implicite/data/E36A_regimes_seed42/runs/lam2_perturbed/fine/chunks/chunk_00015.npz,582204,,per-chunk raw output
3_numerics/results/7_tau_implicite/data/E36A_regimes_seed42/runs/lam4_coherent/coarse/chunks/chunk_00007.npz,582204,,per-chunk raw output
3_numerics/results/7_tau_implicite/data/E36A_regimes_seed42/runs/lam4_coherent/coarse/chunks/chunk_00011.npz,582204,,per-chunk raw output
3_numerics/results/7_tau_implicite/data/E36A_regimes_seed42/runs/lam4_coherent/coarse/chunks/chunk_00015.npz,582204,,per-chunk raw output
3_numerics/results/7_tau_implicite/data/E36A_regimes_seed42/runs/lam4_coherent/fine/chunks/chunk_00007.npz,582204,,per-chunk raw output
3_numerics/results/7_tau_implicite/data/E36A_regimes_seed42/runs/lam4_coherent/fine/chunks/chunk_00011.npz,582204,,per-chunk raw output
3_numerics/results/7_tau_implicite/data/E36A_regimes_seed42/runs/lam4_coherent/fine/chunks/chunk_00015.npz,582204,,per-chunk raw output
3_numerics/results/7_tau_implicite/data/E36A_regimes_seed42/runs/lam4_perturbed/coarse/chunks/chunk_00007.npz,582204,,per-chunk raw output
3_numerics/results/7_tau_implicite/data/E36A_regimes_seed42/runs/lam4_perturbed/coarse/chunks/chunk_00011.npz,582204,,per-chunk raw output
3_numerics/results/7_tau_implicite/data/E36A_regimes_seed42/runs/lam4_perturbed/coarse/chunks/chunk_00015.npz,582204,,per-chunk raw output
3_numerics/results/7_tau_implicite/data/E36A_regimes_seed42/runs/lam4_perturbed/fine/chunks/chunk_00007.npz,582204,,per-chunk raw output
3_numerics/results/7_tau_implicite/data/E36A_regimes_seed42/runs/lam4_perturbed/fine/chunks/chunk_00011.npz,582204,,per-chunk raw output
3_numerics/results/7_tau_implicite/data/E36A_regimes_seed42/runs/lam4_perturbed/fine/chunks/chunk_00015.npz,582204,,per-chunk raw output
3_numerics/results/7_tau_implicite/data/E36A_regimes_seed42/runs/lam8_coherent/coarse/chunks/chunk_00007.npz,582204,,per-chunk raw output
3_numerics/results/7_tau_implicite/data/E36A_regimes_seed42/runs/lam8_coherent/coarse/chunks/chunk_00011.npz,582204,,per-chunk raw output
3_numerics/results/7_tau_implicite/data/E36A_regimes_seed42/runs/lam8_coherent/coarse/chunks/chunk_00015.npz,582204,,per-chunk raw output
3_numerics/results/7_tau_implicite/data/E36A_regimes_seed42/runs/lam8_coherent/fine/chunks/chunk_00007.npz,582204,,per-chunk raw output
3_numerics/results/7_tau_implicite/data/E36A_regimes_seed42/runs/lam8_coherent/fine/chunks/chunk_00011.npz,582204,,per-chunk raw output
3_numerics/results/7_tau_implicite/data/E36A_regimes_seed42/runs/lam8_coherent/fine/chunks/chunk_00015.npz,582204,,per-chunk raw output
3_numerics/results/7_tau_implicite/data/E36A_regimes_seed42/runs/lam8_perturbed/coarse/chunks/chunk_00007.npz,582204,,per-chunk raw output
3_numerics/results/7_tau_implicite/data/E36A_regimes_seed42/runs/lam8_perturbed/coarse/chunks/chunk_00011.npz,582204,,per-chunk raw output
3_numerics/results/7_tau_implicite/data/E36A_regimes_seed42/runs/lam8_perturbed/coarse/chunks/chunk_00015.npz,582204,,per-chunk raw output
3_numerics/results/7_tau_implicite/data/E36A_regimes_seed42/runs/lam8_perturbed/fine/chunks/chunk_00007.npz,582204,,per-chunk raw output
3_numerics/results/7_tau_implicite/data/E36A_regimes_seed42/runs/lam8_perturbed/fine/chunks/chunk_00011.npz,582204,,per-chunk raw output
3_numerics/results/7_tau_implicite/data/E36A_regimes_seed42/runs/lam8_perturbed/fine/chunks/chunk_00015.npz,582204,,per-chunk raw output
3_numerics/results/7_tau_implicite/data/E36A_regimes_seed43/runs/lam0_coherent/coarse/chunks/chunk_00007.npz,582204,,per-chunk raw output
3_numerics/results/7_tau_implicite/data/E36A_regimes_seed43/runs/lam0_coherent/coarse/chunks/chunk_00011.npz,582204,,per-chunk raw output
3_numerics/results/7_tau_implicite/data/E36A_regimes_seed43/runs/lam0_coherent/coarse/chunks/chunk_00015.npz,582204,,per-chunk raw output
3_numerics/results/7_tau_implicite/data/E36A_regimes_seed43/runs/lam0_perturbed/coarse/chunks/chunk_00007.npz,582204,,per-chunk raw output
3_numerics/results/7_tau_implicite/data/E36A_regimes_seed43/runs/lam0_perturbed/coarse/chunks/chunk_00011.npz,582204,,per-chunk raw output
3_numerics/results/7_tau_implicite/data/E36A_regimes_seed43/runs/lam0_perturbed/coarse/chunks/chunk_00015.npz,582204,,per-chunk raw output
3_numerics/results/7_tau_implicite/data/E36A_regimes_seed43/runs/lam0p125_coherent/coarse/chunks/chunk_00007.npz,582204,,per-chunk raw output
3_numerics/results/7_tau_implicite/data/E36A_regimes_seed43/runs/lam0p125_coherent/coarse/chunks/chunk_00011.npz,582204,,per-chunk raw output
3_numerics/results/7_tau_implicite/data/E36A_regimes_seed43/runs/lam0p125_coherent/coarse/chunks/chunk_00015.npz,582204,,per-chunk raw output
3_numerics/results/7_tau_implicite/data/E36A_regimes_seed43/runs/lam0p125_perturbed/coarse/chunks/chunk_00007.npz,582204,,per-chunk raw output
3_numerics/results/7_tau_implicite/data/E36A_regimes_seed43/runs/lam0p125_perturbed/coarse/chunks/chunk_00011.npz,582204,,per-chunk raw output
3_numerics/results/7_tau_implicite/data/E36A_regimes_seed43/runs/lam0p125_perturbed/coarse/chunks/chunk_00015.npz,582204,,per-chunk raw output
3_numerics/results/7_tau_implicite/data/E36A_regimes_seed43/runs/lam0p25_coherent/coarse/chunks/chunk_00007.npz,582204,,per-chunk raw output
3_numerics/results/7_tau_implicite/data/E36A_regimes_seed43/runs/lam0p25_coherent/coarse/chunks/chunk_00011.npz,582204,,per-chunk raw output
3_numerics/results/7_tau_implicite/data/E36A_regimes_seed43/runs/lam0p25_coherent/coarse/chunks/chunk_00015.npz,582204,,per-chunk raw output
3_numerics/results/7_tau_implicite/data/E36A_regimes_seed43/runs/lam0p25_perturbed/coarse/chunks/chunk_00007.npz,582204,,per-chunk raw output
3_numerics/results/7_tau_implicite/data/E36A_regimes_seed43/runs/lam0p25_perturbed/coarse/chunks/chunk_00011.npz,582204,,per-chunk raw output
3_numerics/results/7_tau_implicite/data/E36A_regimes_seed43/runs/lam0p25_perturbed/coarse/chunks/chunk_00015.npz,582204,,per-chunk raw output
3_numerics/results/7_tau_implicite/data/E36A_regimes_seed43/runs/lam0p5_coherent/coarse/chunks/chunk_00007.npz,582204,,per-chunk raw output
3_numerics/results/7_tau_implicite/data/E36A_regimes_seed43/runs/lam0p5_coherent/coarse/chunks/chunk_00011.npz,582204,,per-chunk raw output
3_numerics/results/7_tau_implicite/data/E36A_regimes_seed43/runs/lam0p5_coherent/coarse/chunks/chunk_00015.npz,582204,,per-chunk raw output
3_numerics/results/7_tau_implicite/data/E36A_regimes_seed43/runs/lam0p5_perturbed/coarse/chunks/chunk_00007.npz,582204,,per-chunk raw output
3_numerics/results/7_tau_implicite/data/E36A_regimes_seed43/runs/lam0p5_perturbed/coarse/chunks/chunk_00011.npz,582204,,per-chunk raw output
3_numerics/results/7_tau_implicite/data/E36A_regimes_seed43/runs/lam0p5_perturbed/coarse/chunks/chunk_00015.npz,582204,,per-chunk raw output
3_numerics/results/7_tau_implicite/data/E36A_regimes_seed43/runs/lam1_coherent/coarse/chunks/chunk_00007.npz,582204,,per-chunk raw output
3_numerics/results/7_tau_implicite/data/E36A_regimes_seed43/runs/lam1_coherent/coarse/chunks/chunk_00011.npz,582204,,per-chunk raw output
3_numerics/results/7_tau_implicite/data/E36A_regimes_seed43/runs/lam1_coherent/coarse/chunks/chunk_00015.npz,582204,,per-chunk raw output
3_numerics/results/7_tau_implicite/data/E36A_regimes_seed43/runs/lam1_perturbed/coarse/chunks/chunk_00007.npz,582204,,per-chunk raw output
3_numerics/results/7_tau_implicite/data/E36A_regimes_seed43/runs/lam1_perturbed/coarse/chunks/chunk_00011.npz,582204,,per-chunk raw output
3_numerics/results/7_tau_implicite/data/E36A_regimes_seed43/runs/lam1_perturbed/coarse/chunks/chunk_00015.npz,582204,,per-chunk raw output
3_numerics/results/7_tau_implicite/data/E36A_regimes_seed43/runs/lam2_coherent/coarse/chunks/chunk_00007.npz,582204,,per-chunk raw output
3_numerics/results/7_tau_implicite/data/E36A_regimes_seed43/runs/lam2_coherent/coarse/chunks/chunk_00011.npz,582204,,per-chunk raw output
3_numerics/results/7_tau_implicite/data/E36A_regimes_seed43/runs/lam2_coherent/coarse/chunks/chunk_00015.npz,582204,,per-chunk raw output
3_numerics/results/7_tau_implicite/data/E36A_regimes_seed43/runs/lam2_coherent/fine/chunks/chunk_00007.npz,582204,,per-chunk raw output
3_numerics/results/7_tau_implicite/data/E36A_regimes_seed43/runs/lam2_coherent/fine/chunks/chunk_00011.npz,582204,,per-chunk raw output
3_numerics/results/7_tau_implicite/data/E36A_regimes_seed43/runs/lam2_coherent/fine/chunks/chunk_00015.npz,582204,,per-chunk raw output
3_numerics/results/7_tau_implicite/data/E36A_regimes_seed43/runs/lam2_perturbed/coarse/chunks/chunk_00007.npz,582204,,per-chunk raw output
3_numerics/results/7_tau_implicite/data/E36A_regimes_seed43/runs/lam2_perturbed/coarse/chunks/chunk_00011.npz,582204,,per-chunk raw output
3_numerics/results/7_tau_implicite/data/E36A_regimes_seed43/runs/lam2_perturbed/coarse/chunks/chunk_00015.npz,582204,,per-chunk raw output
3_numerics/results/7_tau_implicite/data/E36A_regimes_seed43/runs/lam2_perturbed/fine/chunks/chunk_00007.npz,582204,,per-chunk raw output
3_numerics/results/7_tau_implicite/data/E36A_regimes_seed43/runs/lam2_perturbed/fine/chunks/chunk_00011.npz,582204,,per-chunk raw output
3_numerics/results/7_tau_implicite/data/E36A_regimes_seed43/runs/lam2_perturbed/fine/chunks/chunk_00015.npz,582204,,per-chunk raw output
3_numerics/results/7_tau_implicite/data/E36A_regimes_seed43/runs/lam4_coherent/coarse/chunks/chunk_00007.npz,582204,,per-chunk raw output
3_numerics/results/7_tau_implicite/data/E36A_regimes_seed43/runs/lam4_coherent/coarse/chunks/chunk_00011.npz,582204,,per-chunk raw output
3_numerics/results/7_tau_implicite/data/E36A_regimes_seed43/runs/lam4_coherent/coarse/chunks/chunk_00015.npz,582204,,per-chunk raw output
3_numerics/results/7_tau_implicite/data/E36A_regimes_seed43/runs/lam4_coherent/fine/chunks/chunk_00007.npz,582204,,per-chunk raw output
3_numerics/results/7_tau_implicite/data/E36A_regimes_seed43/runs/lam4_coherent/fine/chunks/chunk_00011.npz,582204,,per-chunk raw output
3_numerics/results/7_tau_implicite/data/E36A_regimes_seed43/runs/lam4_coherent/fine/chunks/chunk_00015.npz,582204,,per-chunk raw output
3_numerics/results/7_tau_implicite/data/E36A_regimes_seed43/runs/lam4_perturbed/coarse/chunks/chunk_00007.npz,582204,,per-chunk raw output
3_numerics/results/7_tau_implicite/data/E36A_regimes_seed43/runs/lam4_perturbed/coarse/chunks/chunk_00011.npz,582204,,per-chunk raw output
3_numerics/results/7_tau_implicite/data/E36A_regimes_seed43/runs/lam4_perturbed/coarse/chunks/chunk_00015.npz,582204,,per-chunk raw output
3_numerics/results/7_tau_implicite/data/E36A_regimes_seed43/runs/lam4_perturbed/fine/chunks/chunk_00007.npz,582204,,per-chunk raw output
3_numerics/results/7_tau_implicite/data/E36A_regimes_seed43/runs/lam4_perturbed/fine/chunks/chunk_00011.npz,582204,,per-chunk raw output
3_numerics/results/7_tau_implicite/data/E36A_regimes_seed43/runs/lam4_perturbed/fine/chunks/chunk_00015.npz,582204,,per-chunk raw output
3_numerics/results/7_tau_implicite/data/E36A_regimes_seed43/runs/lam8_coherent/coarse/chunks/chunk_00007.npz,582204,,per-chunk raw output
3_numerics/results/7_tau_implicite/data/E36A_regimes_seed43/runs/lam8_coherent/coarse/chunks/chunk_00011.npz,582204,,per-chunk raw output
3_numerics/results/7_tau_implicite/data/E36A_regimes_seed43/runs/lam8_coherent/coarse/chunks/chunk_00015.npz,582204,,per-chunk raw output
3_numerics/results/7_tau_implicite/data/E36A_regimes_seed43/runs/lam8_coherent/fine/chunks/chunk_00007.npz,582204,,per-chunk raw output
3_numerics/results/7_tau_implicite/data/E36A_regimes_seed43/runs/lam8_coherent/fine/chunks/chunk_00011.npz,582204,,per-chunk raw output
3_numerics/results/7_tau_implicite/data/E36A_regimes_seed43/runs/lam8_coherent/fine/chunks/chunk_00015.npz,582204,,per-chunk raw output
3_numerics/results/7_tau_implicite/data/E36A_regimes_seed43/runs/lam8_perturbed/coarse/chunks/chunk_00007.npz,582204,,per-chunk raw output
3_numerics/results/7_tau_implicite/data/E36A_regimes_seed43/runs/lam8_perturbed/coarse/chunks/chunk_00011.npz,582204,,per-chunk raw output
3_numerics/results/7_tau_implicite/data/E36A_regimes_seed43/runs/lam8_perturbed/coarse/chunks/chunk_00015.npz,582204,,per-chunk raw output
3_numerics/results/7_tau_implicite/data/E36A_regimes_seed43/runs/lam8_perturbed/fine/chunks/chunk_00007.npz,582204,,per-chunk raw output
3_numerics/results/7_tau_implicite/data/E36A_regimes_seed43/runs/lam8_perturbed/fine/chunks/chunk_00011.npz,582204,,per-chunk raw output
3_numerics/results/7_tau_implicite/data/E36A_regimes_seed43/runs/lam8_perturbed/fine/chunks/chunk_00015.npz,582204,,per-chunk raw output
3_numerics/results/7_tau_implicite/data/E36A_regimes_seed44/runs/lam0_coherent/coarse/chunks/chunk_00007.npz,582204,,per-chunk raw output
3_numerics/results/7_tau_implicite/data/E36A_regimes_seed44/runs/lam0_coherent/coarse/chunks/chunk_00011.npz,582204,,per-chunk raw output
3_numerics/results/7_tau_implicite/data/E36A_regimes_seed44/runs/lam0_coherent/coarse/chunks/chunk_00015.npz,582204,,per-chunk raw output
3_numerics/results/7_tau_implicite/data/E36A_regimes_seed44/runs/lam0_perturbed/coarse/chunks/chunk_00007.npz,582204,,per-chunk raw output
3_numerics/results/7_tau_implicite/data/E36A_regimes_seed44/runs/lam0_perturbed/coarse/chunks/chunk_00011.npz,582204,,per-chunk raw output
3_numerics/results/7_tau_implicite/data/E36A_regimes_seed44/runs/lam0_perturbed/coarse/chunks/chunk_00015.npz,582204,,per-chunk raw output
3_numerics/results/7_tau_implicite/data/E36A_regimes_seed44/runs/lam0p125_coherent/coarse/chunks/chunk_00007.npz,582204,,per-chunk raw output
3_numerics/results/7_tau_implicite/data/E36A_regimes_seed44/runs/lam0p125_coherent/coarse/chunks/chunk_00011.npz,582204,,per-chunk raw output
3_numerics/results/7_tau_implicite/data/E36A_regimes_seed44/runs/lam0p125_coherent/coarse/chunks/chunk_00015.npz,582204,,per-chunk raw output
3_numerics/results/7_tau_implicite/data/E36A_regimes_seed44/runs/lam0p125_perturbed/coarse/chunks/chunk_00007.npz,582204,,per-chunk raw output
3_numerics/results/7_tau_implicite/data/E36A_regimes_seed44/runs/lam0p125_perturbed/coarse/chunks/chunk_00011.npz,582204,,per-chunk raw output
3_numerics/results/7_tau_implicite/data/E36A_regimes_seed44/runs/lam0p125_perturbed/coarse/chunks/chunk_00015.npz,582204,,per-chunk raw output
3_numerics/results/7_tau_implicite/data/E36A_regimes_seed44/runs/lam0p25_coherent/coarse/chunks/chunk_00007.npz,582204,,per-chunk raw output
3_numerics/results/7_tau_implicite/data/E36A_regimes_seed44/runs/lam0p25_coherent/coarse/chunks/chunk_00011.npz,582204,,per-chunk raw output
3_numerics/results/7_tau_implicite/data/E36A_regimes_seed44/runs/lam0p25_coherent/coarse/chunks/chunk_00015.npz,582204,,per-chunk raw output
3_numerics/results/7_tau_implicite/data/E36A_regimes_seed44/runs/lam0p25_perturbed/coarse/chunks/chunk_00007.npz,582204,,per-chunk raw output
3_numerics/results/7_tau_implicite/data/E36A_regimes_seed44/runs/lam0p25_perturbed/coarse/chunks/chunk_00011.npz,582204,,per-chunk raw output
3_numerics/results/7_tau_implicite/data/E36A_regimes_seed44/runs/lam0p25_perturbed/coarse/chunks/chunk_00015.npz,582204,,per-chunk raw output
3_numerics/results/7_tau_implicite/data/E36A_regimes_seed44/runs/lam0p5_coherent/coarse/chunks/chunk_00007.npz,582204,,per-chunk raw output
3_numerics/results/7_tau_implicite/data/E36A_regimes_seed44/runs/lam0p5_coherent/coarse/chunks/chunk_00011.npz,582204,,per-chunk raw output
3_numerics/results/7_tau_implicite/data/E36A_regimes_seed44/runs/lam0p5_coherent/coarse/chunks/chunk_00015.npz,582204,,per-chunk raw output
3_numerics/results/7_tau_implicite/data/E36A_regimes_seed44/runs/lam0p5_perturbed/coarse/chunks/chunk_00007.npz,582204,,per-chunk raw output
3_numerics/results/7_tau_implicite/data/E36A_regimes_seed44/runs/lam0p5_perturbed/coarse/chunks/chunk_00011.npz,582204,,per-chunk raw output
3_numerics/results/7_tau_implicite/data/E36A_regimes_seed44/runs/lam0p5_perturbed/coarse/chunks/chunk_00015.npz,582204,,per-chunk raw output
3_numerics/results/7_tau_implicite/data/E36A_regimes_seed44/runs/lam1_coherent/coarse/chunks/chunk_00007.npz,582204,,per-chunk raw output
3_numerics/results/7_tau_implicite/data/E36A_regimes_seed44/runs/lam1_coherent/coarse/chunks/chunk_00011.npz,582204,,per-chunk raw output
3_numerics/results/7_tau_implicite/data/E36A_regimes_seed44/runs/lam1_coherent/coarse/chunks/chunk_00015.npz,582204,,per-chunk raw output
3_numerics/results/7_tau_implicite/data/E36A_regimes_seed44/runs/lam1_perturbed/coarse/chunks/chunk_00007.npz,582204,,per-chunk raw output
3_numerics/results/7_tau_implicite/data/E36A_regimes_seed44/runs/lam1_perturbed/coarse/chunks/chunk_00011.npz,582204,,per-chunk raw output
3_numerics/results/7_tau_implicite/data/E36A_regimes_seed44/runs/lam1_perturbed/coarse/chunks/chunk_00015.npz,582204,,per-chunk raw output
3_numerics/results/7_tau_implicite/data/E36A_regimes_seed44/runs/lam2_coherent/coarse/chunks/chunk_00007.npz,582204,,per-chunk raw output
3_numerics/results/7_tau_implicite/data/E36A_regimes_seed44/runs/lam2_coherent/coarse/chunks/chunk_00011.npz,582204,,per-chunk raw output
3_numerics/results/7_tau_implicite/data/E36A_regimes_seed44/runs/lam2_coherent/coarse/chunks/chunk_00015.npz,582204,,per-chunk raw output
3_numerics/results/7_tau_implicite/data/E36A_regimes_seed44/runs/lam2_coherent/fine/chunks/chunk_00007.npz,582204,,per-chunk raw output
3_numerics/results/7_tau_implicite/data/E36A_regimes_seed44/runs/lam2_coherent/fine/chunks/chunk_00011.npz,582204,,per-chunk raw output
3_numerics/results/7_tau_implicite/data/E36A_regimes_seed44/runs/lam2_coherent/fine/chunks/chunk_00015.npz,582204,,per-chunk raw output
3_numerics/results/7_tau_implicite/data/E36A_regimes_seed44/runs/lam2_perturbed/coarse/chunks/chunk_00007.npz,582204,,per-chunk raw output
3_numerics/results/7_tau_implicite/data/E36A_regimes_seed44/runs/lam2_perturbed/coarse/chunks/chunk_00011.npz,582204,,per-chunk raw output
3_numerics/results/7_tau_implicite/data/E36A_regimes_seed44/runs/lam2_perturbed/coarse/chunks/chunk_00015.npz,582204,,per-chunk raw output
3_numerics/results/7_tau_implicite/data/E36A_regimes_seed44/runs/lam2_perturbed/fine/chunks/chunk_00007.npz,582204,,per-chunk raw output
3_numerics/results/7_tau_implicite/data/E36A_regimes_seed44/runs/lam2_perturbed/fine/chunks/chunk_00011.npz,582204,,per-chunk raw output
3_numerics/results/7_tau_implicite/data/E36A_regimes_seed44/runs/lam2_perturbed/fine/chunks/chunk_00015.npz,582204,,per-chunk raw output
3_numerics/results/7_tau_implicite/data/E36A_regimes_seed44/runs/lam4_coherent/coarse/chunks/chunk_00007.npz,582204,,per-chunk raw output
3_numerics/results/7_tau_implicite/data/E36A_regimes_seed44/runs/lam4_coherent/coarse/chunks/chunk_00011.npz,582204,,per-chunk raw output
3_numerics/results/7_tau_implicite/data/E36A_regimes_seed44/runs/lam4_coherent/coarse/chunks/chunk_00015.npz,582204,,per-chunk raw output
3_numerics/results/7_tau_implicite/data/E36A_regimes_seed44/runs/lam4_coherent/fine/chunks/chunk_00007.npz,582204,,per-chunk raw output
3_numerics/results/7_tau_implicite/data/E36A_regimes_seed44/runs/lam4_coherent/fine/chunks/chunk_00011.npz,582204,,per-chunk raw output
3_numerics/results/7_tau_implicite/data/E36A_regimes_seed44/runs/lam4_coherent/fine/chunks/chunk_00015.npz,582204,,per-chunk raw output
3_numerics/results/7_tau_implicite/data/E36A_regimes_seed44/runs/lam4_perturbed/coarse/chunks/chunk_00007.npz,582204,,per-chunk raw output
3_numerics/results/7_tau_implicite/data/E36A_regimes_seed44/runs/lam4_perturbed/coarse/chunks/chunk_00011.npz,582204,,per-chunk raw output
3_numerics/results/7_tau_implicite/data/E36A_regimes_seed44/runs/lam4_perturbed/coarse/chunks/chunk_00015.npz,582204,,per-chunk raw output
3_numerics/results/7_tau_implicite/data/E36A_regimes_seed44/runs/lam4_perturbed/fine/chunks/chunk_00007.npz,582204,,per-chunk raw output
3_numerics/results/7_tau_implicite/data/E36A_regimes_seed44/runs/lam4_perturbed/fine/chunks/chunk_00011.npz,582204,,per-chunk raw output
3_numerics/results/7_tau_implicite/data/E36A_regimes_seed44/runs/lam4_perturbed/fine/chunks/chunk_00015.npz,582204,,per-chunk raw output
3_numerics/results/7_tau_implicite/data/E36A_regimes_seed44/runs/lam8_coherent/coarse/chunks/chunk_00007.npz,582204,,per-chunk raw output
3_numerics/results/7_tau_implicite/data/E36A_regimes_seed44/runs/lam8_coherent/coarse/chunks/chunk_00011.npz,582204,,per-chunk raw output
3_numerics/results/7_tau_implicite/data/E36A_regimes_seed44/runs/lam8_coherent/coarse/chunks/chunk_00015.npz,582204,,per-chunk raw output
3_numerics/results/7_tau_implicite/data/E36A_regimes_seed44/runs/lam8_coherent/fine/chunks/chunk_00007.npz,582204,,per-chunk raw output
3_numerics/results/7_tau_implicite/data/E36A_regimes_seed44/runs/lam8_coherent/fine/chunks/chunk_00011.npz,582204,,per-chunk raw output
3_numerics/results/7_tau_implicite/data/E36A_regimes_seed44/runs/lam8_coherent/fine/chunks/chunk_00015.npz,582204,,per-chunk raw output
3_numerics/results/7_tau_implicite/data/E36A_regimes_seed44/runs/lam8_perturbed/coarse/chunks/chunk_00007.npz,582204,,per-chunk raw output
3_numerics/results/7_tau_implicite/data/E36A_regimes_seed44/runs/lam8_perturbed/coarse/chunks/chunk_00011.npz,582204,,per-chunk raw output
3_numerics/results/7_tau_implicite/data/E36A_regimes_seed44/runs/lam8_perturbed/coarse/chunks/chunk_00015.npz,582204,,per-chunk raw output
3_numerics/results/7_tau_implicite/data/E36A_regimes_seed44/runs/lam8_perturbed/fine/chunks/chunk_00007.npz,582204,,per-chunk raw output
3_numerics/results/7_tau_implicite/data/E36A_regimes_seed44/runs/lam8_perturbed/fine/chunks/chunk_00011.npz,582204,,per-chunk raw output
3_numerics/results/7_tau_implicite/data/E36A_regimes_seed44/runs/lam8_perturbed/fine/chunks/chunk_00015.npz,582204,,per-chunk raw output
3_numerics/results/7_tau_implicite/data/E36A_regimes_seed45/runs/lam0_coherent/coarse/chunks/chunk_00007.npz,582204,,per-chunk raw output
3_numerics/results/7_tau_implicite/data/E36A_regimes_seed45/runs/lam0_coherent/coarse/chunks/chunk_00011.npz,582204,,per-chunk raw output
3_numerics/results/7_tau_implicite/data/E36A_regimes_seed45/runs/lam0_coherent/coarse/chunks/chunk_00015.npz,582204,,per-chunk raw output
3_numerics/results/7_tau_implicite/data/E36A_regimes_seed45/runs/lam0_perturbed/coarse/chunks/chunk_00007.npz,582204,,per-chunk raw output
3_numerics/results/7_tau_implicite/data/E36A_regimes_seed45/runs/lam0_perturbed/coarse/chunks/chunk_00011.npz,582204,,per-chunk raw output
3_numerics/results/7_tau_implicite/data/E36A_regimes_seed45/runs/lam0_perturbed/coarse/chunks/chunk_00015.npz,582204,,per-chunk raw output
3_numerics/results/7_tau_implicite/data/E36A_regimes_seed45/runs/lam0p125_coherent/coarse/chunks/chunk_00007.npz,582204,,per-chunk raw output
3_numerics/results/7_tau_implicite/data/E36A_regimes_seed45/runs/lam0p125_coherent/coarse/chunks/chunk_00011.npz,582204,,per-chunk raw output
3_numerics/results/7_tau_implicite/data/E36A_regimes_seed45/runs/lam0p125_coherent/coarse/chunks/chunk_00015.npz,582204,,per-chunk raw output
3_numerics/results/7_tau_implicite/data/E36A_regimes_seed45/runs/lam0p125_perturbed/coarse/chunks/chunk_00007.npz,582204,,per-chunk raw output
3_numerics/results/7_tau_implicite/data/E36A_regimes_seed45/runs/lam0p125_perturbed/coarse/chunks/chunk_00011.npz,582204,,per-chunk raw output
3_numerics/results/7_tau_implicite/data/E36A_regimes_seed45/runs/lam0p125_perturbed/coarse/chunks/chunk_00015.npz,582204,,per-chunk raw output
3_numerics/results/7_tau_implicite/data/E36A_regimes_seed45/runs/lam0p25_coherent/coarse/chunks/chunk_00007.npz,582204,,per-chunk raw output
3_numerics/results/7_tau_implicite/data/E36A_regimes_seed45/runs/lam0p25_coherent/coarse/chunks/chunk_00011.npz,582204,,per-chunk raw output
3_numerics/results/7_tau_implicite/data/E36A_regimes_seed45/runs/lam0p25_coherent/coarse/chunks/chunk_00015.npz,582204,,per-chunk raw output
3_numerics/results/7_tau_implicite/data/E36A_regimes_seed45/runs/lam0p25_perturbed/coarse/chunks/chunk_00007.npz,582204,,per-chunk raw output
3_numerics/results/7_tau_implicite/data/E36A_regimes_seed45/runs/lam0p25_perturbed/coarse/chunks/chunk_00011.npz,582204,,per-chunk raw output
3_numerics/results/7_tau_implicite/data/E36A_regimes_seed45/runs/lam0p25_perturbed/coarse/chunks/chunk_00015.npz,582204,,per-chunk raw output
3_numerics/results/7_tau_implicite/data/E36A_regimes_seed45/runs/lam0p5_coherent/coarse/chunks/chunk_00007.npz,582204,,per-chunk raw output
3_numerics/results/7_tau_implicite/data/E36A_regimes_seed45/runs/lam0p5_coherent/coarse/chunks/chunk_00011.npz,582204,,per-chunk raw output
3_numerics/results/7_tau_implicite/data/E36A_regimes_seed45/runs/lam0p5_coherent/coarse/chunks/chunk_00015.npz,582204,,per-chunk raw output
3_numerics/results/7_tau_implicite/data/E36A_regimes_seed45/runs/lam0p5_perturbed/coarse/chunks/chunk_00007.npz,582204,,per-chunk raw output
3_numerics/results/7_tau_implicite/data/E36A_regimes_seed45/runs/lam0p5_perturbed/coarse/chunks/chunk_00011.npz,582204,,per-chunk raw output
3_numerics/results/7_tau_implicite/data/E36A_regimes_seed45/runs/lam0p5_perturbed/coarse/chunks/chunk_00015.npz,582204,,per-chunk raw output
3_numerics/results/7_tau_implicite/data/E36A_regimes_seed45/runs/lam1_coherent/coarse/chunks/chunk_00007.npz,582204,,per-chunk raw output
3_numerics/results/7_tau_implicite/data/E36A_regimes_seed45/runs/lam1_coherent/coarse/chunks/chunk_00011.npz,582204,,per-chunk raw output
3_numerics/results/7_tau_implicite/data/E36A_regimes_seed45/runs/lam1_coherent/coarse/chunks/chunk_00015.npz,582204,,per-chunk raw output
3_numerics/results/7_tau_implicite/data/E36A_regimes_seed45/runs/lam1_perturbed/coarse/chunks/chunk_00007.npz,582204,,per-chunk raw output
3_numerics/results/7_tau_implicite/data/E36A_regimes_seed45/runs/lam1_perturbed/coarse/chunks/chunk_00011.npz,582204,,per-chunk raw output
3_numerics/results/7_tau_implicite/data/E36A_regimes_seed45/runs/lam1_perturbed/coarse/chunks/chunk_00015.npz,582204,,per-chunk raw output
3_numerics/results/7_tau_implicite/data/E36A_regimes_seed45/runs/lam2_coherent/coarse/chunks/chunk_00007.npz,582204,,per-chunk raw output
3_numerics/results/7_tau_implicite/data/E36A_regimes_seed45/runs/lam2_coherent/coarse/chunks/chunk_00011.npz,582204,,per-chunk raw output
3_numerics/results/7_tau_implicite/data/E36A_regimes_seed45/runs/lam2_coherent/coarse/chunks/chunk_00015.npz,582204,,per-chunk raw output
3_numerics/results/7_tau_implicite/data/E36A_regimes_seed45/runs/lam2_coherent/fine/chunks/chunk_00007.npz,582204,,per-chunk raw output
3_numerics/results/7_tau_implicite/data/E36A_regimes_seed45/runs/lam2_coherent/fine/chunks/chunk_00011.npz,582204,,per-chunk raw output
3_numerics/results/7_tau_implicite/data/E36A_regimes_seed45/runs/lam2_coherent/fine/chunks/chunk_00015.npz,582204,,per-chunk raw output
3_numerics/results/7_tau_implicite/data/E36A_regimes_seed45/runs/lam2_perturbed/coarse/chunks/chunk_00007.npz,582204,,per-chunk raw output
3_numerics/results/7_tau_implicite/data/E36A_regimes_seed45/runs/lam2_perturbed/coarse/chunks/chunk_00011.npz,582204,,per-chunk raw output
3_numerics/results/7_tau_implicite/data/E36A_regimes_seed45/runs/lam2_perturbed/coarse/chunks/chunk_00015.npz,582204,,per-chunk raw output
3_numerics/results/7_tau_implicite/data/E36A_regimes_seed45/runs/lam2_perturbed/fine/chunks/chunk_00007.npz,582204,,per-chunk raw output
3_numerics/results/7_tau_implicite/data/E36A_regimes_seed45/runs/lam2_perturbed/fine/chunks/chunk_00011.npz,582204,,per-chunk raw output
3_numerics/results/7_tau_implicite/data/E36A_regimes_seed45/runs/lam2_perturbed/fine/chunks/chunk_00015.npz,582204,,per-chunk raw output
3_numerics/results/7_tau_implicite/data/E36A_regimes_seed45/runs/lam4_coherent/coarse/chunks/chunk_00007.npz,582204,,per-chunk raw output
3_numerics/results/7_tau_implicite/data/E36A_regimes_seed45/runs/lam4_coherent/coarse/chunks/chunk_00011.npz,582204,,per-chunk raw output
3_numerics/results/7_tau_implicite/data/E36A_regimes_seed45/runs/lam4_coherent/coarse/chunks/chunk_00015.npz,582204,,per-chunk raw output
3_numerics/results/7_tau_implicite/data/E36A_regimes_seed45/runs/lam4_coherent/fine/chunks/chunk_00007.npz,582204,,per-chunk raw output
3_numerics/results/7_tau_implicite/data/E36A_regimes_seed45/runs/lam4_coherent/fine/chunks/chunk_00011.npz,582204,,per-chunk raw output
3_numerics/results/7_tau_implicite/data/E36A_regimes_seed45/runs/lam4_coherent/fine/chunks/chunk_00015.npz,582204,,per-chunk raw output
3_numerics/results/7_tau_implicite/data/E36A_regimes_seed45/runs/lam4_perturbed/coarse/chunks/chunk_00007.npz,582204,,per-chunk raw output
3_numerics/results/7_tau_implicite/data/E36A_regimes_seed45/runs/lam4_perturbed/coarse/chunks/chunk_00011.npz,582204,,per-chunk raw output
3_numerics/results/7_tau_implicite/data/E36A_regimes_seed45/runs/lam4_perturbed/coarse/chunks/chunk_00015.npz,582204,,per-chunk raw output
3_numerics/results/7_tau_implicite/data/E36A_regimes_seed45/runs/lam4_perturbed/fine/chunks/chunk_00007.npz,582204,,per-chunk raw output
3_numerics/results/7_tau_implicite/data/E36A_regimes_seed45/runs/lam4_perturbed/fine/chunks/chunk_00011.npz,582204,,per-chunk raw output
3_numerics/results/7_tau_implicite/data/E36A_regimes_seed45/runs/lam4_perturbed/fine/chunks/chunk_00015.npz,582204,,per-chunk raw output
3_numerics/results/7_tau_implicite/data/E36A_regimes_seed45/runs/lam8_coherent/coarse/chunks/chunk_00007.npz,582204,,per-chunk raw output
3_numerics/results/7_tau_implicite/data/E36A_regimes_seed45/runs/lam8_coherent/coarse/chunks/chunk_00011.npz,582204,,per-chunk raw output
3_numerics/results/7_tau_implicite/data/E36A_regimes_seed45/runs/lam8_coherent/coarse/chunks/chunk_00015.npz,582204,,per-chunk raw output
3_numerics/results/7_tau_implicite/data/E36A_regimes_seed45/runs/lam8_coherent/fine/chunks/chunk_00007.npz,582204,,per-chunk raw output
3_numerics/results/7_tau_implicite/data/E36A_regimes_seed45/runs/lam8_coherent/fine/chunks/chunk_00011.npz,582204,,per-chunk raw output
3_numerics/results/7_tau_implicite/data/E36A_regimes_seed45/runs/lam8_coherent/fine/chunks/chunk_00015.npz,582204,,per-chunk raw output
3_numerics/results/7_tau_implicite/data/E36A_regimes_seed45/runs/lam8_perturbed/coarse/chunks/chunk_00007.npz,582204,,per-chunk raw output
3_numerics/results/7_tau_implicite/data/E36A_regimes_seed45/runs/lam8_perturbed/coarse/chunks/chunk_00011.npz,582204,,per-chunk raw output
3_numerics/results/7_tau_implicite/data/E36A_regimes_seed45/runs/lam8_perturbed/coarse/chunks/chunk_00015.npz,582204,,per-chunk raw output
3_numerics/results/7_tau_implicite/data/E36A_regimes_seed45/runs/lam8_perturbed/fine/chunks/chunk_00007.npz,582204,,per-chunk raw output
3_numerics/results/7_tau_implicite/data/E36A_regimes_seed45/runs/lam8_perturbed/fine/chunks/chunk_00011.npz,582204,,per-chunk raw output
3_numerics/results/7_tau_implicite/data/E36A_regimes_seed45/runs/lam8_perturbed/fine/chunks/chunk_00015.npz,582204,,per-chunk raw output
3_numerics/results/7_tau_implicite/data/E36A_regimes_seed46/runs/lam0_coherent/coarse/chunks/chunk_00007.npz,582204,,per-chunk raw output
3_numerics/results/7_tau_implicite/data/E36A_regimes_seed46/runs/lam0_coherent/coarse/chunks/chunk_00011.npz,582204,,per-chunk raw output
3_numerics/results/7_tau_implicite/data/E36A_regimes_seed46/runs/lam0_coherent/coarse/chunks/chunk_00015.npz,582204,,per-chunk raw output
3_numerics/results/7_tau_implicite/data/E36A_regimes_seed46/runs/lam0_perturbed/coarse/chunks/chunk_00007.npz,582204,,per-chunk raw output
3_numerics/results/7_tau_implicite/data/E36A_regimes_seed46/runs/lam0_perturbed/coarse/chunks/chunk_00011.npz,582204,,per-chunk raw output
3_numerics/results/7_tau_implicite/data/E36A_regimes_seed46/runs/lam0_perturbed/coarse/chunks/chunk_00015.npz,582204,,per-chunk raw output
3_numerics/results/7_tau_implicite/data/E36A_regimes_seed46/runs/lam0p125_coherent/coarse/chunks/chunk_00007.npz,582204,,per-chunk raw output
3_numerics/results/7_tau_implicite/data/E36A_regimes_seed46/runs/lam0p125_coherent/coarse/chunks/chunk_00011.npz,582204,,per-chunk raw output
3_numerics/results/7_tau_implicite/data/E36A_regimes_seed46/runs/lam0p125_coherent/coarse/chunks/chunk_00015.npz,582204,,per-chunk raw output
3_numerics/results/7_tau_implicite/data/E36A_regimes_seed46/runs/lam0p125_perturbed/coarse/chunks/chunk_00007.npz,582204,,per-chunk raw output
3_numerics/results/7_tau_implicite/data/E36A_regimes_seed46/runs/lam0p125_perturbed/coarse/chunks/chunk_00011.npz,582204,,per-chunk raw output
3_numerics/results/7_tau_implicite/data/E36A_regimes_seed46/runs/lam0p125_perturbed/coarse/chunks/chunk_00015.npz,582204,,per-chunk raw output
3_numerics/results/7_tau_implicite/data/E36A_regimes_seed46/runs/lam0p25_coherent/coarse/chunks/chunk_00007.npz,582204,,per-chunk raw output
3_numerics/results/7_tau_implicite/data/E36A_regimes_seed46/runs/lam0p25_coherent/coarse/chunks/chunk_00011.npz,582204,,per-chunk raw output
3_numerics/results/7_tau_implicite/data/E36A_regimes_seed46/runs/lam0p25_coherent/coarse/chunks/chunk_00015.npz,582204,,per-chunk raw output
3_numerics/results/7_tau_implicite/data/E36A_regimes_seed46/runs/lam0p25_perturbed/coarse/chunks/chunk_00007.npz,582204,,per-chunk raw output
3_numerics/results/7_tau_implicite/data/E36A_regimes_seed46/runs/lam0p25_perturbed/coarse/chunks/chunk_00011.npz,582204,,per-chunk raw output
3_numerics/results/7_tau_implicite/data/E36A_regimes_seed46/runs/lam0p25_perturbed/coarse/chunks/chunk_00015.npz,582204,,per-chunk raw output
3_numerics/results/7_tau_implicite/data/E36A_regimes_seed46/runs/lam0p5_coherent/coarse/chunks/chunk_00007.npz,582204,,per-chunk raw output
3_numerics/results/7_tau_implicite/data/E36A_regimes_seed46/runs/lam0p5_coherent/coarse/chunks/chunk_00011.npz,582204,,per-chunk raw output
3_numerics/results/7_tau_implicite/data/E36A_regimes_seed46/runs/lam0p5_coherent/coarse/chunks/chunk_00015.npz,582204,,per-chunk raw output
3_numerics/results/7_tau_implicite/data/E36A_regimes_seed46/runs/lam0p5_perturbed/coarse/chunks/chunk_00007.npz,582204,,per-chunk raw output
3_numerics/results/7_tau_implicite/data/E36A_regimes_seed46/runs/lam0p5_perturbed/coarse/chunks/chunk_00011.npz,582204,,per-chunk raw output
3_numerics/results/7_tau_implicite/data/E36A_regimes_seed46/runs/lam0p5_perturbed/coarse/chunks/chunk_00015.npz,582204,,per-chunk raw output
3_numerics/results/7_tau_implicite/data/E36A_regimes_seed46/runs/lam1_coherent/coarse/chunks/chunk_00007.npz,582204,,per-chunk raw output
3_numerics/results/7_tau_implicite/data/E36A_regimes_seed46/runs/lam1_coherent/coarse/chunks/chunk_00011.npz,582204,,per-chunk raw output
3_numerics/results/7_tau_implicite/data/E36A_regimes_seed46/runs/lam1_coherent/coarse/chunks/chunk_00015.npz,582204,,per-chunk raw output
3_numerics/results/7_tau_implicite/data/E36A_regimes_seed46/runs/lam1_perturbed/coarse/chunks/chunk_00007.npz,582204,,per-chunk raw output
3_numerics/results/7_tau_implicite/data/E36A_regimes_seed46/runs/lam1_perturbed/coarse/chunks/chunk_00011.npz,582204,,per-chunk raw output
3_numerics/results/7_tau_implicite/data/E36A_regimes_seed46/runs/lam1_perturbed/coarse/chunks/chunk_00015.npz,582204,,per-chunk raw output
3_numerics/results/7_tau_implicite/data/E36A_regimes_seed46/runs/lam2_coherent/coarse/chunks/chunk_00007.npz,582204,,per-chunk raw output
3_numerics/results/7_tau_implicite/data/E36A_regimes_seed46/runs/lam2_coherent/coarse/chunks/chunk_00011.npz,582204,,per-chunk raw output
3_numerics/results/7_tau_implicite/data/E36A_regimes_seed46/runs/lam2_coherent/coarse/chunks/chunk_00015.npz,582204,,per-chunk raw output
3_numerics/results/7_tau_implicite/data/E36A_regimes_seed46/runs/lam2_coherent/fine/chunks/chunk_00007.npz,582204,,per-chunk raw output
3_numerics/results/7_tau_implicite/data/E36A_regimes_seed46/runs/lam2_coherent/fine/chunks/chunk_00011.npz,582204,,per-chunk raw output
3_numerics/results/7_tau_implicite/data/E36A_regimes_seed46/runs/lam2_coherent/fine/chunks/chunk_00015.npz,582204,,per-chunk raw output
3_numerics/results/7_tau_implicite/data/E36A_regimes_seed46/runs/lam2_perturbed/coarse/chunks/chunk_00007.npz,582204,,per-chunk raw output
3_numerics/results/7_tau_implicite/data/E36A_regimes_seed46/runs/lam2_perturbed/coarse/chunks/chunk_00011.npz,582204,,per-chunk raw output
3_numerics/results/7_tau_implicite/data/E36A_regimes_seed46/runs/lam2_perturbed/coarse/chunks/chunk_00015.npz,582204,,per-chunk raw output
3_numerics/results/7_tau_implicite/data/E36A_regimes_seed46/runs/lam2_perturbed/fine/chunks/chunk_00007.npz,582204,,per-chunk raw output
3_numerics/results/7_tau_implicite/data/E36A_regimes_seed46/runs/lam2_perturbed/fine/chunks/chunk_00011.npz,582204,,per-chunk raw output
3_numerics/results/7_tau_implicite/data/E36A_regimes_seed46/runs/lam2_perturbed/fine/chunks/chunk_00015.npz,582204,,per-chunk raw output
3_numerics/results/7_tau_implicite/data/E36A_regimes_seed46/runs/lam4_coherent/coarse/chunks/chunk_00007.npz,582204,,per-chunk raw output
3_numerics/results/7_tau_implicite/data/E36A_regimes_seed46/runs/lam4_coherent/coarse/chunks/chunk_00011.npz,582204,,per-chunk raw output
3_numerics/results/7_tau_implicite/data/E36A_regimes_seed46/runs/lam4_coherent/coarse/chunks/chunk_00015.npz,582204,,per-chunk raw output
3_numerics/results/7_tau_implicite/data/E36A_regimes_seed46/runs/lam4_coherent/fine/chunks/chunk_00007.npz,582204,,per-chunk raw output
3_numerics/results/7_tau_implicite/data/E36A_regimes_seed46/runs/lam4_coherent/fine/chunks/chunk_00011.npz,582204,,per-chunk raw output
3_numerics/results/7_tau_implicite/data/E36A_regimes_seed46/runs/lam4_coherent/fine/chunks/chunk_00015.npz,582204,,per-chunk raw output
3_numerics/results/7_tau_implicite/data/E36A_regimes_seed46/runs/lam4_perturbed/coarse/chunks/chunk_00007.npz,582204,,per-chunk raw output
3_numerics/results/7_tau_implicite/data/E36A_regimes_seed46/runs/lam4_perturbed/coarse/chunks/chunk_00011.npz,582204,,per-chunk raw output
3_numerics/results/7_tau_implicite/data/E36A_regimes_seed46/runs/lam4_perturbed/coarse/chunks/chunk_00015.npz,582204,,per-chunk raw output
3_numerics/results/7_tau_implicite/data/E36A_regimes_seed46/runs/lam4_perturbed/fine/chunks/chunk_00007.npz,582204,,per-chunk raw output
3_numerics/results/7_tau_implicite/data/E36A_regimes_seed46/runs/lam4_perturbed/fine/chunks/chunk_00011.npz,582204,,per-chunk raw output
3_numerics/results/7_tau_implicite/data/E36A_regimes_seed46/runs/lam4_perturbed/fine/chunks/chunk_00015.npz,582204,,per-chunk raw output
3_numerics/results/7_tau_implicite/data/E36A_regimes_seed46/runs/lam8_coherent/coarse/chunks/chunk_00007.npz,582204,,per-chunk raw output
3_numerics/results/7_tau_implicite/data/E36A_regimes_seed46/runs/lam8_coherent/coarse/chunks/chunk_00011.npz,582204,,per-chunk raw output
3_numerics/results/7_tau_implicite/data/E36A_regimes_seed46/runs/lam8_coherent/coarse/chunks/chunk_00015.npz,582204,,per-chunk raw output
3_numerics/results/7_tau_implicite/data/E36A_regimes_seed46/runs/lam8_coherent/fine/chunks/chunk_00007.npz,582204,,per-chunk raw output
3_numerics/results/7_tau_implicite/data/E36A_regimes_seed46/runs/lam8_coherent/fine/chunks/chunk_00011.npz,582204,,per-chunk raw output
3_numerics/results/7_tau_implicite/data/E36A_regimes_seed46/runs/lam8_coherent/fine/chunks/chunk_00015.npz,582204,,per-chunk raw output
3_numerics/results/7_tau_implicite/data/E36A_regimes_seed46/runs/lam8_perturbed/coarse/chunks/chunk_00007.npz,582204,,per-chunk raw output
3_numerics/results/7_tau_implicite/data/E36A_regimes_seed46/runs/lam8_perturbed/coarse/chunks/chunk_00011.npz,582204,,per-chunk raw output
3_numerics/results/7_tau_implicite/data/E36A_regimes_seed46/runs/lam8_perturbed/coarse/chunks/chunk_00015.npz,582204,,per-chunk raw output
3_numerics/results/7_tau_implicite/data/E36A_regimes_seed46/runs/lam8_perturbed/fine/chunks/chunk_00007.npz,582204,,per-chunk raw output
3_numerics/results/7_tau_implicite/data/E36A_regimes_seed46/runs/lam8_perturbed/fine/chunks/chunk_00011.npz,582204,,per-chunk raw output
3_numerics/results/7_tau_implicite/data/E36A_regimes_seed46/runs/lam8_perturbed/fine/chunks/chunk_00015.npz,582204,,per-chunk raw output
4_campaigns/numerical_workplan/runs/N5A/boundary_N2000_P100_s46_tau1.2_lam0.308.npz,582108,,"raw campaign output, kept in the local archive"
4_campaigns/numerical_workplan/runs/N5A/boundary_N2000_P100_s43_tau10_lam0.302.npz,580496,,"raw campaign output, kept in the local archive"
4_campaigns/numerical_workplan/runs/N5A/boundary_N2000_P100_s43_tau0.5_lam0.318.npz,579530,,"raw campaign output, kept in the local archive"
4_campaigns/numerical_workplan/runs/N1_AUDIT/points/N2000_P100_s61_descending_lam0p32456248_dt0p005_tours5.npz,567078,,"raw campaign output, kept in the local archive"
4_campaigns/numerical_workplan/runs/N5A/boundary_N2000_P100_s43_tau1.4_lam0.308.npz,566279,,"raw campaign output, kept in the local archive"
4_campaigns/numerical_workplan/runs/N5A/boundary_N2000_P100_s44_tau3_lam0.322.npz,561254,,"raw campaign output, kept in the local archive"
4_campaigns/numerical_workplan/runs/N5A/boundary_N2000_P100_s43_tau1_lam0.320.npz,557227,,"raw campaign output, kept in the local archive"
4_campaigns/numerical_workplan/runs/N5A/boundary_N2000_P100_s43_tau3_lam0.302.npz,557224,,"raw campaign output, kept in the local archive"
4_campaigns/numerical_workplan/runs/N5A/boundary_N2000_P100_s43_tau1.4_lam0.322.npz,549683,,"raw campaign output, kept in the local archive"
4_campaigns/numerical_workplan/runs/N5A/boundary_N2000_P100_s42_tau1.4_lam0.302.npz,546966,,"raw campaign output, kept in the local archive"
4_campaigns/numerical_workplan/runs/N1_AUDIT/points/N2000_P100_s42_descending_lam0p32650000_dt0p01_tours1.npz,541719,,"raw campaign output, kept in the local archive"
4_campaigns/numerical_workplan/runs/N5A/boundary_N2000_P100_s44_tau1.2_lam0.308.npz,536239,,"raw campaign output, kept in the local archive"
4_campaigns/numerical_workplan/runs/N5A/boundary_N2000_P100_s46_tau0.5_lam0.312.npz,535979,,"raw campaign output, kept in the local archive"
4_campaigns/numerical_workplan/runs/N5A/boundary_N2000_P100_s44_tau1.2_lam0.314.npz,529401,,"raw campaign output, kept in the local archive"
4_campaigns/numerical_workplan/runs/N5A/boundary_N2000_P100_s43_tau0.5_lam0.332.npz,529303,,"raw campaign output, kept in the local archive"
4_campaigns/numerical_workplan/runs/N5A/boundary_N2000_P100_s44_tau1_lam0.360_lyap.npz,527888,,"raw campaign output, kept in the local archive"
4_campaigns/numerical_workplan/runs/N5A/boundary_N2000_P100_s42_tau5_lam0.324.npz,526012,,"raw campaign output, kept in the local archive"
4_campaigns/numerical_workplan/runs/N5A/boundary_N2000_P100_s43_tau2_lam0.320.npz,525440,,"raw campaign output, kept in the local archive"
4_campaigns/numerical_workplan/runs/N5A/boundary_N2000_P100_s46_tau1.2_lam0.302.npz,517381,,"raw campaign output, kept in the local archive"
4_campaigns/numerical_workplan/runs/N5A/boundary_N2000_P100_s44_tau0.5_lam0.304.npz,515610,,"raw campaign output, kept in the local archive"
4_campaigns/numerical_workplan/runs/N5A/boundary_N2000_P100_s46_tau1_lam0.302.npz,512241,,"raw campaign output, kept in the local archive"
4_campaigns/numerical_workplan/runs/N1_AUDIT/points/N2000_P100_s61_descending_lam0p32350000_dt0p005_tours5.npz,504211,,"raw campaign output, kept in the local archive"
4_campaigns/numerical_workplan/runs/N5A/boundary_N2000_P100_s44_tau1.2_lam0.312.npz,500337,,"raw campaign output, kept in the local archive"
4_campaigns/numerical_workplan/runs/N5A/boundary_N2000_P100_s45_tau0.5_lam0.304.npz,500201,,"raw campaign output, kept in the local archive"
4_campaigns/numerical_workplan/runs/N5A/boundary_N2000_P100_s44_tau1_lam0.354.npz,495319,,"raw campaign output, kept in the local archive"
4_campaigns/numerical_workplan/runs/N5A/boundary_N2000_P100_s43_tau2_lam0.300.npz,484215,,"raw campaign output, kept in the local archive"
4_campaigns/numerical_workplan/runs/N1_AUDIT/points/N2000_P100_s61_descending_lam0p32452313_dt0p005_tours5.npz,481273,,"raw campaign output, kept in the local archive"
4_campaigns/numerical_workplan/runs/N5A/boundary_N2000_P100_s45_tau1_lam0.352.npz,475186,,"raw campaign output, kept in the local archive"
4_campaigns/numerical_workplan/runs/N5A/boundary_N2000_P100_s45_tau1_lam0.360.npz,470630,,"raw campaign output, kept in the local archive"
4_campaigns/numerical_workplan/runs/N1_AUDIT/points/N2000_P100_s44_ascending_lam0p33907143_dt0p005_tours5.npz,466265,,"raw campaign output, kept in the local archive"
4_campaigns/numerical_workplan/runs/N5A/boundary_N2000_P100_s46_tau0.5_lam0.314.npz,465036,,"raw campaign output, kept in the local archive"
4_campaigns/numerical_workplan/runs/N5A/boundary_N2000_P100_s42_tau0.5_lam0.336.npz,460694,,"raw campaign output, kept in the local archive"
4_campaigns/numerical_workplan/runs/N5A/boundary_N2000_P100_s44_tau3_lam0.304.npz,458049,,"raw campaign output, kept in the local archive"
4_campaigns/numerical_workplan/runs/N5A/boundary_N2000_P100_s44_tau2_lam0.304.npz,457526,,"raw campaign output, kept in the local archive"
4_campaigns/numerical_workplan/runs/N5A/boundary_N2000_P100_s43_tau5_lam0.302.npz,452773,,"raw campaign output, kept in the local archive"
4_campaigns/numerical_workplan/runs/N5A/boundary_N2000_P100_s43_tau1_lam0.360.npz,450953,,"raw campaign output, kept in the local archive"
4_campaigns/numerical_workplan/runs/N5A/boundary_N2000_P100_s44_tau10_lam0.336.npz,450116,,"raw campaign output, kept in the local archive"
4_campaigns/numerical_workplan/runs/N2/arclength_N2000_P100_s42_mu91_smoke.npz,449861,,"raw campaign output, kept in the local archive"
4_campaigns/numerical_workplan/runs/N5A/boundary_N2000_P100_s43_tau1_lam0.326.npz,439574,,"raw campaign output, kept in the local archive"
4_campaigns/numerical_workplan/runs/N5A/boundary_N2000_P100_s45_tau1.2_lam0.344.npz,437259,,"raw campaign output, kept in the local archive"
4_campaigns/numerical_workplan/runs/N5A/boundary_N2000_P100_s45_tau0.5_lam0.344.npz,434812,,"raw campaign output, kept in the local archive"
4_campaigns/numerical_workplan/runs/N5A/boundary_N2000_P100_s44_tau1.4_lam0.334.npz,434032,,"raw campaign output, kept in the local archive"
4_campaigns/numerical_workplan/runs/N5A/boundary_N2000_P100_s43_tau10_lam0.316.npz,432713,,"raw campaign output, kept in the local archive"
4_campaigns/numerical_workplan/runs/N2/arclength_N2000_P100_s42_mu91.npz,431600,,"raw campaign output, kept in the local archive"
4_campaigns/numerical_workplan/runs/N5A/boundary_N2000_P100_s43_tau2_lam0.326.npz,430339,,"raw campaign output, kept in the local archive"
4_campaigns/numerical_workplan/runs/N5A/boundary_N2000_P100_s44_tau1.4_lam0.340.npz,429936,,"raw campaign output, kept in the local archive"
4_campaigns/numerical_workplan/runs/N5A/boundary_N2000_P100_s42_tau1_lam0.314.npz,420016,,"raw campaign output, kept in the local archive"
4_campaigns/numerical_workplan/runs/N5A/boundary_N2000_P100_s43_tau1.2_lam0.324.npz,419510,,"raw campaign output, kept in the local archive"
4_campaigns/numerical_workplan/runs/N5A/boundary_N2000_P100_s45_tau3_lam0.300.npz,413661,,"raw campaign output, kept in the local archive"
4_campaigns/numerical_workplan/runs/N5A/boundary_N2000_P100_s44_tau1.2_lam0.316.npz,405644,,"raw campaign output, kept in the local archive"
4_campaigns/numerical_workplan/runs/N5A/boundary_N2000_P100_s43_tau1.4_lam0.320.npz,404599,,"raw campaign output, kept in the local archive"
4_campaigns/numerical_workplan/runs/N5A/boundary_N2000_P100_s44_tau3_lam0.316.npz,398851,,"raw campaign output, kept in the local archive"
4_campaigns/numerical_workplan/runs/N5A/boundary_N2000_P100_s45_tau5_lam0.314.npz,396218,,"raw campaign output, kept in the local archive"
4_campaigns/numerical_workplan/runs/N5A/boundary_N2000_P100_s45_tau1.2_lam0.342.npz,394562,,"raw campaign output, kept in the local archive"
4_campaigns/numerical_workplan/runs/N1_AUDIT/points/N2000_P100_s61_descending_lam0p32444443_dt0p005_tours5.npz,390627,,"raw campaign output, kept in the local archive"
4_campaigns/numerical_workplan/runs/N5A/boundary_N2000_P100_s44_tau1.2_lam0.310.npz,388576,,"raw campaign output, kept in the local archive"
4_campaigns/numerical_workplan/runs/N5A/boundary_N2000_P100_s42_tau0.5_lam0.338.npz,388022,,"raw campaign output, kept in the local archive"
4_campaigns/numerical_workplan/runs/N5A/boundary_N2000_P100_s46_tau2_lam0.302.npz,382734,,"raw campaign output, kept in the local archive"
4_campaigns/numerical_workplan/runs/N5A/boundary_N2000_P100_s46_tau2_lam0.308.npz,382151,,"raw campaign output, kept in the local archive"
4_campaigns/numerical_workplan/runs/N5A/boundary_N2000_P100_s45_tau1.2_lam0.304.npz,379842,,"raw campaign output, kept in the local archive"
4_campaigns/numerical_workplan/runs/N5A/boundary_N2000_P100_s44_tau2_lam0.316.npz,379350,,"raw campaign output, kept in the local archive"
4_campaigns/numerical_workplan/runs/N5A/boundary_N2000_P100_s45_tau0.5_lam0.342.npz,378981,,"raw campaign output, kept in the local archive"
4_campaigns/numerical_workplan/runs/N5A/boundary_N2000_P100_s44_tau1_lam0.312.npz,378936,,"raw campaign output, kept in the local archive"
4_campaigns/numerical_workplan/runs/N5A/boundary_N2000_P100_s45_tau1.2_lam0.308.npz,377683,,"raw campaign output, kept in the local archive"
4_campaigns/numerical_workplan/runs/N5A/boundary_N2000_P100_s44_tau1_lam0.328.npz,374957,,"raw campaign output, kept in the local archive"
4_campaigns/numerical_workplan/runs/N5A/boundary_N2000_P100_s45_tau1.4_lam0.322.npz,374206,,"raw campaign output, kept in the local archive"
4_campaigns/numerical_workplan/runs/N5A/boundary_N2000_P100_s42_tau0.5_lam0.324.npz,372980,,"raw campaign output, kept in the local archive"
4_campaigns/numerical_workplan/runs/N5A/boundary_N2000_P100_s44_tau1.3_lam0.304.npz,368981,,"raw campaign output, kept in the local archive"
4_campaigns/numerical_workplan/runs/N5A/boundary_N2000_P100_s45_tau1.4_lam0.300.npz,367337,,"raw campaign output, kept in the local archive"
4_campaigns/numerical_workplan/runs/N5A/boundary_N2000_P100_s45_tau1_lam0.348.npz,365230,,"raw campaign output, kept in the local archive"
4_campaigns/numerical_workplan/runs/N5A/boundary_N2000_P100_s46_tau0.5_lam0.310.npz,363650,,"raw campaign output, kept in the local archive"
4_campaigns/numerical_workplan/runs/N5A/boundary_N2000_P100_s42_tau1.2_lam0.302.npz,362819,,"raw campaign output, kept in the local archive"
4_campaigns/numerical_workplan/runs/N5A/boundary_N2000_P100_s44_tau0.5_lam0.312.npz,362423,,"raw campaign output, kept in the local archive"
4_campaigns/numerical_workplan/runs/N5A/boundary_N2000_P100_s46_tau1.2_lam0.300.npz,359396,,"raw campaign output, kept in the local archive"
4_campaigns/numerical_workplan/runs/N5A/boundary_N2000_P100_s43_tau1_lam0.352.npz,358507,,"raw campaign output, kept in the local archive"
4_campaigns/numerical_workplan/runs/N5A/boundary_N2000_P100_s44_tau2_lam0.300.npz,356657,,"raw campaign output, kept in the local archive"
4_campaigns/numerical_workplan/runs/N5A/boundary_N2000_P100_s46_tau1_lam0.300.npz,356495,,"raw campaign output, kept in the local archive"
4_campaigns/numerical_workplan/runs/N5A/boundary_N2000_P100_s44_tau2_lam0.310.npz,354289,,"raw campaign output, kept in the local archive"
4_campaigns/numerical_workplan/runs/N5A/boundary_N2000_P100_s44_tau3_lam0.300.npz,353871,,"raw campaign output, kept in the local archive"
4_campaigns/numerical_workplan/runs/N5A/boundary_N2000_P100_s44_tau0.5_lam0.316.npz,352827,,"raw campaign output, kept in the local archive"
4_campaigns/numerical_workplan/runs/N5A/boundary_N2000_P100_s45_tau2_lam0.300.npz,351827,,"raw campaign output, kept in the local archive"
4_campaigns/numerical_workplan/runs/N5A/boundary_N2000_P100_s44_tau1.3_lam0.342.npz,350114,,"raw campaign output, kept in the local archive"
4_campaigns/numerical_workplan/runs/N5A/boundary_N2000_P100_s45_tau0.5_lam0.330.npz,349364,,"raw campaign output, kept in the local archive"
4_campaigns/numerical_workplan/runs/N5A/boundary_N2000_P100_s44_tau1.2_lam0.320.npz,349049,,"raw campaign output, kept in the local archive"
4_campaigns/numerical_workplan/runs/N5A/boundary_N2000_P100_s43_tau0.5_lam0.340.npz,347540,,"raw campaign output, kept in the local archive"
4_campaigns/numerical_workplan/runs/N5A/boundary_N2000_P100_s44_tau3_lam0.310.npz,347398,,"raw campaign output, kept in the local archive"
4_campaigns/numerical_workplan/runs/N5A/boundary_N2000_P100_s42_tau0.5_lam0.308.npz,346652,,"raw campaign output, kept in the local archive"
4_campaigns/numerical_workplan/runs/N5A/boundary_N2000_P100_s43_tau1_lam0.322.npz,345676,,"raw campaign output, kept in the local archive"
4_campaigns/numerical_workplan/runs/N5A/boundary_N2000_P100_s43_tau1.2_lam0.326.npz,345196,,"raw campaign output, kept in the local archive"
4_campaigns/numerical_workplan/runs/N5A/boundary_N2000_P100_s43_tau2_lam0.322.npz,343949,,"raw campaign output, kept in the local archive"
4_campaigns/numerical_workplan/runs/N5A/boundary_N2000_P100_s45_tau1.2_lam0.330.npz,340404,,"raw campaign output, kept in the local archive"
4_campaigns/numerical_workplan/runs/N5A/boundary_N2000_P100_s46_tau10_lam0.320.npz,333657,,"raw campaign output, kept in the local archive"
4_campaigns/numerical_workplan/runs/N5A/boundary_N2000_P100_s45_tau1_lam0.344.npz,332676,,"raw campaign output, kept in the local archive"
4_campaigns/numerical_workplan/runs/N5A/boundary_N2000_P100_s44_tau2_lam0.302.npz,326326,,"raw campaign output, kept in the local archive"
4_campaigns/numerical_workplan/runs/N5A/boundary_N2000_P100_s45_tau1.2_lam0.306.npz,325926,,"raw campaign output, kept in the local archive"
4_campaigns/numerical_workplan/runs/N5A/boundary_N2000_P100_s43_tau2_lam0.340.npz,323381,,"raw campaign output, kept in the local archive"
4_campaigns/numerical_workplan/runs/N5A/boundary_N2000_P100_s43_tau2_lam0.302.npz,323301,,"raw campaign output, kept in the local archive"
4_campaigns/numerical_workplan/runs/N5A/boundary_N2000_P100_s44_tau3_lam0.302.npz,319873,,"raw campaign output, kept in the local archive"
4_campaigns/numerical_workplan/runs/N5A/boundary_N2000_P100_s42_tau10_lam0.324.npz,319231,,"raw campaign output, kept in the local archive"
4_campaigns/numerical_workplan/runs/N5A/boundary_N2000_P100_s42_tau1.3_lam0.316.npz,312933,,"raw campaign output, kept in the local archive"
3_numerics/results/7_tau_implicite/data/E36A2_delay_seed45/runs/lam1_K11/chunks/chunk_00013.npz,311860,,per-chunk raw output
4_campaigns/numerical_workplan/runs/N5A/boundary_N2000_P100_s42_tau1_lam0.326.npz,309768,,"raw campaign output, kept in the local archive"
4_campaigns/numerical_workplan/runs/N5A/boundary_N2000_P100_s43_tau2_lam0.332.npz,308487,,"raw campaign output, kept in the local archive"
4_campaigns/numerical_workplan/runs/N5A/boundary_N2000_P100_s42_tau1_lam0.306.npz,307829,,"raw campaign output, kept in the local archive"
4_campaigns/numerical_workplan/runs/N5A/boundary_N2000_P100_s42_tau10_lam0.322.npz,307290,,"raw campaign output, kept in the local archive"
4_campaigns/numerical_workplan/runs/N5A/boundary_N2000_P100_s46_tau1.3_lam0.318.npz,306486,,"raw campaign output, kept in the local archive"
3_numerics/results/7_tau_implicite/data/E36A2_delay_seed45/runs/lam1_K11/chunks/chunk_00014.npz,306219,,per-chunk raw output
4_campaigns/numerical_workplan/runs/N5A/boundary_N2000_P100_s43_tau1.4_lam0.316.npz,302697,,"raw campaign output, kept in the local archive"
4_campaigns/numerical_workplan/runs/N5A/boundary_N2000_P100_s45_tau1_lam0.346.npz,301008,,"raw campaign output, kept in the local archive"
4_campaigns/numerical_workplan/runs/N5A/boundary_N2000_P100_s42_tau2_lam0.302.npz,300893,,"raw campaign output, kept in the local archive"
4_campaigns/numerical_workplan/runs/N5A/boundary_N2000_P100_s42_tau0.5_lam0.334.npz,298580,,"raw campaign output, kept in the local archive"
4_campaigns/numerical_workplan/runs/N5A/boundary_N2000_P100_s45_tau1.3_lam0.324.npz,298004,,"raw campaign output, kept in the local archive"
4_campaigns/numerical_workplan/runs/N5A/boundary_N2000_P100_s42_tau0.5_lam0.332.npz,297855,,"raw campaign output, kept in the local archive"
4_campaigns/numerical_workplan/runs/N5A/boundary_N2000_P100_s43_tau2_lam0.352.npz,296260,,"raw campaign output, kept in the local archive"
4_campaigns/numerical_workplan/runs/N5A/boundary_N2000_P100_s42_tau2_lam0.314.npz,295193,,"raw campaign output, kept in the local archive"
4_campaigns/numerical_workplan/runs/N5A/boundary_N2000_P100_s42_tau1.4_lam0.308.npz,293078,,"raw campaign output, kept in the local archive"
3_numerics/results/7_tau_implicite/data/E36A2_delay_seed44/runs/lam1_K11/chunks/chunk_00020.npz,290759,,per-chunk raw output
4_campaigns/numerical_workplan/runs/N5A/boundary_N2000_P100_s46_tau2_lam0.300.npz,289384,,"raw campaign output, kept in the local archive"
3_numerics/results/7_tau_implicite/data/E36A2_delay_seed43/runs/lam1_K11/chunks/chunk_00008.npz,288733,,per-chunk raw output
4_campaigns/numerical_workplan/runs/N5A/boundary_N2000_P100_s44_tau3_lam0.318.npz,286610,,"raw campaign output, kept in the local archive"
4_campaigns/numerical_workplan/runs/N5A/boundary_N2000_P100_s42_tau0.5_lam0.344.npz,286453,,"raw campaign output, kept in the local archive"
3_numerics/results/7_tau_implicite/data/E36A2_delay_seed46/runs/lam1_K11/chunks/chunk_00008.npz,285465,,per-chunk raw output
4_campaigns/numerical_workplan/runs/N5A/boundary_N2000_P100_s43_tau2_lam0.336.npz,283527,,"raw campaign output, kept in the local archive"
4_campaigns/numerical_workplan/runs/N5A/boundary_N2000_P100_s44_tau2_lam0.318.npz,281473,,"raw campaign output, kept in the local archive"
4_campaigns/numerical_workplan/runs/N5A/boundary_N2000_P100_s43_tau1_lam0.340.npz,279802,,"raw campaign output, kept in the local archive"
3_numerics/results/7_tau_implicite/data/E36A2_delay_seed46/runs/lam1_K11/chunks/chunk_00025.npz,278007,,per-chunk raw output
4_campaigns/numerical_workplan/runs/N5A/boundary_N2000_P100_s43_tau1_lam0.332.npz,277287,,"raw campaign output, kept in the local archive"
4_campaigns/numerical_workplan/runs/N5A/boundary_N2000_P100_s43_tau1.4_lam0.318.npz,277231,,"raw campaign output, kept in the local archive"
4_campaigns/numerical_workplan/runs/N5A/boundary_N2000_P100_s42_tau1.4_lam0.310.npz,276580,,"raw campaign output, kept in the local archive"
4_campaigns/numerical_workplan/runs/N5A/boundary_N2000_P100_s43_tau1.2_lam0.316.npz,276094,,"raw campaign output, kept in the local archive"
4_campaigns/numerical_workplan/runs/N5A/boundary_N2000_P100_s44_tau3_lam0.306.npz,275419,,"raw campaign output, kept in the local archive"
4_campaigns/numerical_workplan/runs/N5A/boundary_N2000_P100_s44_tau0.5_lam0.314.npz,274665,,"raw campaign output, kept in the local archive"
4_campaigns/numerical_workplan/runs/N5A/boundary_N2000_P100_s43_tau0.5_lam0.306.npz,272323,,"raw campaign output, kept in the local archive"
4_campaigns/numerical_workplan/runs/N5A/boundary_N2000_P100_s44_tau1.4_lam0.336.npz,270804,,"raw campaign output, kept in the local archive"
4_campaigns/numerical_workplan/runs/N5A/boundary_N2000_P100_s46_tau2_lam0.304.npz,269978,,"raw campaign output, kept in the local archive"
3_numerics/results/7_tau_implicite/data/E36A2_delay_seed45/runs/lam1_K11/chunks/chunk_00008.npz,267393,,per-chunk raw output
3_numerics/results/7_tau_implicite/data/E36A2_delay_seed45/runs/lam1_K11/chunks/chunk_00002.npz,267056,,per-chunk raw output
4_campaigns/numerical_workplan/runs/N5A/boundary_N2000_P100_s43_tau1_lam0.336.npz,266357,,"raw campaign output, kept in the local archive"
4_campaigns/numerical_workplan/runs/N5A/boundary_N2000_P100_s42_tau1.3_lam0.344.npz,266004,,"raw campaign output, kept in the local archive"
3_numerics/results/7_tau_implicite/data/E36A2_delay_seed45/runs/lam1_K8/chunks/chunk_00010.npz,265774,,per-chunk raw output
4_campaigns/numerical_workplan/runs/N5A/boundary_N2000_P100_s45_tau0.5_lam0.306.npz,265242,,"raw campaign output, kept in the local archive"
4_campaigns/numerical_workplan/runs/N5A/boundary_N2000_P100_s44_tau2_lam0.306.npz,263173,,"raw campaign output, kept in the local archive"
4_campaigns/numerical_workplan/runs/N5A/boundary_N2000_P100_s43_tau10_lam0.304.npz,260730,,"raw campaign output, kept in the local archive"
4_campaigns/numerical_workplan/runs/N5A/boundary_N2000_P100_s43_tau10_lam0.308.npz,259900,,"raw campaign output, kept in the local archive"
3_numerics/results/7_tau_implicite/data/E36A2_delay_seed45/runs/lam1_K11/chunks/chunk_00021.npz,257615,,per-chunk raw output
4_campaigns/numerical_workplan/runs/N5A/boundary_N2000_P100_s45_tau10_lam0.310.npz,253620,,"raw campaign output, kept in the local archive"
4_campaigns/numerical_workplan/runs/N5A/boundary_N2000_P100_s44_tau2_lam0.308.npz,253401,,"raw campaign output, kept in the local archive"
4_campaigns/numerical_workplan/runs/N5A/boundary_N2000_P100_s46_tau2_lam0.306.npz,252499,,"raw campaign output, kept in the local archive"
4_campaigns/numerical_workplan/runs/N5A/boundary_N2000_P100_s42_tau5_lam0.322.npz,252112,,"raw campaign output, kept in the local archive"
3_numerics/results/7_tau_implicite/data/E36A2_delay_seed45/runs/lam2_K11/chunks/chunk_00009.npz,251425,,per-chunk raw output
3_numerics/results/7_tau_implicite/data/E36A2_delay_seed43/runs/lam1_K11/chunks/chunk_00006.npz,251343,,per-chunk raw output
4_campaigns/numerical_workplan/runs/N5A/boundary_N2000_P100_s43_tau1.4_lam0.310.npz,250872,,"raw campaign output, kept in the local archive"
3_numerics/results/7_tau_implicite/data/E36A2_delay_seed42/runs/lam1_K11/chunks/chunk_00004.npz,250747,,per-chunk raw output
3_numerics/results/7_tau_implicite/data/E36A2_delay_seed42/runs/lam1_K11/chunks/chunk_00025.npz,250557,,per-chunk raw output
3_numerics/results/7_tau_implicite/data/E36A2_delay_seed43/runs/lam1_K11/chunks/chunk_00009.npz,250372,,per-chunk raw output
4_campaigns/numerical_workplan/runs/N5A/boundary_N2000_P100_s44_tau1_lam0.334.npz,249468,,"raw campaign output, kept in the local archive"
3_numerics/results/7_tau_implicite/data/E36A2_delay_seed43/runs/lam1_K11/chunks/chunk_00014.npz,248819,,per-chunk raw output
4_campaigns/numerical_workplan/runs/N5A/boundary_N2000_P100_s42_tau1.4_lam0.300.npz,248532,,"raw campaign output, kept in the local archive"
4_campaigns/numerical_workplan/runs/N5A/boundary_N2000_P100_s44_tau3_lam0.308.npz,248444,,"raw campaign output, kept in the local archive"
4_campaigns/numerical_workplan/runs/N5A/boundary_N2000_P100_s45_tau2_lam0.306.npz,248320,,"raw campaign output, kept in the local archive"
3_numerics/results/7_tau_implicite/data/E36A2_delay_seed45/runs/lam1_K11/chunks/chunk_00019.npz,248139,,per-chunk raw output
3_numerics/results/7_tau_implicite/data/E36A2_delay_seed44/runs/lam1_K11/chunks/chunk_00014.npz,247622,,per-chunk raw output
4_campaigns/numerical_workplan/runs/N5A/boundary_N2000_P100_s42_tau1.2_lam0.300.npz,247465,,"raw campaign output, kept in the local archive"
4_campaigns/numerical_workplan/runs/N5A/boundary_N2000_P100_s45_tau1.3_lam0.304.npz,247110,,"raw campaign output, kept in the local archive"
4_campaigns/numerical_workplan/runs/N5A/boundary_N2000_P100_s44_tau2_lam0.320.npz,246724,,"raw campaign output, kept in the local archive"
4_campaigns/numerical_workplan/runs/N5A/boundary_N2000_P100_s44_tau1.3_lam0.302.npz,246376,,"raw campaign output, kept in the local archive"
4_campaigns/numerical_workplan/runs/N5A/boundary_N2000_P100_s42_tau3_lam0.304.npz,246252,,"raw campaign output, kept in the local archive"
4_campaigns/numerical_workplan/runs/N5A/boundary_N2000_P100_s43_tau2_lam0.342.npz,246042,,"raw campaign output, kept in the local archive"
3_numerics/results/7_tau_implicite/data/E36A2_delay_seed45/runs/lam1_K11/chunks/chunk_00009.npz,245635,,per-chunk raw output
4_campaigns/numerical_workplan/runs/N5A/boundary_N2000_P100_s44_tau1.3_lam0.336.npz,244452,,"raw campaign output, kept in the local archive"
3_numerics/results/7_tau_implicite/data/E36A2_delay_seed43/runs/lam1_K11/chunks/chunk_00002.npz,244341,,per-chunk raw output
3_numerics/results/7_tau_implicite/data/E36A2_delay_seed43/runs/lam1_K11/chunks/chunk_00026.npz,244046,,per-chunk raw output
3_numerics/results/7_tau_implicite/data/E36A2_delay_seed45/runs/lam1_K11/chunks/chunk_00006.npz,242569,,per-chunk raw output
4_campaigns/numerical_workplan/runs/N5A/boundary_N2000_P100_s44_tau3_lam0.320.npz,242410,,"raw campaign output, kept in the local archive"
3_numerics/results/7_tau_implicite/data/E36A2_delay_seed45/runs/lam1_K11/chunks/chunk_00022.npz,241492,,per-chunk raw output
4_campaigns/numerical_workplan/runs/N5A/boundary_N2000_P100_s45_tau1.2_lam0.312.npz,241442,,"raw campaign output, kept in the local archive"
4_campaigns/numerical_workplan/runs/N5A/boundary_N2000_P100_s44_tau1.2_lam0.318.npz,240971,,"raw campaign output, kept in the local archive"
3_numerics/results/7_tau_implicite/data/E36A2_delay_seed42/runs/lam1_K11/chunks/chunk_00005.npz,240751,,per-chunk raw output
4_campaigns/numerical_workplan/runs/N5A/boundary_N2000_P100_s44_tau1.2_lam0.328.npz,240655,,"raw campaign output, kept in the local archive"
3_numerics/results/7_tau_implicite/data/E36A2_delay_seed45/runs/lam1_K11/chunks/chunk_00001.npz,240204,,per-chunk raw output
3_numerics/results/7_tau_implicite/data/E36A2_delay_seed43/runs/lam1_K11/chunks/chunk_00005.npz,239544,,per-chunk raw output
4_campaigns/numerical_workplan/runs/N5A/boundary_N2000_P100_s44_tau1.4_lam0.338.npz,239472,,"raw campaign output, kept in the local archive"
3_numerics/results/7_tau_implicite/data/E36A2_delay_seed42/runs/lam1_K11/chunks/chunk_00020.npz,238234,,per-chunk raw output
3_numerics/results/7_tau_implicite/data/E36A2_delay_seed44/runs/lam1_K11/chunks/chunk_00017.npz,237457,,per-chunk raw output
3_numerics/results/7_tau_implicite/data/E36A2_delay_seed43/runs/lam1_K11/chunks/chunk_00020.npz,237364,,per-chunk raw output
3_numerics/results/7_tau_implicite/data/E36A2_delay_seed42/runs/lam1_K11/chunks/chunk_00014.npz,237227,,per-chunk raw output
3_numerics/results/7_tau_implicite/data/E36A2_delay_seed45/runs/lam1_K11/chunks/chunk_00012.npz,235212,,per-chunk raw output
3_numerics/results/7_tau_implicite/data/E36A2_delay_seed44/runs/lam1_K11/chunks/chunk_00000.npz,234951,,per-chunk raw output
3_numerics/results/7_tau_implicite/data/E36A2_delay_seed45/runs/lam1_K8/chunks/chunk_00001.npz,234881,,per-chunk raw output
3_numerics/results/7_tau_implicite/data/E36A2_delay_seed45/runs/lam2_K11/chunks/chunk_00010.npz,234448,,per-chunk raw output
3_numerics/results/7_tau_implicite/data/E36A2_delay_seed42/runs/lam1_K11/chunks/chunk_00003.npz,234330,,per-chunk raw output
3_numerics/results/7_tau_implicite/data/E36A2_delay_seed42/runs/lam1_K11/chunks/chunk_00016.npz,233968,,per-chunk raw output
3_numerics/results/7_tau_implicite/data/E36A2_delay_seed45/runs/lam1_K8/chunks/chunk_00005.npz,233526,,per-chunk raw output
3_numerics/results/7_tau_implicite/data/E36A2_delay_seed46/runs/lam1_K11/chunks/chunk_00022.npz,233092,,per-chunk raw output
3_numerics/results/7_tau_implicite/data/E36A2_delay_seed42/runs/lam1_K11/chunks/chunk_00006.npz,233053,,per-chunk raw output
4_campaigns/numerical_workplan/runs/N5A/boundary_N2000_P100_s45_tau1.2_lam0.300.npz,232544,,"raw campaign output, kept in the local archive"
3_numerics/results/7_tau_implicite/data/E36A2_delay_seed45/runs/lam1_K11/chunks/chunk_00020.npz,232370,,per-chunk raw output
3_numerics/results/7_tau_implicite/data/E36A2_delay_seed46/runs/lam1_K11/chunks/chunk_00016.npz,231446,,per-chunk raw output
4_campaigns/numerical_workplan/runs/N5A/boundary_N2000_P100_s46_tau10_lam0.322.npz,231437,,"raw campaign output, kept in the local archive"
3_numerics/results/7_tau_implicite/data/E36A2_delay_seed46/runs/lam1_K11/chunks/chunk_00005.npz,231320,,per-chunk raw output
3_numerics/results/7_tau_implicite/data/E36A2_delay_seed45/runs/lam2_K11/chunks/chunk_00001.npz,231163,,per-chunk raw output
3_numerics/results/7_tau_implicite/data/E36A2_delay_seed45/runs/lam1_K8/chunks/chunk_00009.npz,231018,,per-chunk raw output
3_numerics/results/7_tau_implicite/data/E36A2_delay_seed42/runs/lam1_K11/chunks/chunk_00008.npz,230404,,per-chunk raw output
4_campaigns/numerical_workplan/runs/N5A/boundary_N2000_P100_s46_tau1.3_lam0.312.npz,230357,,"raw campaign output, kept in the local archive"
3_numerics/results/7_tau_implicite/data/E36A2_delay_seed45/runs/lam2_K11/chunks/chunk_00005.npz,230104,,per-chunk raw output
4_campaigns/numerical_workplan/runs/N5A/boundary_N2000_P100_s43_tau0.5_lam0.300.npz,229821,,"raw campaign output, kept in the local archive"
3_numerics/results/7_tau_implicite/data/E36A2_delay_seed46/runs/lam1_K11/chunks/chunk_00026.npz,229197,,per-chunk raw output
3_numerics/results/7_tau_implicite/data/E36A2_delay_seed44/runs/lam1_K11/chunks/chunk_00001.npz,228790,,per-chunk raw output
3_numerics/results/7_tau_implicite/data/E36A2_delay_seed44/runs/lam1_K11/chunks/chunk_00002.npz,227730,,per-chunk raw output
3_numerics/results/7_tau_implicite/data/E36A2_delay_seed44/runs/lam1_K11/chunks/chunk_00006.npz,226394,,per-chunk raw output
3_numerics/results/7_tau_implicite/data/E36A2_delay_seed44/runs/lam1_K11/chunks/chunk_00011.npz,225971,,per-chunk raw output
4_campaigns/numerical_workplan/runs/N5A/boundary_N2000_P100_s45_tau1.4_lam0.326.npz,225966,,"raw campaign output, kept in the local archive"
3_numerics/results/7_tau_implicite/data/E36A2_delay_seed46/runs/lam1_K11/chunks/chunk_00002.npz,225910,,per-chunk raw output
4_campaigns/numerical_workplan/runs/N5A/boundary_N2000_P100_s44_tau1_lam0.306.npz,225603,,"raw campaign output, kept in the local archive"
3_numerics/results/7_tau_implicite/data/E36A2_delay_seed45/runs/lam1_K11/chunks/chunk_00018.npz,225321,,per-chunk raw output
4_campaigns/numerical_workplan/runs/N5A/boundary_N2000_P100_s43_tau0.5_lam0.358_lyap.npz,225187,,"raw campaign output, kept in the local archive"
3_numerics/results/7_tau_implicite/data/E36A2_delay_seed45/runs/lam1_K11/chunks/chunk_00010.npz,224790,,per-chunk raw output
3_numerics/results/7_tau_implicite/data/E36A2_delay_seed43/runs/lam2_K11/chunks/chunk_00005.npz,224434,,per-chunk raw output
3_numerics/results/7_tau_implicite/data/E36A2_delay_seed42/runs/lam1_K11/chunks/chunk_00017.npz,224340,,per-chunk raw output
3_numerics/results/7_tau_implicite/data/E36A2_delay_seed45/runs/lam1_K11/chunks/chunk_00007.npz,223565,,per-chunk raw output
4_campaigns/numerical_workplan/runs/N5A/boundary_N2000_P100_s44_tau1_lam0.324.npz,222822,,"raw campaign output, kept in the local archive"
3_numerics/results/7_tau_implicite/data/E36A2_delay_seed46/runs/lam1_K11/chunks/chunk_00014.npz,222815,,per-chunk raw output
3_numerics/results/7_tau_implicite/data/E36A2_delay_seed43/runs/lam1_K11/chunks/chunk_00022.npz,221565,,per-chunk raw output
3_numerics/results/7_tau_implicite/data/E36A2_delay_seed45/runs/lam2_K11/chunks/chunk_00014.npz,221407,,per-chunk raw output
4_campaigns/numerical_workplan/runs/N5A/boundary_N2000_P100_s43_tau2_lam0.328.npz,221015,,"raw campaign output, kept in the local archive"
3_numerics/results/7_tau_implicite/data/E36A2_delay_seed43/runs/lam1_K8/chunks/chunk_00005.npz,219824,,per-chunk raw output
3_numerics/results/7_tau_implicite/data/E36A2_delay_seed43/runs/lam1_K8/chunks/chunk_00006.npz,219775,,per-chunk raw output
3_numerics/results/7_tau_implicite/data/E36A2_delay_seed42/runs/lam1_K11/chunks/chunk_00018.npz,218027,,per-chunk raw output
3_numerics/results/7_tau_implicite/data/E36A2_delay_seed44/runs/lam1_K11/chunks/chunk_00012.npz,218012,,per-chunk raw output
4_campaigns/numerical_workplan/runs/N5A/boundary_N2000_P100_s46_tau1.3_lam0.320.npz,217577,,"raw campaign output, kept in the local archive"
4_campaigns/numerical_workplan/runs/N5A/boundary_N2000_P100_s43_tau1_lam0.334.npz,217160,,"raw campaign output, kept in the local archive"
3_numerics/results/7_tau_implicite/data/E36A2_delay_seed45/runs/lam1_K11/chunks/chunk_00015.npz,217099,,per-chunk raw output
3_numerics/results/7_tau_implicite/data/E36A2_delay_seed45/runs/lam1_K8/chunks/chunk_00016.npz,216931,,per-chunk raw output
3_numerics/results/7_tau_implicite/data/E36A2_delay_seed42/runs/lam2_K11/chunks/chunk_00002.npz,216605,,per-chunk raw output
3_numerics/results/7_tau_implicite/data/E36A2_delay_seed45/runs/lam1_K8/chunks/chunk_00014.npz,216284,,per-chunk raw output
4_campaigns/numerical_workplan/runs/N5A/boundary_N2000_P100_s42_tau1_lam0.316.npz,216070,,"raw campaign output, kept in the local archive"
3_numerics/results/7_tau_implicite/data/E36A2_delay_seed43/runs/lam1_K11/chunks/chunk_00021.npz,215262,,per-chunk raw output
3_numerics/results/7_tau_implicite/data/E36A2_delay_seed45/runs/lam1_K11/chunks/chunk_00017.npz,215010,,per-chunk raw output
3_numerics/results/7_tau_implicite/data/E36A2_delay_seed46/runs/lam1_K11/chunks/chunk_00009.npz,214971,,per-chunk raw output
3_numerics/results/7_tau_implicite/data/E36A2_delay_seed45/runs/lam1_K8/chunks/chunk_00006.npz,214964,,per-chunk raw output
3_numerics/results/7_tau_implicite/data/E36A2_delay_seed44/runs/lam1_K11/chunks/chunk_00013.npz,214718,,per-chunk raw output
3_numerics/results/7_tau_implicite/data/E36A2_delay_seed43/runs/lam1_K11/chunks/chunk_00016.npz,214299,,per-chunk raw output
3_numerics/results/7_tau_implicite/data/E36A2_delay_seed46/runs/lam2_K11/chunks/chunk_00005.npz,214179,,per-chunk raw output
3_numerics/results/7_tau_implicite/data/E36A2_delay_seed46/runs/lam1_K8/chunks/chunk_00006.npz,214145,,per-chunk raw output
3_numerics/results/7_tau_implicite/data/E36A2_delay_seed46/runs/lam1_K8/chunks/chunk_00018.npz,214078,,per-chunk raw output
3_numerics/results/7_tau_implicite/data/E36A2_delay_seed44/runs/lam1_K11/chunks/chunk_00024.npz,213131,,per-chunk raw output
3_numerics/results/7_tau_implicite/data/E36A2_delay_seed44/runs/lam1_K11/chunks/chunk_00025.npz,213023,,per-chunk raw output
3_numerics/results/7_tau_implicite/data/E36A2_delay_seed46/runs/lam1_K11/chunks/chunk_00024.npz,212850,,per-chunk raw output
3_numerics/results/7_tau_implicite/data/E36A2_delay_seed45/runs/lam2_K11/chunks/chunk_00008.npz,212833,,per-chunk raw output
4_campaigns/numerical_workplan/runs/N5A/boundary_N2000_P100_s43_tau1_lam0.342.npz,212657,,"raw campaign output, kept in the local archive"
3_numerics/results/7_tau_implicite/data/E36A2_delay_seed44/runs/lam1_K11/chunks/chunk_00023.npz,212237,,per-chunk raw output
3_numerics/results/7_tau_implicite/data/E36A2_delay_seed46/runs/lam1_K11/chunks/chunk_00004.npz,211745,,per-chunk raw output
4_campaigns/numerical_workplan/runs/N5A/boundary_N2000_P100_s44_tau1_lam0.330.npz,211506,,"raw campaign output, kept in the local archive"
3_numerics/results/7_tau_implicite/data/E36A2_delay_seed44/runs/lam1_K11/chunks/chunk_00010.npz,211182,,per-chunk raw output
4_campaigns/numerical_workplan/runs/N5A/boundary_N2000_P100_s44_tau1.3_lam0.322.npz,210663,,"raw campaign output, kept in the local archive"
3_numerics/results/7_tau_implicite/data/E36A2_delay_seed43/runs/lam1_K11/chunks/chunk_00007.npz,210649,,per-chunk raw output
3_numerics/results/7_tau_implicite/data/E36A2_delay_seed42/runs/lam1_K8/chunks/chunk_00003.npz,210289,,per-chunk raw output
3_numerics/results/7_tau_implicite/data/E36A2_delay_seed45/runs/lam2_K11/chunks/chunk_00006.npz,209858,,per-chunk raw output
3_numerics/results/7_tau_implicite/data/E36A2_delay_seed44/runs/lam1_K8/chunks/chunk_00010.npz,209523,,per-chunk raw output
4_campaigns/numerical_workplan/runs/N5A/boundary_N2000_P100_s43_tau10_lam0.306.npz,208995,,"raw campaign output, kept in the local archive"
3_numerics/results/7_tau_implicite/data/E36A2_delay_seed42/runs/lam1_K8/chunks/chunk_00002.npz,208727,,per-chunk raw output
3_numerics/results/7_tau_implicite/data/E36A2_delay_seed46/runs/lam1_K11/chunks/chunk_00001.npz,208653,,per-chunk raw output
3_numerics/results/7_tau_implicite/data/E36A2_delay_seed46/runs/lam1_K11/chunks/chunk_00013.npz,208634,,per-chunk raw output
3_numerics/results/7_tau_implicite/data/E36A2_delay_seed44/runs/lam2_K11/chunks/chunk_00009.npz,208577,,per-chunk raw output
3_numerics/results/7_tau_implicite/data/E36A2_delay_seed46/runs/lam2_K11/chunks/chunk_00016.npz,208549,,per-chunk raw output
3_numerics/results/7_tau_implicite/data/E36A2_delay_seed44/runs/lam1_K11/chunks/chunk_00021.npz,208453,,per-chunk raw output
3_numerics/results/7_tau_implicite/data/E36A2_delay_seed45/runs/lam2_K11/chunks/chunk_00013.npz,208018,,per-chunk raw output
3_numerics/results/7_tau_implicite/data/E36A2_delay_seed42/runs/lam2_K11/chunks/chunk_00012.npz,207874,,per-chunk raw output
3_numerics/results/7_tau_implicite/data/E36A2_delay_seed43/runs/lam1_K11/chunks/chunk_00025.npz,207863,,per-chunk raw output
3_numerics/results/7_tau_implicite/data/E36A2_delay_seed44/runs/lam1_K8/chunks/chunk_00001.npz,207593,,per-chunk raw output
3_numerics/results/7_tau_implicite/data/E36A2_delay_seed44/runs/lam1_K11/chunks/chunk_00008.npz,207558,,per-chunk raw output
3_numerics/results/7_tau_implicite/data/E36A2_delay_seed45/runs/lam1_K11/chunks/chunk_00024.npz,207490,,per-chunk raw output
3_numerics/results/7_tau_implicite/data/E36A2_delay_seed45/runs/lam2_K11/chunks/chunk_00004.npz,207309,,per-chunk raw output
4_campaigns/numerical_workplan/runs/N5A/boundary_N2000_P100_s43_tau5_lam0.308.npz,207100,,"raw campaign output, kept in the local archive"
4_campaigns/numerical_workplan/runs/N5A/boundary_N2000_P100_s46_tau5_lam0.320.npz,206782,,"raw campaign output, kept in the local archive"
3_numerics/results/7_tau_implicite/data/E36A2_delay_seed46/runs/lam1_K11/chunks/chunk_00019.npz,206715,,per-chunk raw output
3_numerics/results/7_tau_implicite/data/E36A2_delay_seed46/runs/lam1_K11/chunks/chunk_00006.npz,206467,,per-chunk raw output
3_numerics/results/7_tau_implicite/data/E36A2_delay_seed43/runs/lam1_K8/chunks/chunk_00004.npz,206275,,per-chunk raw output
3_numerics/results/7_tau_implicite/data/E36A2_delay_seed42/runs/lam1_K11/chunks/chunk_00019.npz,205737,,per-chunk raw output
3_numerics/results/7_tau_implicite/data/E36A2_delay_seed43/runs/lam1_K11/chunks/chunk_00019.npz,205281,,per-chunk raw output
3_numerics/results/7_tau_implicite/data/E36A2_delay_seed44/runs/lam1_K8/chunks/chunk_00008.npz,205206,,per-chunk raw output
3_numerics/results/7_tau_implicite/data/E36A2_delay_seed44/runs/lam2_K11/chunks/chunk_00013.npz,205106,,per-chunk raw output
3_numerics/results/7_tau_implicite/data/E36A2_delay_seed45/runs/lam2_K8/chunks/chunk_00006.npz,204769,,per-chunk raw output
3_numerics/results/7_tau_implicite/data/E36A2_delay_seed45/runs/lam1_K8/chunks/chunk_00008.npz,204765,,per-chunk raw output
3_numerics/results/7_tau_implicite/data/E36A2_delay_seed42/runs/lam2_K11/chunks/chunk_00003.npz,204433,,per-chunk raw output
3_numerics/results/7_tau_implicite/data/E36A2_delay_seed43/runs/lam2_K11/chunks/chunk_00004.npz,204326,,per-chunk raw output
3_numerics/results/7_tau_implicite/data/E36A2_delay_seed45/runs/lam1_K8/chunks/chunk_00015.npz,204179,,per-chunk raw output
3_numerics/results/7_tau_implicite/data/E36A2_delay_seed46/runs/lam2_K11/chunks/chunk_00010.npz,204125,,per-chunk raw output
3_numerics/results/7_tau_implicite/data/E36A2_delay_seed43/runs/lam1_K11/chunks/chunk_00013.npz,203451,,per-chunk raw output
4_campaigns/numerical_workplan/runs/N5A/boundary_N2000_P100_s43_tau2_lam0.334.npz,203393,,"raw campaign output, kept in the local archive"
3_numerics/results/7_tau_implicite/data/E36A2_delay_seed42/runs/lam1_K11/chunks/chunk_00002.npz,202840,,per-chunk raw output
4_campaigns/numerical_workplan/runs/N5A/boundary_N2000_P100_s45_tau0.5_lam0.308.npz,202719,,"raw campaign output, kept in the local archive"
3_numerics/results/7_tau_implicite/data/E36A2_delay_seed45/runs/lam1_K8/chunks/chunk_00013.npz,202591,,per-chunk raw output
3_numerics/results/7_tau_implicite/data/E36A2_delay_seed43/runs/lam1_K11/chunks/chunk_00023.npz,202470,,per-chunk raw output
3_numerics/results/7_tau_implicite/data/E36A2_delay_seed46/runs/lam1_K8/chunks/chunk_00001.npz,202136,,per-chunk raw output
3_numerics/results/7_tau_implicite/data/E36A2_delay_seed43/runs/lam2_K11/chunks/chunk_00010.npz,202073,,per-chunk raw output
3_numerics/results/7_tau_implicite/data/E36A2_delay_seed45/runs/lam1_K11/chunks/chunk_00003.npz,202038,,per-chunk raw output
4_campaigns/numerical_workplan/runs/N5A/boundary_N2000_P100_s43_tau1.3_lam0.302.npz,201724,,"raw campaign output, kept in the local archive"
3_numerics/results/7_tau_implicite/data/E36A2_delay_seed43/runs/lam2_K11/chunks/chunk_00013.npz,201464,,per-chunk raw output
3_numerics/results/7_tau_implicite/data/E36A2_delay_seed44/runs/lam1_K11/chunks/chunk_00018.npz,201258,,per-chunk raw output
3_numerics/results/7_tau_implicite/data/E36A2_delay_seed44/runs/lam1_K8/chunks/chunk_00000.npz,200834,,per-chunk raw output
3_numerics/results/7_tau_implicite/data/E36A2_delay_seed45/runs/lam1_K11/chunks/chunk_00011.npz,200773,,per-chunk raw output
3_numerics/results/7_tau_implicite/data/E36A2_delay_seed42/runs/lam2_K11/chunks/chunk_00005.npz,200530,,per-chunk raw output
3_numerics/results/7_tau_implicite/data/E36A2_delay_seed44/runs/lam2_K11/chunks/chunk_00016.npz,200379,,per-chunk raw output
3_numerics/results/7_tau_implicite/data/E36A2_delay_seed43/runs/lam1_K8/chunks/chunk_00010.npz,199699,,per-chunk raw output
3_numerics/results/7_tau_implicite/data/E36A2_delay_seed42/runs/lam1_K8/chunks/chunk_00018.npz,199635,,per-chunk raw output
4_campaigns/numerical_workplan/runs/N5A/boundary_N2000_P100_s46_tau10_lam0.318.npz,199561,,"raw campaign output, kept in the local archive"
3_numerics/results/7_tau_implicite/data/E36A2_delay_seed44/runs/lam2_K11/chunks/chunk_00001.npz,199540,,per-chunk raw output
3_numerics/results/7_tau_implicite/data/E36A2_delay_seed43/runs/lam1_K11/chunks/chunk_00015.npz,199508,,per-chunk raw output
4_campaigns/numerical_workplan/runs/N5A/boundary_N2000_P100_s43_tau2_lam0.324.npz,199507,,"raw campaign output, kept in the local archive"
4_campaigns/numerical_workplan/runs/N5A/boundary_N2000_P100_s42_tau2_lam0.308.npz,198973,,"raw campaign output, kept in the local archive"
3_numerics/results/7_tau_implicite/data/E36A2_delay_seed42/runs/lam2_K11/chunks/chunk_00010.npz,198910,,per-chunk raw output
3_numerics/results/7_tau_implicite/data/E36A2_delay_seed44/runs/lam1_K11/chunks/chunk_00005.npz,198843,,per-chunk raw output
3_numerics/results/7_tau_implicite/data/E36A2_delay_seed43/runs/lam2_K11/chunks/chunk_00006.npz,198817,,per-chunk raw output
3_numerics/results/7_tau_implicite/data/E36A2_delay_seed43/runs/lam2_K11/chunks/chunk_00009.npz,198204,,per-chunk raw output
3_numerics/results/7_tau_implicite/data/E36A2_delay_seed43/runs/lam1_K8/chunks/chunk_00016.npz,198165,,per-chunk raw output
3_numerics/results/7_tau_implicite/data/E36A2_delay_seed44/runs/lam1_K8/chunks/chunk_00015.npz,198108,,per-chunk raw output
3_numerics/results/7_tau_implicite/data/E36A2_delay_seed42/runs/lam1_K8/chunks/chunk_00014.npz,198076,,per-chunk raw output
4_campaigns/numerical_workplan/runs/N5A/boundary_N2000_P100_s44_tau1_lam0.332.npz,197694,,"raw campaign output, kept in the local archive"
3_numerics/results/7_tau_implicite/data/E36A2_delay_seed46/runs/lam2_K11/chunks/chunk_00001.npz,197457,,per-chunk raw output
3_numerics/results/7_tau_implicite/data/E36A2_delay_seed43/runs/lam1_K8/chunks/chunk_00014.npz,197451,,per-chunk raw output
3_numerics/results/7_tau_implicite/data/E36A2_delay_seed45/runs/lam2_K11/chunks/chunk_00012.npz,197416,,per-chunk raw output
4_campaigns/numerical_workplan/runs/N5A/boundary_N2000_P100_s43_tau10_lam0.300.npz,197050,,"raw campaign output, kept in the local archive"
3_numerics/results/7_tau_implicite/data/E36A2_delay_seed44/runs/lam2_K11/chunks/chunk_00008.npz,196901,,per-chunk raw output
3_numerics/results/7_tau_implicite/data/E36A2_delay_seed45/runs/lam4_K11/chunks/chunk_00008.npz,196501,,per-chunk raw output
3_numerics/results/7_tau_implicite/data/E36A2_delay_seed42/runs/lam1_K8/chunks/chunk_00004.npz,196169,,per-chunk raw output
4_campaigns/numerical_workplan/runs/N5A/boundary_N2000_P100_s43_tau0.5_lam0.308.npz,195802,,"raw campaign output, kept in the local archive"
3_numerics/results/7_tau_implicite/data/E36A2_delay_seed42/runs/lam1_K11/chunks/chunk_00024.npz,195777,,per-chunk raw output
3_numerics/results/7_tau_implicite/data/E36A2_delay_seed44/runs/lam1_K8/chunks/chunk_00009.npz,195690,,per-chunk raw output
3_numerics/results/7_tau_implicite/data/E36A2_delay_seed42/runs/lam1_K8/chunks/chunk_00010.npz,195680,,per-chunk raw output
3_numerics/results/7_tau_implicite/data/E36A2_delay_seed42/runs/lam1_K8/chunks/chunk_00013.npz,195540,,per-chunk raw output
3_numerics/results/7_tau_implicite/data/E36A2_delay_seed42/runs/lam2_K11/chunks/chunk_00016.npz,195431,,per-chunk raw output
3_numerics/results/7_tau_implicite/data/E36A2_delay_seed46/runs/lam1_K8/chunks/chunk_00005.npz,195262,,per-chunk raw output
3_numerics/results/7_tau_implicite/data/E36A2_delay_seed44/runs/lam1_K8/chunks/chunk_00014.npz,195240,,per-chunk raw output
3_numerics/results/7_tau_implicite/data/E36A2_delay_seed42/runs/lam1_K8/chunks/chunk_00005.npz,195013,,per-chunk raw output
3_numerics/results/7_tau_implicite/data/E36A2_delay_seed46/runs/lam1_K8/chunks/chunk_00009.npz,194729,,per-chunk raw output
3_numerics/results/7_tau_implicite/data/E36A2_delay_seed43/runs/lam2_K11/chunks/chunk_00014.npz,194666,,per-chunk raw output
3_numerics/results/7_tau_implicite/data/E36A2_delay_seed45/runs/lam1_K11/chunks/chunk_00016.npz,194526,,per-chunk raw output
4_campaigns/numerical_workplan/runs/N5A/boundary_N2000_P100_s44_tau1.3_lam0.334.npz,194064,,"raw campaign output, kept in the local archive"
3_numerics/results/7_tau_implicite/data/E36A2_delay_seed45/runs/lam1_K8/chunks/chunk_00002.npz,193610,,per-chunk raw output
4_campaigns/numerical_workplan/runs/N5A/boundary_N2000_P100_s42_tau0.5_lam0.352.npz,193582,,"raw campaign output, kept in the local archive"
3_numerics/results/7_tau_implicite/data/E36A2_delay_seed46/runs/lam1_K11/chunks/chunk_00015.npz,193535,,per-chunk raw output
3_numerics/results/7_tau_implicite/data/E36A2_delay_seed45/runs/lam4_K4/chunks/chunk_00002.npz,193401,,per-chunk raw output
3_numerics/results/7_tau_implicite/data/E36A2_delay_seed44/runs/lam1_K11/chunks/chunk_00009.npz,193315,,per-chunk raw output
3_numerics/results/7_tau_implicite/data/E36A2_delay_seed46/runs/lam1_K11/chunks/chunk_00021.npz,193109,,per-chunk raw output
4_campaigns/numerical_workplan/runs/N1_AUDIT/points/N2000_P100_s44_ascending_lam0p33764287_dt0p005_tours5.npz,192833,,"raw campaign output, kept in the local archive"
3_numerics/results/7_tau_implicite/data/E36A2_delay_seed42/runs/lam2_K11/chunks/chunk_00009.npz,192755,,per-chunk raw output
3_numerics/results/7_tau_implicite/data/E36A2_delay_seed46/runs/lam1_K11/chunks/chunk_00012.npz,192569,,per-chunk raw output
3_numerics/results/7_tau_implicite/data/E36A2_delay_seed42/runs/lam1_K11/chunks/chunk_00022.npz,192480,,per-chunk raw output
3_numerics/results/7_tau_implicite/data/E36A2_delay_seed44/runs/lam1_K11/chunks/chunk_00019.npz,192476,,per-chunk raw output
4_campaigns/numerical_workplan/runs/N5A/boundary_N2000_P100_s42_tau1.3_lam0.314.npz,192392,,"raw campaign output, kept in the local archive"
3_numerics/results/7_tau_implicite/data/E36A2_delay_seed44/runs/lam1_K8/chunks/chunk_00017.npz,192095,,per-chunk raw output
3_numerics/results/7_tau_implicite/data/E36A2_delay_seed42/runs/lam1_K11/chunks/chunk_00015.npz,192067,,per-chunk raw output
3_numerics/results/7_tau_implicite/data/E36A2_delay_seed42/runs/lam1_K11/chunks/chunk_00023.npz,191897,,per-chunk raw output
3_numerics/results/7_tau_implicite/data/E36A2_delay_seed44/runs/lam2_K11/chunks/chunk_00014.npz,191787,,per-chunk raw output
3_numerics/results/7_tau_implicite/data/E36A2_delay_seed42/runs/lam2_K11/chunks/chunk_00013.npz,191670,,per-chunk raw output
3_numerics/results/7_tau_implicite/data/E36A2_delay_seed46/runs/lam2_K11/chunks/chunk_00008.npz,191641,,per-chunk raw output
3_numerics/results/7_tau_implicite/data/E36A2_delay_seed45/runs/lam4_K11/chunks/chunk_00004.npz,191544,,per-chunk raw output
3_numerics/results/7_tau_implicite/data/E36A2_delay_seed44/runs/lam1_K8/chunks/chunk_00013.npz,191433,,per-chunk raw output
3_numerics/results/7_tau_implicite/data/E36A2_delay_seed46/runs/lam1_K11/chunks/chunk_00003.npz,191233,,per-chunk raw output
3_numerics/results/7_tau_implicite/data/E36A2_delay_seed44/runs/lam2_K11/chunks/chunk_00004.npz,191149,,per-chunk raw output
3_numerics/results/7_tau_implicite/data/E36A2_delay_seed45/runs/lam1_K11/chunks/chunk_00000.npz,191125,,per-chunk raw output
4_campaigns/numerical_workplan/runs/N5A/boundary_N2000_P100_s45_tau10_lam0.312.npz,190944,,"raw campaign output, kept in the local archive"
3_numerics/results/7_tau_implicite/data/E36A2_delay_seed45/runs/lam2_K8/chunks/chunk_00010.npz,190719,,per-chunk raw output
4_campaigns/numerical_workplan/runs/N5A/boundary_N2000_P100_s43_tau1.4_lam0.314.npz,190696,,"raw campaign output, kept in the local archive"
3_numerics/results/7_tau_implicite/data/E36A2_delay_seed45/runs/lam4_K11/chunks/chunk_00001.npz,190635,,per-chunk raw output
4_campaigns/numerical_workplan/runs/N5A/boundary_N2000_P100_s43_tau1_lam0.324.npz,190589,,"raw campaign output, kept in the local archive"
4_campaigns/numerical_workplan/runs/N5A/boundary_N2000_P100_s44_tau1.2_lam0.330.npz,190563,,"raw campaign output, kept in the local archive"
3_numerics/results/7_tau_implicite/data/E36A2_delay_seed43/runs/lam1_K11/chunks/chunk_00018.npz,190558,,per-chunk raw output
3_numerics/results/7_tau_implicite/data/E36A2_delay_seed42/runs/lam1_K11/chunks/chunk_00001.npz,189995,,per-chunk raw output
3_numerics/results/7_tau_implicite/data/E36A2_delay_seed42/runs/lam2_K8/chunks/chunk_00002.npz,189969,,per-chunk raw output
3_numerics/results/7_tau_implicite/data/E36A2_delay_seed45/runs/lam2_K11/chunks/chunk_00016.npz,189884,,per-chunk raw output
3_numerics/results/7_tau_implicite/data/E36A2_delay_seed42/runs/lam1_K8/chunks/chunk_00012.npz,189658,,per-chunk raw output
3_numerics/results/7_tau_implicite/data/E36A2_delay_seed42/runs/lam1_K11/chunks/chunk_00007.npz,189640,,per-chunk raw output
3_numerics/results/7_tau_implicite/data/E36A2_delay_seed44/runs/lam1_K11/chunks/chunk_00022.npz,189625,,per-chunk raw output
4_campaigns/numerical_workplan/runs/N5A/boundary_N2000_P100_s42_tau2_lam0.312.npz,189292,,"raw campaign output, kept in the local archive"
3_numerics/results/7_tau_implicite/data/E36A2_delay_seed44/runs/lam2_K11/chunks/chunk_00000.npz,189185,,per-chunk raw output
3_numerics/results/7_tau_implicite/data/E36A2_delay_seed45/runs/lam2_K8/chunks/chunk_00007.npz,189098,,per-chunk raw output
3_numerics/results/7_tau_implicite/data/E36A2_delay_seed45/runs/lam2_K11/chunks/chunk_00015.npz,189084,,per-chunk raw output
3_numerics/results/7_tau_implicite/data/E36A2_delay_seed42/runs/lam2_K11/chunks/chunk_00004.npz,189024,,per-chunk raw output
3_numerics/results/7_tau_implicite/data/E36A2_delay_seed43/runs/lam1_K11/chunks/chunk_00024.npz,188700,,per-chunk raw output
4_campaigns/numerical_workplan/runs/N5A/boundary_N2000_P100_s43_tau1.2_lam0.318.npz,188488,,"raw campaign output, kept in the local archive"
3_numerics/results/7_tau_implicite/data/E36A2_delay_seed45/runs/lam2_K11/chunks/chunk_00002.npz,188424,,per-chunk raw output
3_numerics/results/7_tau_implicite/data/E36A2_delay_seed45/runs/lam4_K11/chunks/chunk_00007.npz,188375,,per-chunk raw output
3_numerics/results/7_tau_implicite/data/E36A2_delay_seed45/runs/lam1_K11/chunks/chunk_00005.npz,188243,,per-chunk raw output
3_numerics/results/7_tau_implicite/data/E36A2_delay_seed46/runs/lam1_K11/chunks/chunk_00018.npz,188167,,per-chunk raw output
3_numerics/results/7_tau_implicite/data/E36A2_delay_seed45/runs/lam2_K11/chunks/chunk_00007.npz,188043,,per-chunk raw output
3_numerics/results/7_tau_implicite/data/E36A2_delay_seed43/runs/lam1_K11/chunks/chunk_00004.npz,187852,,per-chunk raw output
3_numerics/results/7_tau_implicite/data/E36A2_delay_seed45/runs/lam4_K8/chunks/chunk_00005.npz,187776,,per-chunk raw output
3_numerics/results/7_tau_implicite/data/E36A2_delay_seed43/runs/lam1_K11/chunks/chunk_00010.npz,187663,,per-chunk raw output
3_numerics/results/7_tau_implicite/data/E36A2_delay_seed45/runs/lam1_K8/chunks/chunk_00004.npz,187433,,per-chunk raw output
3_numerics/results/7_tau_implicite/data/E36A2_delay_seed42/runs/lam4_K11/chunks/chunk_00002.npz,187338,,per-chunk raw output
3_numerics/results/7_tau_implicite/data/E36A2_delay_seed42/runs/lam1_K11/chunks/chunk_00026.npz,187271,,per-chunk raw output
3_numerics/results/7_tau_implicite/data/E36A2_delay_seed46/runs/lam2_K11/chunks/chunk_00002.npz,187262,,per-chunk raw output
3_numerics/results/7_tau_implicite/data/E36A2_delay_seed43/runs/lam1_K8/chunks/chunk_00011.npz,187170,,per-chunk raw output
4_campaigns/numerical_workplan/runs/N5A/boundary_N2000_P100_s44_tau10_lam0.312.npz,187123,,"raw campaign output, kept in the local archive"
4_campaigns/numerical_workplan/runs/N5A/boundary_N2000_P100_s43_tau5_lam0.304.npz,186893,,"raw campaign output, kept in the local archive"
4_campaigns/numerical_workplan/runs/N5A/boundary_N2000_P100_s42_tau2_lam0.310.npz,186739,,"raw campaign output, kept in the local archive"
4_campaigns/numerical_workplan/runs/N5A/boundary_N2000_P100_s44_tau0.5_lam0.306.npz,186560,,"raw campaign output, kept in the local archive"
3_numerics/results/7_tau_implicite/data/E36A2_delay_seed45/runs/lam4_K4/chunks/chunk_00005.npz,186185,,per-chunk raw output
3_numerics/results/7_tau_implicite/data/E36A2_delay_seed46/runs/lam1_K8/chunks/chunk_00016.npz,186155,,per-chunk raw output
3_numerics/results/7_tau_implicite/data/E36A2_delay_seed45/runs/lam2_K8/chunks/chunk_00005.npz,186115,,per-chunk raw output
3_numerics/results/7_tau_implicite/data/E36A2_delay_seed42/runs/lam1_K8/chunks/chunk_00017.npz,185936,,per-chunk raw output
3_numerics/results/7_tau_implicite/data/E36A2_delay_seed45/runs/lam2_K8/chunks/chunk_00001.npz,185916,,per-chunk raw output
3_numerics/results/7_tau_implicite/data/E36A2_delay_seed45/runs/lam1_K8/chunks/chunk_00007.npz,185452,,per-chunk raw output
4_campaigns/numerical_workplan/runs/N5A/boundary_N2000_P100_s45_tau1.2_lam0.340.npz,185430,,"raw campaign output, kept in the local archive"
3_numerics/results/7_tau_implicite/data/E36A2_delay_seed46/runs/lam1_K8/chunks/chunk_00011.npz,185417,,per-chunk raw output
3_numerics/results/7_tau_implicite/data/E36A2_delay_seed45/runs/lam4_K11/chunks/chunk_00012.npz,185372,,per-chunk raw output
3_numerics/results/7_tau_implicite/data/E36A2_delay_seed46/runs/lam2_K11/chunks/chunk_00006.npz,185019,,per-chunk raw output
3_numerics/results/7_tau_implicite/data/E36A2_delay_seed46/runs/lam1_K11/chunks/chunk_00007.npz,184989,,per-chunk raw output
3_numerics/results/7_tau_implicite/data/E36A2_delay_seed42/runs/lam2_K8/chunks/chunk_00009.npz,184760,,per-chunk raw output
3_numerics/results/7_tau_implicite/data/E36A2_delay_seed44/runs/lam2_K11/chunks/chunk_00011.npz,184725,,per-chunk raw output
3_numerics/results/7_tau_implicite/data/E36A2_delay_seed43/runs/lam2_K11/chunks/chunk_00001.npz,184722,,per-chunk raw output
3_numerics/results/7_tau_implicite/data/E36A2_delay_seed45/runs/lam2_K8/chunks/chunk_00004.npz,184643,,per-chunk raw output
3_numerics/results/7_tau_implicite/data/E36A2_delay_seed43/runs/lam1_K8/chunks/chunk_00001.npz,184640,,per-chunk raw output
3_numerics/results/7_tau_implicite/data/E36A2_delay_seed44/runs/lam2_K11/chunks/chunk_00007.npz,184524,,per-chunk raw output
3_numerics/results/7_tau_implicite/data/E36A2_delay_seed44/runs/lam2_K11/chunks/chunk_00012.npz,184444,,per-chunk raw output
3_numerics/results/7_tau_implicite/data/E36A2_delay_seed44/runs/lam2_K11/chunks/chunk_00006.npz,184210,,per-chunk raw output
3_numerics/results/7_tau_implicite/data/E36A2_delay_seed42/runs/lam1_K11/chunks/chunk_00000.npz,184161,,per-chunk raw output
3_numerics/results/7_tau_implicite/data/E36A2_delay_seed43/runs/lam4_K11/chunks/chunk_00004.npz,184147,,per-chunk raw output
3_numerics/results/7_tau_implicite/data/E36A2_delay_seed45/runs/lam4_K4/chunks/chunk_00004.npz,183986,,per-chunk raw output
3_numerics/results/7_tau_implicite/data/E36A2_delay_seed43/runs/lam2_K11/chunks/chunk_00016.npz,183759,,per-chunk raw output
3_numerics/results/7_tau_implicite/data/E36A2_delay_seed43/runs/lam2_K11/chunks/chunk_00012.npz,183738,,per-chunk raw output
3_numerics/results/7_tau_implicite/data/E36A2_delay_seed44/runs/lam2_K8/chunks/chunk_00006.npz,183493,,per-chunk raw output
3_numerics/results/7_tau_implicite/data/E36A2_delay_seed46/runs/lam1_K8/chunks/chunk_00010.npz,183297,,per-chunk raw output
3_numerics/results/7_tau_implicite/data/E36A2_delay_seed46/runs/lam1_K8/chunks/chunk_00002.npz,183169,,per-chunk raw output
3_numerics/results/7_tau_implicite/data/E36A2_delay_seed46/runs/lam1_K8/chunks/chunk_00017.npz,183124,,per-chunk raw output
3_numerics/results/7_tau_implicite/data/E36A2_delay_seed42/runs/lam1_K11/chunks/chunk_00011.npz,183046,,per-chunk raw output
3_numerics/results/7_tau_implicite/data/E36A2_delay_seed43/runs/lam1_K8/chunks/chunk_00017.npz,182905,,per-chunk raw output
3_numerics/results/7_tau_implicite/data/E36A2_delay_seed45/runs/lam4_K11/chunks/chunk_00005.npz,182697,,per-chunk raw output
4_campaigns/numerical_workplan/runs/N5A/boundary_N2000_P100_s46_tau2_lam0.310.npz,182430,,"raw campaign output, kept in the local archive"
3_numerics/results/7_tau_implicite/data/E36A2_delay_seed45/runs/lam1_K8/chunks/chunk_00011.npz,182428,,per-chunk raw output
3_numerics/results/7_tau_implicite/data/E36A2_delay_seed45/runs/lam1_K11/chunks/chunk_00023.npz,182297,,per-chunk raw output
3_numerics/results/7_tau_implicite/data/E36A2_delay_seed44/runs/lam1_K8/chunks/chunk_00012.npz,182196,,per-chunk raw output
3_numerics/results/7_tau_implicite/data/E36A2_delay_seed43/runs/lam2_K11/chunks/chunk_00003.npz,182061,,per-chunk raw output
3_numerics/results/7_tau_implicite/data/E36A2_delay_seed45/runs/lam4_K4/chunks/chunk_00007.npz,182052,,per-chunk raw output
3_numerics/results/7_tau_implicite/data/E36A2_delay_seed46/runs/lam2_K11/chunks/chunk_00009.npz,181591,,per-chunk raw output
3_numerics/results/7_tau_implicite/data/E36A2_delay_seed46/runs/lam2_K11/chunks/chunk_00012.npz,181570,,per-chunk raw output
4_campaigns/numerical_workplan/runs/N5A/boundary_N2000_P100_s45_tau0.5_lam0.340.npz,181288,,"raw campaign output, kept in the local archive"
3_numerics/results/7_tau_implicite/data/E36A2_delay_seed43/runs/lam2_K8/chunks/chunk_00004.npz,181221,,per-chunk raw output
3_numerics/results/7_tau_implicite/data/E36A2_delay_seed43/runs/lam1_K8/chunks/chunk_00018.npz,181212,,per-chunk raw output
3_numerics/results/7_tau_implicite/data/E36A2_delay_seed46/runs/lam1_K8/chunks/chunk_00003.npz,181142,,per-chunk raw output
3_numerics/results/7_tau_implicite/data/E36A2_delay_seed42/runs/lam1_K8/chunks/chunk_00011.npz,181026,,per-chunk raw output
3_numerics/results/7_tau_implicite/data/E36A2_delay_seed45/runs/lam4_K11/chunks/chunk_00006.npz,180609,,per-chunk raw output
3_numerics/results/7_tau_implicite/data/E36A2_delay_seed42/runs/lam4_K11/chunks/chunk_00010.npz,180583,,per-chunk raw output
3_numerics/results/7_tau_implicite/data/E36A2_delay_seed43/runs/lam1_K11/chunks/chunk_00012.npz,180563,,per-chunk raw output
3_numerics/results/7_tau_implicite/data/E36A2_delay_seed44/runs/lam1_K8/chunks/chunk_00005.npz,180506,,per-chunk raw output
4_campaigns/numerical_workplan/runs/N5A/boundary_N2000_P100_s43_tau0.5_lam0.320.npz,180035,,"raw campaign output, kept in the local archive"
4_campaigns/numerical_workplan/runs/N5A/boundary_N2000_P100_s45_tau0.5_lam0.332.npz,179887,,"raw campaign output, kept in the local archive"
3_numerics/results/7_tau_implicite/data/E36A2_delay_seed43/runs/lam1_K8/chunks/chunk_00007.npz,179750,,per-chunk raw output
3_numerics/results/7_tau_implicite/data/E36A2_delay_seed43/runs/lam1_K8/chunks/chunk_00015.npz,179585,,per-chunk raw output
3_numerics/results/7_tau_implicite/data/E36A2_delay_seed45/runs/lam2_K8/chunks/chunk_00003.npz,179412,,per-chunk raw output
4_campaigns/numerical_workplan/runs/N5A/boundary_N2000_P100_s43_tau1_lam0.328.npz,179117,,"raw campaign output, kept in the local archive"
3_numerics/results/7_tau_implicite/data/E36A2_delay_seed43/runs/lam1_K8/chunks/chunk_00009.npz,178792,,per-chunk raw output
4_campaigns/numerical_workplan/runs/N5A/boundary_N2000_P100_s43_tau1.2_lam0.328.npz,178559,,"raw campaign output, kept in the local archive"
3_numerics/results/7_tau_implicite/data/E36A2_delay_seed42/runs/lam2_K11/chunks/chunk_00001.npz,178539,,per-chunk raw output
3_numerics/results/7_tau_implicite/data/E36A2_delay_seed44/runs/lam1_K8/chunks/chunk_00004.npz,178303,,per-chunk raw output
4_campaigns/numerical_workplan/runs/N5A/boundary_N2000_P100_s44_tau10_lam0.314.npz,178173,,"raw campaign output, kept in the local archive"
3_numerics/results/7_tau_implicite/data/E36A2_delay_seed46/runs/lam1_K8/chunks/chunk_00014.npz,177919,,per-chunk raw output
3_numerics/results/7_tau_implicite/data/E36A2_delay_seed42/runs/lam1_K8/chunks/chunk_00001.npz,177821,,per-chunk raw output
4_campaigns/numerical_workplan/runs/N5A/boundary_N2000_P100_s42_tau0.5_lam0.306.npz,177594,,"raw campaign output, kept in the local archive"
3_numerics/results/7_tau_implicite/data/E36A2_delay_seed46/runs/lam4_K11/chunks/chunk_00004.npz,177559,,per-chunk raw output
3_numerics/results/7_tau_implicite/data/E36A2_delay_seed42/runs/lam1_K11/chunks/chunk_00009.npz,177292,,per-chunk raw output
3_numerics/results/7_tau_implicite/data/E36A2_delay_seed44/runs/lam1_K8/chunks/chunk_00006.npz,177276,,per-chunk raw output
3_numerics/results/7_tau_implicite/data/E36A2_delay_seed43/runs/lam2_K8/chunks/chunk_00009.npz,176696,,per-chunk raw output
3_numerics/results/7_tau_implicite/data/E36A2_delay_seed46/runs/lam2_K8/chunks/chunk_00004.npz,176635,,per-chunk raw output
3_numerics/results/7_tau_implicite/data/E36A2_delay_seed46/runs/lam2_K11/chunks/chunk_00014.npz,175983,,per-chunk raw output
3_numerics/results/7_tau_implicite/data/E36A2_delay_seed43/runs/lam1_K11/chunks/chunk_00001.npz,175745,,per-chunk raw output
3_numerics/results/7_tau_implicite/data/E36A2_delay_seed46/runs/lam1_K11/chunks/chunk_00017.npz,175613,,per-chunk raw output
3_numerics/results/7_tau_implicite/data/E36A2_delay_seed43/runs/lam2_K11/chunks/chunk_00008.npz,175592,,per-chunk raw output
3_numerics/results/7_tau_implicite/data/E36A2_delay_seed42/runs/lam2_K8/chunks/chunk_00001.npz,175337,,per-chunk raw output
3_numerics/results/7_tau_implicite/data/E36A2_delay_seed42/runs/lam1_K8/chunks/chunk_00006.npz,175318,,per-chunk raw output
3_numerics/results/7_tau_implicite/data/E36A2_delay_seed44/runs/lam2_K8/chunks/chunk_00005.npz,175033,,per-chunk raw output
3_numerics/results/7_tau_implicite/data/E36A2_delay_seed44/runs/lam1_K11/chunks/chunk_00003.npz,174944,,per-chunk raw output
3_numerics/results/7_tau_implicite/data/E36A2_delay_seed45/runs/lam1_K8/chunks/chunk_00000.npz,174709,,per-chunk raw output
3_numerics/results/7_tau_implicite/data/E36A2_delay_seed46/runs/lam2_K11/chunks/chunk_00004.npz,174021,,per-chunk raw output
4_campaigns/numerical_workplan/runs/N5A/boundary_N2000_P100_s43_tau3_lam0.300.npz,173938,,"raw campaign output, kept in the local archive"
3_numerics/results/7_tau_implicite/data/E36A2_delay_seed44/runs/lam1_K8/chunks/chunk_00016.npz,173900,,per-chunk raw output
4_campaigns/numerical_workplan/runs/N5A/boundary_N2000_P100_s43_tau1.3_lam0.310.npz,173862,,"raw campaign output, kept in the local archive"
3_numerics/results/7_tau_implicite/data/E36A2_delay_seed42/runs/lam1_K11/chunks/chunk_00013.npz,173838,,per-chunk raw output
3_numerics/results/7_tau_implicite/data/E36A2_delay_seed46/runs/lam1_K11/chunks/chunk_00020.npz,173822,,per-chunk raw output
3_numerics/results/7_tau_implicite/data/E36A2_delay_seed44/runs/lam2_K11/chunks/chunk_00010.npz,173724,,per-chunk raw output
3_numerics/results/7_tau_implicite/data/E36A2_delay_seed45/runs/lam1_K8/chunks/chunk_00012.npz,173660,,per-chunk raw output
3_numerics/results/7_tau_implicite/data/E36A2_delay_seed45/runs/lam1_K4/chunks/chunk_00004.npz,173642,,per-chunk raw output
4_campaigns/numerical_workplan/runs/N5A/boundary_N2000_P100_s42_tau1_lam0.318.npz,173589,,"raw campaign output, kept in the local archive"
3_numerics/results/7_tau_implicite/data/E36A2_delay_seed44/runs/lam4_K11/chunks/chunk_00009.npz,173552,,per-chunk raw output
3_numerics/results/7_tau_implicite/data/E36A2_delay_seed44/runs/lam2_K8/chunks/chunk_00008.npz,173398,,per-chunk raw output
3_numerics/results/7_tau_implicite/data/E36A2_delay_seed46/runs/lam1_K8/chunks/chunk_00004.npz,173165,,per-chunk raw output
3_numerics/results/7_tau_implicite/data/E36A2_delay_seed46/runs/lam2_K11/chunks/chunk_00003.npz,172859,,per-chunk raw output
3_numerics/results/7_tau_implicite/data/E36A2_delay_seed44/runs/lam1_K11/chunks/chunk_00016.npz,172648,,per-chunk raw output
4_campaigns/numerical_workplan/runs/N5A/boundary_N2000_P100_s45_tau0.5_lam0.310.npz,172643,,"raw campaign output, kept in the local archive"
3_numerics/results/7_tau_implicite/data/E36A2_delay_seed46/runs/lam1_K11/chunks/chunk_00011.npz,172465,,per-chunk raw output
3_numerics/results/7_tau_implicite/data/E36A2_delay_seed45/runs/lam2_K8/chunks/chunk_00009.npz,172253,,per-chunk raw output
3_numerics/results/7_tau_implicite/data/E36A2_delay_seed44/runs/lam1_K8/chunks/chunk_00002.npz,172210,,per-chunk raw output
3_numerics/results/7_tau_implicite/data/E36A2_delay_seed44/runs/lam1_K11/chunks/chunk_00007.npz,172066,,per-chunk raw output
3_numerics/results/7_tau_implicite/data/E36A2_delay_seed44/runs/lam2_K8/chunks/chunk_00009.npz,171943,,per-chunk raw output
3_numerics/results/7_tau_implicite/data/E36A2_delay_seed44/runs/lam1_K8/chunks/chunk_00007.npz,171801,,per-chunk raw output
3_numerics/results/7_tau_implicite/data/E36A2_delay_seed46/runs/lam1_K11/chunks/chunk_00023.npz,171790,,per-chunk raw output
3_numerics/results/7_tau_implicite/data/E36A2_delay_seed42/runs/lam2_K11/chunks/chunk_00011.npz,171498,,per-chunk raw output
4_campaigns/numerical_workplan/runs/N5A/boundary_N2000_P100_s45_tau1.2_lam0.332.npz,171489,,"raw campaign output, kept in the local archive"
4_campaigns/numerical_workplan/runs/N5A/boundary_N2000_P100_s43_tau10_lam0.310.npz,171220,,"raw campaign output, kept in the local archive"
3_numerics/results/7_tau_implicite/data/E36A2_delay_seed45/runs/lam1_K11/chunks/chunk_00004.npz,171005,,per-chunk raw output
3_numerics/results/7_tau_implicite/data/E36A2_delay_seed45/runs/lam2_K4/chunks/chunk_00003.npz,170976,,per-chunk raw output
3_numerics/results/7_tau_implicite/data/E36A2_delay_seed43/runs/lam4_K11/chunks/chunk_00010.npz,170696,,per-chunk raw output
4_campaigns/numerical_workplan/runs/N5A/boundary_N2000_P100_s43_tau10_lam0.314.npz,170615,,"raw campaign output, kept in the local archive"
3_numerics/results/7_tau_implicite/data/E36A2_delay_seed44/runs/lam4_K11/chunks/chunk_00006.npz,170419,,per-chunk raw output
3_numerics/results/7_tau_implicite/data/E36A2_delay_seed43/runs/lam2_K8/chunks/chunk_00003.npz,170407,,per-chunk raw output
3_numerics/results/7_tau_implicite/data/E36A2_delay_seed46/runs/lam1_K11/chunks/chunk_00000.npz,170036,,per-chunk raw output
3_numerics/results/7_tau_implicite/data/E36A2_delay_seed46/runs/lam1_K8/chunks/chunk_00013.npz,169990,,per-chunk raw output
3_numerics/results/7_tau_implicite/data/E36A2_delay_seed44/runs/lam1_K11/chunks/chunk_00004.npz,169982,,per-chunk raw output
3_numerics/results/7_tau_implicite/data/E36A2_delay_seed45/runs/lam4_K4/chunks/chunk_00008.npz,169948,,per-chunk raw output
3_numerics/results/7_tau_implicite/data/E36A2_delay_seed43/runs/lam2_K11/chunks/chunk_00015.npz,169775,,per-chunk raw output
3_numerics/results/7_tau_implicite/data/E36A2_delay_seed43/runs/lam1_K11/chunks/chunk_00017.npz,169763,,per-chunk raw output
3_numerics/results/7_tau_implicite/data/E36A2_delay_seed46/runs/lam2_K8/chunks/chunk_00001.npz,169694,,per-chunk raw output
3_numerics/results/7_tau_implicite/data/E36A2_delay_seed42/runs/lam1_K8/chunks/chunk_00008.npz,169583,,per-chunk raw output
3_numerics/results/7_tau_implicite/data/E36A2_delay_seed43/runs/lam2_K8/chunks/chunk_00002.npz,169544,,per-chunk raw output
4_campaigns/numerical_workplan/runs/N5A/boundary_N2000_P100_s42_tau10_lam0.302.npz,169420,,"raw campaign output, kept in the local archive"
3_numerics/results/7_tau_implicite/data/E36A2_delay_seed42/runs/lam4_K11/chunks/chunk_00009.npz,169324,,per-chunk raw output
3_numerics/results/7_tau_implicite/data/E36A2_delay_seed45/runs/lam1_K4/chunks/chunk_00005.npz,169092,,per-chunk raw output
3_numerics/results/7_tau_implicite/data/E36A2_delay_seed46/runs/lam4_K11/chunks/chunk_00001.npz,169032,,per-chunk raw output
3_numerics/results/7_tau_implicite/data/E36A2_delay_seed43/runs/lam2_K8/chunks/chunk_00006.npz,168967,,per-chunk raw output
4_campaigns/numerical_workplan/runs/N5A/boundary_N2000_P100_s43_tau2_lam0.330.npz,168851,,"raw campaign output, kept in the local archive"
3_numerics/results/7_tau_implicite/data/E36A2_delay_seed42/runs/lam1_K8/chunks/chunk_00000.npz,168648,,per-chunk raw output
3_numerics/results/7_tau_implicite/data/E36A2_delay_seed44/runs/lam2_K11/chunks/chunk_00002.npz,168492,,per-chunk raw output
3_numerics/results/7_tau_implicite/data/E36A2_delay_seed44/runs/lam2_K11/chunks/chunk_00005.npz,167966,,per-chunk raw output
3_numerics/results/7_tau_implicite/data/E36A2_delay_seed44/runs/lam4_K11/chunks/chunk_00005.npz,167725,,per-chunk raw output
3_numerics/results/7_tau_implicite/data/E36A2_delay_seed44/runs/lam2_K8/chunks/chunk_00010.npz,167664,,per-chunk raw output
4_campaigns/numerical_workplan/runs/N5A/boundary_N2000_P100_s45_tau1_lam0.358.npz,167585,,"raw campaign output, kept in the local archive"
3_numerics/results/7_tau_implicite/data/E36A2_delay_seed43/runs/lam1_K8/chunks/chunk_00003.npz,167551,,per-chunk raw output
4_campaigns/numerical_workplan/runs/N5A/boundary_N2000_P100_s42_tau2_lam0.306.npz,167551,,"raw campaign output, kept in the local archive"
3_numerics/results/7_tau_implicite/data/E36A2_delay_seed43/runs/lam1_K11/chunks/chunk_00011.npz,167540,,per-chunk raw output
3_numerics/results/7_tau_implicite/data/E36A2_delay_seed43/runs/lam1_K8/chunks/chunk_00013.npz,167505,,per-chunk raw output
3_numerics/results/7_tau_implicite/data/E36A2_delay_seed42/runs/lam2_K8/chunks/chunk_00008.npz,167420,,per-chunk raw output
3_numerics/results/7_tau_implicite/data/E36A2_delay_seed45/runs/lam4_K8/chunks/chunk_00004.npz,167412,,per-chunk raw output
3_numerics/results/7_tau_implicite/data/E36A2_delay_seed45/runs/lam4_K8/chunks/chunk_00008.npz,167126,,per-chunk raw output
3_numerics/results/7_tau_implicite/data/E36A2_delay_seed44/runs/lam2_K8/chunks/chunk_00000.npz,167061,,per-chunk raw output
4_campaigns/numerical_workplan/runs/N5A/boundary_N2000_P100_s43_tau1_lam0.354.npz,167052,,"raw campaign output, kept in the local archive"
3_numerics/results/7_tau_implicite/data/E36A2_delay_seed45/runs/lam4_K11/chunks/chunk_00010.npz,166984,,per-chunk raw output
3_numerics/results/7_tau_implicite/data/E36A2_delay_seed45/runs/lam4_K11/chunks/chunk_00011.npz,166984,,per-chunk raw output
3_numerics/results/7_tau_implicite/data/E36A2_delay_seed42/runs/lam1_K8/chunks/chunk_00016.npz,166747,,per-chunk raw output
3_numerics/results/7_tau_implicite/data/E36A2_delay_seed42/runs/lam1_K11/chunks/chunk_00021.npz,166680,,per-chunk raw output
3_numerics/results/7_tau_implicite/data/E36A2_delay_seed45/runs/lam1_K8/chunks/chunk_00017.npz,166352,,per-chunk raw output
3_numerics/results/7_tau_implicite/data/E36A2_delay_seed43/runs/lam4_K11/chunks/chunk_00008.npz,166325,,per-chunk raw output
3_numerics/results/7_tau_implicite/data/E36A2_delay_seed42/runs/lam4_K11/chunks/chunk_00004.npz,166268,,per-chunk raw output
4_campaigns/numerical_workplan/runs/N5A/boundary_N2000_P100_s45_tau1_lam0.356.npz,166224,,"raw campaign output, kept in the local archive"
3_numerics/results/7_tau_implicite/data/E36A2_delay_seed42/runs/lam4_K11/chunks/chunk_00001.npz,166195,,per-chunk raw output
3_numerics/results/7_tau_implicite/data/E36A2_delay_seed46/runs/lam4_K11/chunks/chunk_00008.npz,166188,,per-chunk raw output
3_numerics/results/7_tau_implicite/data/E36A2_delay_seed45/runs/lam2_K11/chunks/chunk_00000.npz,166096,,per-chunk raw output
3_numerics/results/7_tau_implicite/data/E36A2_delay_seed42/runs/lam1_K4/chunks/chunk_00001.npz,166017,,per-chunk raw output
3_numerics/results/7_tau_implicite/data/E36A2_delay_seed44/runs/lam4_K11/chunks/chunk_00010.npz,165890,,per-chunk raw output
3_numerics/results/7_tau_implicite/data/E36A2_delay_seed43/runs/lam2_K8/chunks/chunk_00010.npz,165802,,per-chunk raw output
3_numerics/results/7_tau_implicite/data/E36A2_delay_seed46/runs/lam2_K11/chunks/chunk_00013.npz,165288,,per-chunk raw output
3_numerics/results/7_tau_implicite/data/E36A2_delay_seed46/runs/lam1_K8/chunks/chunk_00012.npz,165282,,per-chunk raw output
3_numerics/results/7_tau_implicite/data/E36A2_delay_seed45/runs/lam2_K8/chunks/chunk_00011.npz,165171,,per-chunk raw output
3_numerics/results/7_tau_implicite/data/E36A2_delay_seed46/runs/lam1_K11/chunks/chunk_00010.npz,164877,,per-chunk raw output
3_numerics/results/7_tau_implicite/data/E36A2_delay_seed42/runs/lam1_K11/chunks/chunk_00012.npz,164717,,per-chunk raw output
3_numerics/results/7_tau_implicite/data/E36A2_delay_seed46/runs/lam2_K8/chunks/chunk_00006.npz,164666,,per-chunk raw output
3_numerics/results/7_tau_implicite/data/E36A2_delay_seed43/runs/lam4_K4/chunks/chunk_00001.npz,164456,,per-chunk raw output
3_numerics/results/7_tau_implicite/data/E36A2_delay_seed42/runs/lam2_K11/chunks/chunk_00015.npz,164339,,per-chunk raw output
3_numerics/results/7_tau_implicite/data/E36A2_delay_seed42/runs/lam2_K11/chunks/chunk_00008.npz,164217,,per-chunk raw output
4_campaigns/numerical_workplan/runs/N5A/boundary_N2000_P100_s44_tau10_lam0.310.npz,164109,,"raw campaign output, kept in the local archive"
4_campaigns/numerical_workplan/runs/N5A/boundary_N2000_P100_s44_tau1.3_lam0.320.npz,163934,,"raw campaign output, kept in the local archive"
3_numerics/results/7_tau_implicite/data/E36A2_delay_seed42/runs/lam2_K8/chunks/chunk_00006.npz,163810,,per-chunk raw output
4_campaigns/numerical_workplan/runs/N5A/boundary_N2000_P100_s42_tau3_lam0.306.npz,163730,,"raw campaign output, kept in the local archive"
3_numerics/results/7_tau_implicite/data/E36A2_delay_seed45/runs/lam2_K8/chunks/chunk_00000.npz,163618,,per-chunk raw output
3_numerics/results/7_tau_implicite/data/E36A2_delay_seed43/runs/lam4_K11/chunks/chunk_00002.npz,163527,,per-chunk raw output
3_numerics/results/7_tau_implicite/data/E36A2_delay_seed46/runs/lam1_K8/chunks/chunk_00000.npz,163527,,per-chunk raw output
3_numerics/results/7_tau_implicite/data/E36A2_delay_seed45/runs/lam4_K4/chunks/chunk_00006.npz,163270,,per-chunk raw output
3_numerics/results/7_tau_implicite/data/E36A2_delay_seed42/runs/lam1_K11/chunks/chunk_00010.npz,163075,,per-chunk raw output
3_numerics/results/7_tau_implicite/data/E36A2_delay_seed43/runs/lam1_K8/chunks/chunk_00002.npz,162973,,per-chunk raw output
3_numerics/results/7_tau_implicite/data/E36A2_delay_seed43/runs/lam4_K11/chunks/chunk_00012.npz,162947,,per-chunk raw output
4_campaigns/numerical_workplan/runs/N5A/boundary_N2000_P100_s44_tau0.5_lam0.310.npz,162931,,"raw campaign output, kept in the local archive"
3_numerics/results/7_tau_implicite/data/E36A2_delay_seed45/runs/lam4_K4/chunks/chunk_00001.npz,162730,,per-chunk raw output
3_numerics/results/7_tau_implicite/data/E36A2_delay_seed45/runs/lam2_K4/chunks/chunk_00002.npz,162680,,per-chunk raw output
4_campaigns/numerical_workplan/runs/N5A/boundary_N2000_P100_s42_tau10_lam0.320.npz,162442,,"raw campaign output, kept in the local archive"
3_numerics/results/7_tau_implicite/data/E36A2_delay_seed43/runs/lam1_K4/chunks/chunk_00002.npz,162408,,per-chunk raw output
3_numerics/results/7_tau_implicite/data/E36A2_delay_seed43/runs/lam2_K11/chunks/chunk_00002.npz,162287,,per-chunk raw output
3_numerics/results/7_tau_implicite/data/E36A2_delay_seed42/runs/lam2_K11/chunks/chunk_00000.npz,162219,,per-chunk raw output
3_numerics/results/7_tau_implicite/data/E36A2_delay_seed46/runs/lam4_K11/chunks/chunk_00002.npz,162190,,per-chunk raw output
3_numerics/results/7_tau_implicite/data/E36A2_delay_seed42/runs/lam4_K11/chunks/chunk_00008.npz,162028,,per-chunk raw output
3_numerics/results/7_tau_implicite/data/E36A2_delay_seed46/runs/lam2_K11/chunks/chunk_00000.npz,162008,,per-chunk raw output
3_numerics/results/7_tau_implicite/data/E36A2_delay_seed45/runs/lam1_K4/chunks/chunk_00002.npz,161990,,per-chunk raw output
3_numerics/results/7_tau_implicite/data/E36A2_delay_seed43/runs/lam4_K8/chunks/chunk_00002.npz,161976,,per-chunk raw output
3_numerics/results/7_tau_implicite/data/E36A2_delay_seed43/runs/lam4_K11/chunks/chunk_00003.npz,161962,,per-chunk raw output
3_numerics/results/7_tau_implicite/data/E36A2_delay_seed42/runs/lam2_K11/chunks/chunk_00006.npz,161489,,per-chunk raw output
3_numerics/results/7_tau_implicite/data/E36A2_delay_seed44/runs/lam4_K11/chunks/chunk_00008.npz,161449,,per-chunk raw output
4_campaigns/numerical_workplan/runs/N5A/boundary_N2000_P100_s46_tau0.5_lam0.308.npz,161407,,"raw campaign output, kept in the local archive"
3_numerics/results/7_tau_implicite/data/E36A2_delay_seed46/runs/lam1_K8/chunks/chunk_00015.npz,161358,,per-chunk raw output
4_campaigns/numerical_workplan/runs/N5A/boundary_N2000_P100_s42_tau3_lam0.310.npz,161243,,"raw campaign output, kept in the local archive"
3_numerics/results/7_tau_implicite/data/E36A2_delay_seed44/runs/lam2_K8/chunks/chunk_00001.npz,161214,,per-chunk raw output
3_numerics/results/7_tau_implicite/data/E36A2_delay_seed45/runs/lam2_K4/chunks/chunk_00006.npz,161180,,per-chunk raw output
3_numerics/results/7_tau_implicite/data/E36A2_delay_seed44/runs/lam2_K11/chunks/chunk_00015.npz,161143,,per-chunk raw output
3_numerics/results/7_tau_implicite/data/E36A2_delay_seed43/runs/lam1_K11/chunks/chunk_00000.npz,160824,,per-chunk raw output
3_numerics/results/7_tau_implicite/data/E36A2_delay_seed43/runs/lam2_K8/chunks/chunk_00007.npz,160806,,per-chunk raw output
3_numerics/results/7_tau_implicite/data/E36A2_delay_seed44/runs/lam2_K8/chunks/chunk_00004.npz,160593,,per-chunk raw output
4_campaigns/numerical_workplan/runs/N5A/boundary_N2000_P100_s46_tau0.5_lam0.306.npz,160572,,"raw campaign output, kept in the local archive"
3_numerics/results/7_tau_implicite/data/E36A2_delay_seed46/runs/lam2_K8/chunks/chunk_00002.npz,160543,,per-chunk raw output
3_numerics/results/7_tau_implicite/data/E36A2_delay_seed46/runs/lam1_K8/chunks/chunk_00008.npz,160539,,per-chunk raw output
3_numerics/results/7_tau_implicite/data/E36A2_delay_seed45/runs/lam4_K4/chunks/chunk_00003.npz,160306,,per-chunk raw output
3_numerics/results/7_tau_implicite/data/E36A2_delay_seed44/runs/lam4_K11/chunks/chunk_00007.npz,160108,,per-chunk raw output
3_numerics/results/7_tau_implicite/data/E36A2_delay_seed42/runs/lam1_K8/chunks/chunk_00015.npz,159903,,per-chunk raw output
3_numerics/results/7_tau_implicite/data/E36A2_delay_seed45/runs/lam1_K11/chunks/chunk_00025.npz,159878,,per-chunk raw output
3_numerics/results/7_tau_implicite/data/E36A2_delay_seed44/runs/lam4_K11/chunks/chunk_00001.npz,159703,,per-chunk raw output
3_numerics/results/7_tau_implicite/data/E36A2_delay_seed43/runs/lam1_K8/chunks/chunk_00012.npz,159692,,per-chunk raw output
4_campaigns/numerical_workplan/runs/N5A/boundary_N2000_P100_s43_tau1_lam0.356.npz,159631,,"raw campaign output, kept in the local archive"
3_numerics/results/7_tau_implicite/data/E36A2_delay_seed43/runs/lam1_K8/chunks/chunk_00008.npz,159510,,per-chunk raw output
3_numerics/results/7_tau_implicite/data/E36A2_delay_seed42/runs/lam4_K8/chunks/chunk_00001.npz,159367,,per-chunk raw output
3_numerics/results/7_tau_implicite/data/E36A2_delay_seed46/runs/lam2_K11/chunks/chunk_00015.npz,159166,,per-chunk raw output
3_numerics/results/7_tau_implicite/data/E36A2_delay_seed42/runs/lam2_K11/chunks/chunk_00014.npz,158804,,per-chunk raw output
3_numerics/results/7_tau_implicite/data/E36A2_delay_seed46/runs/lam2_K8/chunks/chunk_00007.npz,158675,,per-chunk raw output
3_numerics/results/7_tau_implicite/data/E36A2_delay_seed43/runs/lam4_K4/chunks/chunk_00008.npz,158623,,per-chunk raw output
3_numerics/results/7_tau_implicite/data/E36A2_delay_seed45/runs/lam1_K4/chunks/chunk_00008.npz,158462,,per-chunk raw output
3_numerics/results/7_tau_implicite/data/E36A2_delay_seed44/runs/lam1_K11/chunks/chunk_00015.npz,158143,,per-chunk raw output
3_numerics/results/7_tau_implicite/data/E36A2_delay_seed45/runs/lam4_K11/chunks/chunk_00003.npz,157869,,per-chunk raw output
3_numerics/results/7_tau_implicite/data/E36A2_delay_seed46/runs/lam4_K11/chunks/chunk_00006.npz,157846,,per-chunk raw output
3_numerics/results/7_tau_implicite/data/E36A2_delay_seed43/runs/lam2_K8/chunks/chunk_00001.npz,157606,,per-chunk raw output
3_numerics/results/7_tau_implicite/data/E36A2_delay_seed42/runs/lam2_K8/chunks/chunk_00004.npz,157494,,per-chunk raw output
3_numerics/results/7_tau_implicite/data/E36A2_delay_seed45/runs/lam4_K8/chunks/chunk_00002.npz,157267,,per-chunk raw output
4_campaigns/numerical_workplan/runs/N5A/boundary_N2000_P100_s44_tau1_lam0.308.npz,157036,,"raw campaign output, kept in the local archive"
3_numerics/results/7_tau_implicite/data/E36A2_delay_seed45/runs/lam4_K11/chunks/chunk_00009.npz,157007,,per-chunk raw output
3_numerics/results/7_tau_implicite/data/E36A2_delay_seed43/runs/lam1_K4/chunks/chunk_00005.npz,156907,,per-chunk raw output
3_numerics/results/7_tau_implicite/data/E36A2_delay_seed44/runs/lam4_K11/chunks/chunk_00000.npz,156891,,per-chunk raw output
3_numerics/results/7_tau_implicite/data/E36A2_delay_seed45/runs/lam2_K8/chunks/chunk_00008.npz,156677,,per-chunk raw output
3_numerics/results/7_tau_implicite/data/E36A2_delay_seed42/runs/lam1_K8/chunks/chunk_00009.npz,156057,,per-chunk raw output
3_numerics/results/7_tau_implicite/data/E36A2_delay_seed44/runs/lam4_K8/chunks/chunk_00004.npz,156036,,per-chunk raw output
3_numerics/results/7_tau_implicite/data/E36A2_delay_seed45/runs/lam2_K11/chunks/chunk_00003.npz,155819,,per-chunk raw output
3_numerics/results/7_tau_implicite/data/E36A2_delay_seed45/runs/lam4_K11/chunks/chunk_00002.npz,155692,,per-chunk raw output
3_numerics/results/7_tau_implicite/data/E36A2_delay_seed43/runs/lam4_K11/chunks/chunk_00007.npz,155623,,per-chunk raw output
3_numerics/results/7_tau_implicite/data/E36A2_delay_seed42/runs/lam4_K11/chunks/chunk_00003.npz,155575,,per-chunk raw output
3_numerics/results/7_tau_implicite/data/E36A2_delay_seed46/runs/lam2_K8/chunks/chunk_00000.npz,155241,,per-chunk raw output
4_campaigns/numerical_workplan/runs/N5A/boundary_N2000_P100_s42_tau10_lam0.304.npz,154986,,"raw campaign output, kept in the local archive"
3_numerics/results/7_tau_implicite/data/E36A2_delay_seed43/runs/lam4_K11/chunks/chunk_00005.npz,154905,,per-chunk raw output
4_campaigns/numerical_workplan/runs/N5A/boundary_N2000_P100_s45_tau1.2_lam0.338.npz,154841,,"raw campaign output, kept in the local archive"
3_numerics/results/7_tau_implicite/data/E36A2_delay_seed44/runs/lam4_K8/chunks/chunk_00006.npz,154756,,per-chunk raw output
4_campaigns/numerical_workplan/runs/N5A/boundary_N2000_P100_s42_tau1_lam0.320.npz,154610,,"raw campaign output, kept in the local archive"
3_numerics/results/7_tau_implicite/data/E36A2_delay_seed44/runs/lam4_K11/chunks/chunk_00012.npz,154575,,per-chunk raw output
4_campaigns/numerical_workplan/runs/N5A/boundary_N2000_P100_s43_tau5_lam0.306.npz,154447,,"raw campaign output, kept in the local archive"
3_numerics/results/7_tau_implicite/data/E36A2_delay_seed46/runs/lam4_K11/chunks/chunk_00012.npz,154419,,per-chunk raw output
3_numerics/results/7_tau_implicite/data/E36A2_delay_seed44/runs/lam1_K4/chunks/chunk_00004.npz,154330,,per-chunk raw output
3_numerics/results/7_tau_implicite/data/E36A2_delay_seed45/runs/lam2_K4/chunks/chunk_00005.npz,154222,,per-chunk raw output
3_numerics/results/7_tau_implicite/data/E36A2_delay_seed43/runs/lam4_K8/chunks/chunk_00005.npz,154216,,per-chunk raw output
3_numerics/results/7_tau_implicite/data/E36A2_delay_seed43/runs/lam1_K11/chunks/chunk_00003.npz,154099,,per-chunk raw output
4_campaigns/numerical_workplan/runs/N5A/boundary_N2000_P100_s44_tau1.3_lam0.306.npz,153937,,"raw campaign output, kept in the local archive"
3_numerics/results/7_tau_implicite/data/E36A2_delay_seed45/runs/lam4_K8/chunks/chunk_00001.npz,153911,,per-chunk raw output
4_campaigns/numerical_workplan/runs/N5A/boundary_N2000_P100_s43_tau1.3_lam0.306.npz,153838,,"raw campaign output, kept in the local archive"
3_numerics/results/7_tau_implicite/data/E36A2_delay_seed45/runs/lam4_K4/chunks/chunk_00000.npz,153819,,per-chunk raw output
3_numerics/results/7_tau_implicite/data/E36A2_delay_seed45/runs/lam2_K8/chunks/chunk_00002.npz,153765,,per-chunk raw output
3_numerics/results/7_tau_implicite/data/E36A2_delay_seed43/runs/lam4_K4/chunks/chunk_00004.npz,153714,,per-chunk raw output
3_numerics/results/7_tau_implicite/data/E36A2_delay_seed42/runs/lam4_K8/chunks/chunk_00002.npz,153708,,per-chunk raw output
4_campaigns/numerical_workplan/runs/N5A/boundary_N2000_P100_s45_tau1.4_lam0.324.npz,153684,,"raw campaign output, kept in the local archive"
3_numerics/results/7_tau_implicite/data/E36A2_delay_seed42/runs/lam2_K8/chunks/chunk_00003.npz,153656,,per-chunk raw output
3_numerics/results/7_tau_implicite/data/E36A2_delay_seed44/runs/lam4_K11/chunks/chunk_00011.npz,153632,,per-chunk raw output
4_campaigns/numerical_workplan/runs/N5A/boundary_N2000_P100_s43_tau5_lam0.300.npz,153514,,"raw campaign output, kept in the local archive"
4_campaigns/numerical_workplan/runs/N8/trajectory_N120_a0p13_lam0p40_s42.npz,153512,,"raw campaign output, kept in the local archive"
4_campaigns/numerical_workplan/runs/N5A/boundary_N2000_P100_s42_tau1.3_lam0.318.npz,153477,,"raw campaign output, kept in the local archive"
4_campaigns/numerical_workplan/runs/N5A/boundary_N2000_P100_s46_tau0.5_lam0.304.npz,153369,,"raw campaign output, kept in the local archive"
3_numerics/results/7_tau_implicite/data/E36A2_delay_seed46/runs/lam1_K8/chunks/chunk_00007.npz,153257,,per-chunk raw output
4_campaigns/numerical_workplan/runs/N5A/boundary_N2000_P100_s43_tau1.2_lam0.320.npz,153149,,"raw campaign output, kept in the local archive"
3_numerics/results/7_tau_implicite/data/E36A2_delay_seed45/runs/lam1_K4/chunks/chunk_00000.npz,152818,,per-chunk raw output
3_numerics/results/7_tau_implicite/data/E36A2_delay_seed46/runs/lam2_K8/chunks/chunk_00009.npz,152804,,per-chunk raw output
4_campaigns/numerical_workplan/runs/N5A/boundary_N2000_P100_s42_tau2_lam0.304.npz,152761,,"raw campaign output, kept in the local archive"
3_numerics/results/7_tau_implicite/data/E36A2_delay_seed43/runs/lam4_K11/chunks/chunk_00001.npz,152672,,per-chunk raw output
3_numerics/results/7_tau_implicite/data/E36A2_delay_seed44/runs/lam4_K4/chunks/chunk_00004.npz,152386,,per-chunk raw output
3_numerics/results/7_tau_implicite/data/E36A2_delay_seed43/runs/lam2_K4/chunks/chunk_00001.npz,152191,,per-chunk raw output
3_numerics/results/7_tau_implicite/data/E36A2_delay_seed46/runs/lam2_K8/chunks/chunk_00010.npz,152051,,per-chunk raw output
3_numerics/results/7_tau_implicite/data/E36A2_delay_seed45/runs/lam1_K4/chunks/chunk_00003.npz,151772,,per-chunk raw output
3_numerics/results/7_tau_implicite/data/E36A2_delay_seed42/runs/lam4_K11/chunks/chunk_00012.npz,151741,,per-chunk raw output
3_numerics/results/7_tau_implicite/data/E36A2_delay_seed42/runs/lam2_K8/chunks/chunk_00007.npz,151597,,per-chunk raw output
3_numerics/results/7_tau_implicite/data/E36A2_delay_seed44/runs/lam4_K4/chunks/chunk_00005.npz,151384,,per-chunk raw output
3_numerics/results/7_tau_implicite/data/E36A2_delay_seed43/runs/lam1_K8/chunks/chunk_00000.npz,151328,,per-chunk raw output
4_campaigns/numerical_workplan/runs/N5A/boundary_N2000_P100_s44_tau0.5_lam0.308.npz,150750,,"raw campaign output, kept in the local archive"
3_numerics/results/7_tau_implicite/data/E36A2_delay_seed42/runs/lam1_K4/chunks/chunk_00002.npz,150432,,per-chunk raw output
4_campaigns/numerical_workplan/runs/N5A/boundary_N2000_P100_s44_tau1_lam0.322.npz,150412,,"raw campaign output, kept in the local archive"
4_campaigns/numerical_workplan/runs/N5A/boundary_N2000_P100_s42_tau1.3_lam0.302.npz,150312,,"raw campaign output, kept in the local archive"
3_numerics/results/7_tau_implicite/data/E36A2_delay_seed44/runs/lam4_K8/chunks/chunk_00005.npz,150240,,per-chunk raw output
3_numerics/results/7_tau_implicite/data/E36A2_delay_seed44/runs/lam1_K4/chunks/chunk_00006.npz,150204,,per-chunk raw output
4_campaigns/numerical_workplan/runs/N5A/boundary_N2000_P100_s42_tau0.5_lam0.326.npz,150162,,"raw campaign output, kept in the local archive"
3_numerics/results/7_tau_implicite/data/E36A2_delay_seed46/runs/lam1_K4/chunks/chunk_00001.npz,150046,,per-chunk raw output
4_campaigns/numerical_workplan/runs/N5A/boundary_N2000_P100_s43_tau0.5_lam0.310.npz,150024,,"raw campaign output, kept in the local archive"
3_numerics/results/7_tau_implicite/data/E36A2_delay_seed43/runs/lam2_K11/chunks/chunk_00007.npz,149889,,per-chunk raw output
3_numerics/results/7_tau_implicite/data/E36A2_delay_seed46/runs/lam2_K8/chunks/chunk_00003.npz,149820,,per-chunk raw output
3_numerics/results/7_tau_implicite/data/E36A2_delay_seed45/runs/lam2_K4/chunks/chunk_00001.npz,149506,,per-chunk raw output
3_numerics/results/7_tau_implicite/data/E36A2_delay_seed44/runs/lam1_K8/chunks/chunk_00011.npz,149461,,per-chunk raw output
3_numerics/results/7_tau_implicite/data/E36A2_delay_seed43/runs/lam2_K8/chunks/chunk_00011.npz,149426,,per-chunk raw output
3_numerics/results/7_tau_implicite/data/E36A2_delay_seed46/runs/lam4_K8/chunks/chunk_00001.npz,149348,,per-chunk raw output
3_numerics/results/7_tau_implicite/data/E36A2_delay_seed46/runs/lam4_K4/chunks/chunk_00001.npz,149297,,per-chunk raw output
3_numerics/results/7_tau_implicite/data/E36A2_delay_seed42/runs/lam2_K8/chunks/chunk_00000.npz,149256,,per-chunk raw output
3_numerics/results/7_tau_implicite/data/E36A2_delay_seed43/runs/lam4_K11/chunks/chunk_00006.npz,149146,,per-chunk raw output
4_campaigns/numerical_workplan/runs/N5A/boundary_N2000_P100_s45_tau0.5_lam0.338.npz,149142,,"raw campaign output, kept in the local archive"
3_numerics/results/7_tau_implicite/data/E36A2_delay_seed46/runs/lam4_K4/chunks/chunk_00004.npz,149074,,per-chunk raw output
3_numerics/results/7_tau_implicite/data/E36A2_delay_seed44/runs/lam2_K11/chunks/chunk_00003.npz,149072,,per-chunk raw output
4_campaigns/numerical_workplan/runs/N8/trajectory_N120_a0p13_lam0p90_s42.npz,148960,,"raw campaign output, kept in the local archive"
3_numerics/results/7_tau_implicite/data/E36A2_delay_seed42/runs/lam4_K11/chunks/chunk_00006.npz,148810,,per-chunk raw output
4_campaigns/numerical_workplan/runs/N5A/boundary_N2000_P100_s43_tau1_lam0.350.npz,148593,,"raw campaign output, kept in the local archive"
3_numerics/results/7_tau_implicite/data/E36A2_delay_seed46/runs/lam4_K4/chunks/chunk_00008.npz,148575,,per-chunk raw output
3_numerics/results/7_tau_implicite/data/E36A2_delay_seed45/runs/lam2_K11/chunks/chunk_00011.npz,148559,,per-chunk raw output
3_numerics/results/7_tau_implicite/data/E36A2_delay_seed42/runs/lam1_K4/chunks/chunk_00006.npz,148462,,per-chunk raw output
3_numerics/results/7_tau_implicite/data/E36A2_delay_seed45/runs/lam1_K4/chunks/chunk_00007.npz,148369,,per-chunk raw output
3_numerics/results/7_tau_implicite/data/E36A2_delay_seed44/runs/lam2_K8/chunks/chunk_00011.npz,148259,,per-chunk raw output
4_campaigns/numerical_workplan/runs/N5A/boundary_N2000_P100_s43_tau1.4_lam0.306.npz,148147,,"raw campaign output, kept in the local archive"
3_numerics/results/7_tau_implicite/data/E36A2_delay_seed46/runs/lam1_K4/chunks/chunk_00005.npz,148038,,per-chunk raw output
3_numerics/results/7_tau_implicite/data/E36A2_delay_seed45/runs/lam4_K11/chunks/chunk_00000.npz,148027,,per-chunk raw output
4_campaigns/numerical_workplan/runs/N5A/boundary_N2000_P100_s43_tau1.4_lam0.312.npz,147879,,"raw campaign output, kept in the local archive"
3_numerics/results/7_tau_implicite/data/E36A2_delay_seed46/runs/lam4_K11/chunks/chunk_00009.npz,147852,,per-chunk raw output
3_numerics/results/7_tau_implicite/data/E36A2_delay_seed42/runs/lam2_K11/chunks/chunk_00007.npz,147719,,per-chunk raw output
3_numerics/results/7_tau_implicite/data/E36A2_delay_seed44/runs/lam4_K11/chunks/chunk_00002.npz,147695,,per-chunk raw output
3_numerics/results/7_tau_implicite/data/E36A2_delay_seed42/runs/lam4_K8/chunks/chunk_00007.npz,147658,,per-chunk raw output
3_numerics/results/7_tau_implicite/data/E36A2_delay_seed45/runs/lam2_K4/chunks/chunk_00007.npz,147631,,per-chunk raw output
3_numerics/results/7_tau_implicite/data/E36A2_delay_seed42/runs/lam4_K4/chunks/chunk_00004.npz,147621,,per-chunk raw output
4_campaigns/numerical_workplan/runs/N5A/boundary_N2000_P100_s45_tau2_lam0.304.npz,147504,,"raw campaign output, kept in the local archive"
3_numerics/results/7_tau_implicite/data/E36A2_delay_seed42/runs/lam4_K11/chunks/chunk_00007.npz,147406,,per-chunk raw output
3_numerics/results/7_tau_implicite/data/E36A2_delay_seed44/runs/lam1_K4/chunks/chunk_00005.npz,147062,,per-chunk raw output
3_numerics/results/7_tau_implicite/data/E36A2_delay_seed44/runs/lam4_K11/chunks/chunk_00003.npz,146998,,per-chunk raw output
3_numerics/results/7_tau_implicite/data/E36A2_delay_seed43/runs/lam2_K8/chunks/chunk_00005.npz,146949,,per-chunk raw output
3_numerics/results/7_tau_implicite/data/E36A2_delay_seed42/runs/lam1_K4/chunks/chunk_00005.npz,146923,,per-chunk raw output
3_numerics/results/7_tau_implicite/data/E36A2_delay_seed46/runs/lam4_K11/chunks/chunk_00000.npz,146873,,per-chunk raw output
3_numerics/results/7_tau_implicite/data/E36A2_delay_seed44/runs/lam1_K4/chunks/chunk_00000.npz,146399,,per-chunk raw output
4_campaigns/numerical_workplan/runs/N5A/boundary_N2000_P100_s46_tau0.5_lam0.302.npz,146295,,"raw campaign output, kept in the local archive"
3_numerics/results/7_tau_implicite/data/E36A2_delay_seed43/runs/lam1_K4/chunks/chunk_00008.npz,146242,,per-chunk raw output
3_numerics/results/7_tau_implicite/data/E36A2_delay_seed45/runs/lam4_K8/chunks/chunk_00003.npz,146168,,per-chunk raw output
3_numerics/results/7_tau_implicite/data/E36A2_delay_seed46/runs/lam2_K8/chunks/chunk_00011.npz,146047,,per-chunk raw output
3_numerics/results/7_tau_implicite/data/E36A2_delay_seed44/runs/lam2_K8/chunks/chunk_00003.npz,145769,,per-chunk raw output
3_numerics/results/7_tau_implicite/data/E36A2_delay_seed42/runs/lam2_K4/chunks/chunk_00001.npz,145671,,per-chunk raw output
3_numerics/results/7_tau_implicite/data/E36A2_delay_seed43/runs/lam4_K4/chunks/chunk_00002.npz,145531,,per-chunk raw output
4_campaigns/numerical_workplan/runs/N5A/boundary_N2000_P100_s44_tau10_lam0.316.npz,145484,,"raw campaign output, kept in the local archive"
4_campaigns/numerical_workplan/runs/N1_AUDIT/points/N2000_P100_s61_descending_lam0p32412962_dt0p005_tours5.npz,145453,,"raw campaign output, kept in the local archive"
4_campaigns/numerical_workplan/runs/N5A/boundary_N2000_P100_s42_tau1_lam0.322.npz,145421,,"raw campaign output, kept in the local archive"
3_numerics/results/7_tau_implicite/data/E36A2_delay_seed43/runs/lam4_K11/chunks/chunk_00011.npz,145375,,per-chunk raw output
3_numerics/results/7_tau_implicite/data/E36A2_delay_seed43/runs/lam4_K8/chunks/chunk_00008.npz,145255,,per-chunk raw output
3_numerics/results/7_tau_implicite/data/E36A2_delay_seed46/runs/lam4_K11/chunks/chunk_00010.npz,145215,,per-chunk raw output
3_numerics/results/7_tau_implicite/data/E36A2_delay_seed44/runs/lam2_K8/chunks/chunk_00002.npz,145204,,per-chunk raw output
4_campaigns/numerical_workplan/runs/N5A/boundary_N2000_P100_s42_tau3_lam0.308.npz,145171,,"raw campaign output, kept in the local archive"
3_numerics/results/7_tau_implicite/data/E36A2_delay_seed45/runs/lam4_K8/chunks/chunk_00000.npz,145108,,per-chunk raw output
3_numerics/results/7_tau_implicite/data/E36A2_delay_seed42/runs/lam2_K4/chunks/chunk_00006.npz,145012,,per-chunk raw output
3_numerics/results/7_tau_implicite/data/E36A2_delay_seed45/runs/lam4_K8/chunks/chunk_00006.npz,144839,,per-chunk raw output
3_numerics/results/7_tau_implicite/data/E36A2_delay_seed46/runs/lam4_K11/chunks/chunk_00005.npz,144827,,per-chunk raw output
3_numerics/results/7_tau_implicite/data/E36A2_delay_seed45/runs/lam1_K4/chunks/chunk_00001.npz,144799,,per-chunk raw output
3_numerics/results/7_tau_implicite/data/E36A2_delay_seed44/runs/lam4_K8/chunks/chunk_00008.npz,144791,,per-chunk raw output
3_numerics/results/7_tau_implicite/data/E36A2_delay_seed44/runs/lam1_K8/chunks/chunk_00003.npz,144753,,per-chunk raw output
3_numerics/results/7_tau_implicite/data/E36A2_delay_seed42/runs/lam2_K11/chunks/chunk_00017.npz,144629,,per-chunk raw output
3_numerics/results/7_tau_implicite/data/E36A2_delay_seed45/runs/lam1_K8/chunks/chunk_00003.npz,144464,,per-chunk raw output
4_campaigns/numerical_workplan/runs/N5A/boundary_N2000_P100_s44_tau1_lam0.338.npz,144348,,"raw campaign output, kept in the local archive"
4_campaigns/numerical_workplan/runs/N5A/boundary_N2000_P100_s43_tau1.3_lam0.308.npz,144200,,"raw campaign output, kept in the local archive"
3_numerics/results/7_tau_implicite/data/E36A2_delay_seed44/runs/lam4_K11/chunks/chunk_00004.npz,144130,,per-chunk raw output
3_numerics/results/7_tau_implicite/data/E36A2_delay_seed44/runs/lam2_K8/chunks/chunk_00007.npz,143993,,per-chunk raw output
3_numerics/results/7_tau_implicite/data/E36A2_delay_seed42/runs/lam4_K8/chunks/chunk_00006.npz,143981,,per-chunk raw output
3_numerics/results/7_tau_implicite/data/E36A2_delay_seed42/runs/lam4_K4/chunks/chunk_00001.npz,143922,,per-chunk raw output
3_numerics/results/7_tau_implicite/data/E36A2_delay_seed46/runs/lam2_K8/chunks/chunk_00008.npz,143907,,per-chunk raw output
3_numerics/results/7_tau_implicite/data/E36A2_delay_seed42/runs/lam2_K8/chunks/chunk_00011.npz,143718,,per-chunk raw output
4_campaigns/numerical_workplan/runs/N5A/boundary_N2000_P100_s46_tau10_lam0.316.npz,143676,,"raw campaign output, kept in the local archive"
3_numerics/results/7_tau_implicite/data/E36A2_delay_seed43/runs/lam4_K11/chunks/chunk_00009.npz,143551,,per-chunk raw output
4_campaigns/numerical_workplan/runs/N5A/boundary_N2000_P100_s43_tau2_lam0.354.npz,143505,,"raw campaign output, kept in the local archive"
3_numerics/results/7_tau_implicite/data/E36A2_delay_seed43/runs/lam2_K11/chunks/chunk_00000.npz,143421,,per-chunk raw output
3_numerics/results/7_tau_implicite/data/E36A2_delay_seed42/runs/lam2_K8/chunks/chunk_00005.npz,143384,,per-chunk raw output
3_numerics/results/7_tau_implicite/data/E36A2_delay_seed46/runs/lam2_K11/chunks/chunk_00011.npz,143264,,per-chunk raw output
3_numerics/results/7_tau_implicite/data/E36A2_delay_seed46/runs/lam1_K4/chunks/chunk_00000.npz,143095,,per-chunk raw output
3_numerics/results/7_tau_implicite/data/E36A2_delay_seed45/runs/lam2_K4/chunks/chunk_00000.npz,142966,,per-chunk raw output
3_numerics/results/7_tau_implicite/data/E36A2_delay_seed42/runs/lam4_K11/chunks/chunk_00000.npz,142885,,per-chunk raw output
3_numerics/results/7_tau_implicite/data/E36A2_delay_seed44/runs/lam1_K4/chunks/chunk_00008.npz,142847,,per-chunk raw output
4_campaigns/numerical_workplan/runs/N5A/boundary_N2000_P100_s45_tau2_lam0.302.npz,142824,,"raw campaign output, kept in the local archive"
3_numerics/results/7_tau_implicite/data/E36A2_delay_seed45/runs/lam1_K4/chunks/chunk_00006.npz,142764,,per-chunk raw output
3_numerics/results/7_tau_implicite/data/E36A2_delay_seed43/runs/lam2_K4/chunks/chunk_00006.npz,142552,,per-chunk raw output
3_numerics/results/7_tau_implicite/data/E36A2_delay_seed46/runs/lam4_K4/chunks/chunk_00007.npz,142552,,per-chunk raw output
3_numerics/results/7_tau_implicite/data/E36A2_delay_seed43/runs/lam4_K8/chunks/chunk_00001.npz,142528,,per-chunk raw output
3_numerics/results/7_tau_implicite/data/E36A2_delay_seed43/runs/lam2_K8/chunks/chunk_00008.npz,142358,,per-chunk raw output
4_campaigns/numerical_workplan/runs/N5A/boundary_N2000_P100_s43_tau0.5_lam0.322.npz,142294,,"raw campaign output, kept in the local archive"
3_numerics/results/7_tau_implicite/data/E36A2_delay_seed46/runs/lam1_K4/chunks/chunk_00002.npz,142058,,per-chunk raw output
3_numerics/results/7_tau_implicite/data/E36A2_delay_seed46/runs/lam2_K8/chunks/chunk_00005.npz,141833,,per-chunk raw output
3_numerics/results/7_tau_implicite/data/E36A2_delay_seed45/runs/lam2_K4/chunks/chunk_00004.npz,141817,,per-chunk raw output
4_campaigns/numerical_workplan/runs/N5A/boundary_N2000_P100_s43_tau1.3_lam0.304.npz,141703,,"raw campaign output, kept in the local archive"
3_numerics/results/7_tau_implicite/data/E36A2_delay_seed42/runs/lam4_K4/chunks/chunk_00005.npz,141702,,per-chunk raw output
3_numerics/results/7_tau_implicite/data/E36A2_delay_seed44/runs/lam4_K8/chunks/chunk_00000.npz,141642,,per-chunk raw output
3_numerics/results/7_tau_implicite/data/E36A2_delay_seed43/runs/lam2_K11/chunks/chunk_00011.npz,141465,,per-chunk raw output
3_numerics/results/7_tau_implicite/data/E36A2_delay_seed42/runs/lam2_K8/chunks/chunk_00010.npz,141420,,per-chunk raw output
3_numerics/results/7_tau_implicite/data/E36A2_delay_seed42/runs/lam4_K11/chunks/chunk_00005.npz,141209,,per-chunk raw output
4_campaigns/numerical_workplan/runs/N5A/boundary_N2000_P100_s43_tau2_lam0.344.npz,141169,,"raw campaign output, kept in the local archive"
4_campaigns/numerical_workplan/runs/N5A/boundary_N2000_P100_s46_tau0.5_lam0.300.npz,140835,,"raw campaign output, kept in the local archive"
3_numerics/results/7_tau_implicite/data/E36A2_delay_seed42/runs/lam4_K8/chunks/chunk_00005.npz,140565,,per-chunk raw output
3_numerics/results/7_tau_implicite/data/E36A2_delay_seed43/runs/lam1_K4/chunks/chunk_00001.npz,140418,,per-chunk raw output
3_numerics/results/7_tau_implicite/data/E36A2_delay_seed44/runs/lam4_K8/chunks/chunk_00002.npz,140174,,per-chunk raw output
3_numerics/results/7_tau_implicite/data/E36A2_delay_seed44/runs/lam2_K4/chunks/chunk_00006.npz,140059,,per-chunk raw output
3_numerics/results/7_tau_implicite/data/E36A2_delay_seed46/runs/lam4_K11/chunks/chunk_00013.npz,139748,,per-chunk raw output
4_campaigns/numerical_workplan/runs/N5A/boundary_N2000_P100_s43_tau0.5_lam0.302.npz,139626,,"raw campaign output, kept in the local archive"
3_numerics/results/7_tau_implicite/data/E36A2_delay_seed46/runs/lam2_K11/chunks/chunk_00007.npz,139206,,per-chunk raw output
3_numerics/results/7_tau_implicite/data/E36A2_delay_seed46/runs/lam4_K8/chunks/chunk_00005.npz,139200,,per-chunk raw output
3_numerics/results/7_tau_implicite/data/E36A2_delay_seed43/runs/lam4_K8/chunks/chunk_00003.npz,138743,,per-chunk raw output
3_numerics/results/7_tau_implicite/data/E36A2_delay_seed44/runs/lam2_K4/chunks/chunk_00004.npz,138438,,per-chunk raw output
3_numerics/results/7_tau_implicite/data/E36A2_delay_seed46/runs/lam4_K8/chunks/chunk_00000.npz,138334,,per-chunk raw output
3_numerics/results/7_tau_implicite/data/E36A2_delay_seed46/runs/lam4_K8/chunks/chunk_00003.npz,138244,,per-chunk raw output
3_numerics/results/7_tau_implicite/data/E36A2_delay_seed42/runs/lam1_K8/chunks/chunk_00007.npz,138233,,per-chunk raw output
3_numerics/results/7_tau_implicite/data/E36A2_delay_seed45/runs/lam2_K4/chunks/chunk_00008.npz,137990,,per-chunk raw output
3_numerics/results/7_tau_implicite/data/E36A2_delay_seed45/runs/lam4_K8/chunks/chunk_00007.npz,137955,,per-chunk raw output
4_campaigns/numerical_workplan/runs/N5A/boundary_N2000_P100_s44_tau1_lam0.320.npz,137706,,"raw campaign output, kept in the local archive"
3_numerics/results/7_tau_implicite/data/E36A2_delay_seed44/runs/lam2_K4/chunks/chunk_00005.npz,137619,,per-chunk raw output
3_numerics/results/7_tau_implicite/data/E36A2_delay_seed46/runs/lam2_K4/chunks/chunk_00001.npz,137489,,per-chunk raw output
3_numerics/results/7_tau_implicite/data/E36A2_delay_seed42/runs/lam4_K4/chunks/chunk_00008.npz,137206,,per-chunk raw output
3_numerics/results/7_tau_implicite/data/E36A2_delay_seed44/runs/lam2_K4/chunks/chunk_00002.npz,137113,,per-chunk raw output
4_campaigns/numerical_workplan/runs/N5A/boundary_N2000_P100_s43_tau2_lam0.350.npz,137105,,"raw campaign output, kept in the local archive"
4_campaigns/numerical_workplan/runs/N5A/boundary_N2000_P100_s46_tau5_lam0.322.npz,136999,,"raw campaign output, kept in the local archive"
3_numerics/results/7_tau_implicite/data/E36A2_delay_seed46/runs/lam1_K4/chunks/chunk_00008.npz,136972,,per-chunk raw output
3_numerics/results/7_tau_implicite/data/E36A2_delay_seed42/runs/lam2_K4/chunks/chunk_00004.npz,136948,,per-chunk raw output
4_campaigns/numerical_workplan/runs/N5A/boundary_N2000_P100_s42_tau1_lam0.324.npz,136880,,"raw campaign output, kept in the local archive"
3_numerics/results/7_tau_implicite/data/E36A2_delay_seed46/runs/lam1_K4/chunks/chunk_00004.npz,136787,,per-chunk raw output
3_numerics/results/7_tau_implicite/data/E36A2_delay_seed43/runs/lam1_K4/chunks/chunk_00007.npz,136759,,per-chunk raw output
3_numerics/results/7_tau_implicite/data/E36A2_delay_seed44/runs/lam4_K4/chunks/chunk_00003.npz,136755,,per-chunk raw output
3_numerics/results/7_tau_implicite/data/E36A2_delay_seed43/runs/lam1_K4/chunks/chunk_00003.npz,136737,,per-chunk raw output
3_numerics/results/7_tau_implicite/data/E36A2_delay_seed44/runs/lam1_K4/chunks/chunk_00002.npz,136709,,per-chunk raw output
3_numerics/results/7_tau_implicite/data/E36A2_delay_seed46/runs/lam4_K11/chunks/chunk_00007.npz,136636,,per-chunk raw output
3_numerics/results/7_tau_implicite/data/E36A2_delay_seed44/runs/lam2_K4/chunks/chunk_00008.npz,136449,,per-chunk raw output
3_numerics/results/7_tau_implicite/data/E36A2_delay_seed46/runs/lam4_K4/chunks/chunk_00002.npz,136444,,per-chunk raw output
3_numerics/results/7_tau_implicite/data/E36A2_delay_seed46/runs/lam2_K4/chunks/chunk_00005.npz,136399,,per-chunk raw output
3_numerics/results/7_tau_implicite/data/E36A2_delay_seed42/runs/lam4_K11/chunks/chunk_00013.npz,136397,,per-chunk raw output
4_campaigns/numerical_workplan/runs/N5A/boundary_N2000_P100_s43_tau1_lam0.330.npz,136357,,"raw campaign output, kept in the local archive"
3_numerics/results/7_tau_implicite/data/E36A2_delay_seed42/runs/lam4_K4/chunks/chunk_00007.npz,136252,,per-chunk raw output
4_campaigns/numerical_workplan/runs/N5A/boundary_N2000_P100_s44_tau1.3_lam0.318.npz,136239,,"raw campaign output, kept in the local archive"
3_numerics/results/7_tau_implicite/data/E36A2_delay_seed46/runs/lam4_K8/chunks/chunk_00002.npz,136094,,per-chunk raw output
3_numerics/results/7_tau_implicite/data/E36A2_delay_seed46/runs/lam4_K8/chunks/chunk_00004.npz,135974,,per-chunk raw output
4_campaigns/numerical_workplan/runs/N5A/boundary_N2000_P100_s42_tau10_lam0.306.npz,135917,,"raw campaign output, kept in the local archive"
3_numerics/results/7_tau_implicite/data/E36A2_delay_seed43/runs/lam4_K4/chunks/chunk_00007.npz,135738,,per-chunk raw output
3_numerics/results/7_tau_implicite/data/E36A2_delay_seed44/runs/lam4_K8/chunks/chunk_00007.npz,135666,,per-chunk raw output
3_numerics/results/7_tau_implicite/data/E36A2_delay_seed46/runs/lam4_K8/chunks/chunk_00006.npz,135613,,per-chunk raw output
3_numerics/results/7_tau_implicite/data/E36A2_delay_seed43/runs/lam2_K4/chunks/chunk_00005.npz,135567,,per-chunk raw output
4_campaigns/numerical_workplan/runs/N5A/boundary_N2000_P100_s43_tau1.2_lam0.322.npz,135294,,"raw campaign output, kept in the local archive"
4_campaigns/numerical_workplan/runs/N5A/boundary_N2000_P100_s44_tau10_lam0.308.npz,135169,,"raw campaign output, kept in the local archive"
4_campaigns/numerical_workplan/runs/N5A/boundary_N2000_P100_s45_tau1.2_lam0.336.npz,135148,,"raw campaign output, kept in the local archive"
3_numerics/results/7_tau_implicite/data/E36A2_delay_seed44/runs/lam1_K4/chunks/chunk_00007.npz,134900,,per-chunk raw output
3_numerics/results/7_tau_implicite/data/E36A2_delay_seed42/runs/lam4_K8/chunks/chunk_00004.npz,134887,,per-chunk raw output
3_numerics/results/7_tau_implicite/data/E36A2_delay_seed44/runs/lam4_K8/chunks/chunk_00001.npz,134739,,per-chunk raw output
4_campaigns/numerical_workplan/runs/N5A/boundary_N2000_P100_s42_tau0.5_lam0.300.npz,134559,,"raw campaign output, kept in the local archive"
3_numerics/results/7_tau_implicite/data/E36A2_delay_seed42/runs/lam1_K4/chunks/chunk_00000.npz,134531,,per-chunk raw output
3_numerics/results/7_tau_implicite/data/E36A2_delay_seed42/runs/lam1_K4/chunks/chunk_00008.npz,134509,,per-chunk raw output
3_numerics/results/7_tau_implicite/data/E36A2_delay_seed43/runs/lam4_K8/chunks/chunk_00007.npz,134450,,per-chunk raw output
3_numerics/results/7_tau_implicite/data/E36A2_delay_seed43/runs/lam4_K8/chunks/chunk_00004.npz,134374,,per-chunk raw output
4_campaigns/numerical_workplan/runs/N5A/boundary_N2000_P100_s43_tau0.5_lam0.330.npz,134149,,"raw campaign output, kept in the local archive"
3_numerics/results/7_tau_implicite/data/E36A2_delay_seed46/runs/lam4_K11/chunks/chunk_00003.npz,134107,,per-chunk raw output
3_numerics/results/7_tau_implicite/data/E36A2_delay_seed46/runs/lam2_K4/chunks/chunk_00000.npz,133967,,per-chunk raw output
3_numerics/results/7_tau_implicite/data/E36A2_delay_seed44/runs/lam1_K4/chunks/chunk_00001.npz,133943,,per-chunk raw output
3_numerics/results/7_tau_implicite/data/E36A2_delay_seed42/runs/lam4_K8/chunks/chunk_00000.npz,133568,,per-chunk raw output
4_campaigns/numerical_workplan/runs/N5A/boundary_N2000_P100_s42_tau10_lam0.308.npz,133548,,"raw campaign output, kept in the local archive"
3_numerics/results/7_tau_implicite/data/E36A2_delay_seed46/runs/lam4_K4/chunks/chunk_00000.npz,133499,,per-chunk raw output
3_numerics/results/7_tau_implicite/data/E36A2_delay_seed43/runs/lam4_K8/chunks/chunk_00006.npz,133343,,per-chunk raw output
4_campaigns/numerical_workplan/runs/N5A/boundary_N2000_P100_s45_tau0.5_lam0.336.npz,133288,,"raw campaign output, kept in the local archive"
3_numerics/results/7_tau_implicite/data/E36A2_delay_seed43/runs/lam1_K4/chunks/chunk_00004.npz,133216,,per-chunk raw output
3_numerics/results/7_tau_implicite/data/E36A2_delay_seed44/runs/lam1_K8/chunks/chunk_00018.npz,133199,,per-chunk raw output
4_campaigns/numerical_workplan/runs/N5A/boundary_N2000_P100_s43_tau1_lam0.358.npz,133100,,"raw campaign output, kept in the local archive"
3_numerics/results/7_tau_implicite/data/E36A2_delay_seed46/runs/lam1_K4/chunks/chunk_00006.npz,132936,,per-chunk raw output
3_numerics/results/7_tau_implicite/data/E36A2_delay_seed42/runs/lam1_K4/chunks/chunk_00004.npz,132533,,per-chunk raw output
3_numerics/results/7_tau_implicite/data/E36A2_delay_seed44/runs/lam4_K4/chunks/chunk_00002.npz,132438,,per-chunk raw output
3_numerics/results/7_tau_implicite/data/E36A2_delay_seed43/runs/lam2_K8/chunks/chunk_00000.npz,132140,,per-chunk raw output
4_campaigns/numerical_workplan/runs/N5A/boundary_N2000_P100_s43_tau0.5_lam0.304.npz,132099,,"raw campaign output, kept in the local archive"
3_numerics/results/7_tau_implicite/data/E36A2_delay_seed43/runs/lam1_K4/chunks/chunk_00006.npz,131465,,per-chunk raw output
3_numerics/results/7_tau_implicite/data/E36A2_delay_seed42/runs/lam4_K8/chunks/chunk_00008.npz,131172,,per-chunk raw output
3_numerics/results/7_tau_implicite/data/E36A2_delay_seed43/runs/lam2_K4/chunks/chunk_00004.npz,131166,,per-chunk raw output
3_numerics/results/7_tau_implicite/data/E36A2_delay_seed46/runs/lam2_K4/chunks/chunk_00002.npz,131121,,per-chunk raw output
3_numerics/results/7_tau_implicite/data/E36A2_delay_seed46/runs/lam4_K11/chunks/chunk_00011.npz,131121,,per-chunk raw output
3_numerics/results/7_tau_implicite/data/E36A2_delay_seed42/runs/lam1_K4/chunks/chunk_00007.npz,130673,,per-chunk raw output
3_numerics/results/7_tau_implicite/data/E36A2_delay_seed44/runs/lam4_K11/chunks/chunk_00013.npz,130360,,per-chunk raw output
3_numerics/results/7_tau_implicite/data/E36A2_delay_seed44/runs/lam1_K4/chunks/chunk_00003.npz,130287,,per-chunk raw output
3_numerics/results/7_tau_implicite/data/E36A2_delay_seed46/runs/lam1_K4/chunks/chunk_00003.npz,130082,,per-chunk raw output
4_campaigns/numerical_workplan/runs/N5A/boundary_N2000_P100_s43_tau10_lam0.312.npz,130072,,"raw campaign output, kept in the local archive"
4_campaigns/numerical_workplan/runs/N5A/boundary_N2000_P100_s42_tau10_lam0.300.npz,129905,,"raw campaign output, kept in the local archive"
3_numerics/results/7_tau_implicite/data/E36A2_delay_seed42/runs/lam2_K4/chunks/chunk_00005.npz,129724,,per-chunk raw output
4_campaigns/numerical_workplan/runs/N5A/boundary_N2000_P100_s42_tau0.5_lam0.350.npz,129680,,"raw campaign output, kept in the local archive"
3_numerics/results/7_tau_implicite/data/E36A2_delay_seed43/runs/lam2_K4/chunks/chunk_00003.npz,129649,,per-chunk raw output
3_numerics/results/7_tau_implicite/data/E36A2_delay_seed46/runs/lam4_K8/chunks/chunk_00008.npz,129354,,per-chunk raw output
4_campaigns/numerical_workplan/runs/N5A/boundary_N2000_P100_s44_tau1_lam0.316.npz,128766,,"raw campaign output, kept in the local archive"
3_numerics/results/7_tau_implicite/data/E36A2_delay_seed43/runs/lam4_K4/chunks/chunk_00005.npz,128528,,per-chunk raw output
4_campaigns/numerical_workplan/runs/N5A/boundary_N2000_P100_s46_tau1_lam0.322.npz,128393,,"raw campaign output, kept in the local archive"
3_numerics/results/7_tau_implicite/data/E36A2_delay_seed44/runs/lam4_K4/chunks/chunk_00001.npz,127752,,per-chunk raw output
3_numerics/results/7_tau_implicite/data/E36A2_delay_seed44/runs/lam4_K4/chunks/chunk_00008.npz,127544,,per-chunk raw output
3_numerics/results/7_tau_implicite/data/E36A2_delay_seed46/runs/lam4_K4/chunks/chunk_00005.npz,127513,,per-chunk raw output
3_numerics/results/7_tau_implicite/data/E36A2_delay_seed42/runs/lam4_K8/chunks/chunk_00003.npz,127359,,per-chunk raw output
3_numerics/results/7_tau_implicite/data/E36A2_delay_seed44/runs/lam4_K4/chunks/chunk_00006.npz,127357,,per-chunk raw output
3_numerics/results/7_tau_implicite/data/E36A2_delay_seed42/runs/lam2_K4/chunks/chunk_00000.npz,127220,,per-chunk raw output
4_campaigns/numerical_workplan/runs/N5A/boundary_N2000_P100_s43_tau1_lam0.344.npz,127204,,"raw campaign output, kept in the local archive"
4_campaigns/numerical_workplan/runs/N5A/boundary_N2000_P100_s45_tau1.3_lam0.302.npz,127187,,"raw campaign output, kept in the local archive"
3_numerics/results/7_tau_implicite/data/E36A2_delay_seed43/runs/lam4_K11/chunks/chunk_00013.npz,126998,,per-chunk raw output
3_numerics/results/7_tau_implicite/data/E36A2_delay_seed42/runs/lam4_K11/chunks/chunk_00011.npz,126950,,per-chunk raw output
3_numerics/results/7_tau_implicite/data/E36A2_delay_seed43/runs/lam1_K4/chunks/chunk_00000.npz,126722,,per-chunk raw output
3_numerics/results/7_tau_implicite/data/E36A2_delay_seed44/runs/lam2_K4/chunks/chunk_00007.npz,126450,,per-chunk raw output
3_numerics/results/7_tau_implicite/data/E36A2_delay_seed42/runs/lam2_K4/chunks/chunk_00002.npz,126407,,per-chunk raw output
3_numerics/results/7_tau_implicite/data/E36A2_delay_seed42/runs/lam4_K4/chunks/chunk_00002.npz,126390,,per-chunk raw output
3_numerics/results/7_tau_implicite/data/E36A2_delay_seed43/runs/lam2_K4/chunks/chunk_00002.npz,125710,,per-chunk raw output
3_numerics/results/7_tau_implicite/data/E36A2_delay_seed43/runs/lam4_K4/chunks/chunk_00000.npz,125396,,per-chunk raw output
3_numerics/results/7_tau_implicite/data/E36A2_delay_seed43/runs/lam4_K11/chunks/chunk_00000.npz,125317,,per-chunk raw output
3_numerics/results/7_tau_implicite/data/E36A2_delay_seed44/runs/lam2_K4/chunks/chunk_00001.npz,125186,,per-chunk raw output
3_numerics/results/7_tau_implicite/data/E36A2_delay_seed42/runs/lam4_K4/chunks/chunk_00000.npz,125068,,per-chunk raw output
4_campaigns/numerical_workplan/runs/N5A/boundary_N2000_P100_s43_tau5_lam0.310.npz,124964,,"raw campaign output, kept in the local archive"
3_numerics/results/7_tau_implicite/data/E36A2_delay_seed44/runs/lam2_K4/chunks/chunk_00003.npz,124818,,per-chunk raw output
4_campaigns/numerical_workplan/runs/N5A/boundary_N2000_P100_s42_tau1.4_lam0.306.npz,124754,,"raw campaign output, kept in the local archive"
4_campaigns/numerical_workplan/runs/N5A/boundary_N2000_P100_s42_tau0.5_lam0.302.npz,124714,,"raw campaign output, kept in the local archive"
4_campaigns/numerical_workplan/runs/N5A/boundary_N2000_P100_s42_tau5_lam0.320.npz,124544,,"raw campaign output, kept in the local archive"
3_numerics/results/7_tau_implicite/data/E36A2_delay_seed46/runs/lam2_K4/chunks/chunk_00006.npz,124219,,per-chunk raw output
3_numerics/results/7_tau_implicite/data/E36A2_delay_seed42/runs/lam4_K4/chunks/chunk_00003.npz,123913,,per-chunk raw output
3_numerics/results/7_tau_implicite/data/E36A2_delay_seed44/runs/lam2_K4/chunks/chunk_00000.npz,123742,,per-chunk raw output
4_campaigns/numerical_workplan/runs/N5A/boundary_N2000_P100_s46_tau10_lam0.314.npz,123273,,"raw campaign output, kept in the local archive"
4_campaigns/numerical_workplan/runs/N5A/boundary_N2000_P100_s46_tau1.3_lam0.310.npz,123099,,"raw campaign output, kept in the local archive"
3_numerics/results/7_tau_implicite/data/E36A2_delay_seed43/runs/lam2_K4/chunks/chunk_00008.npz,123071,,per-chunk raw output
4_campaigns/numerical_workplan/runs/N5A/boundary_N2000_P100_s42_tau0.5_lam0.346.npz,122543,,"raw campaign output, kept in the local archive"
3_numerics/results/7_tau_implicite/data/E36A2_delay_seed42/runs/lam2_K4/chunks/chunk_00007.npz,122430,,per-chunk raw output
4_campaigns/numerical_workplan/runs/N5A/boundary_N2000_P100_s43_tau0.5_lam0.328.npz,121989,,"raw campaign output, kept in the local archive"
3_numerics/results/7_tau_implicite/data/E36A2_delay_seed46/runs/lam1_K4/chunks/chunk_00007.npz,121924,,per-chunk raw output
4_campaigns/numerical_workplan/runs/N5A/boundary_N2000_P100_s46_tau10_lam0.312.npz,121829,,"raw campaign output, kept in the local archive"
3_numerics/results/7_tau_implicite/data/E36A2_delay_seed44/runs/lam4_K8/chunks/chunk_00003.npz,121581,,per-chunk raw output
3_numerics/results/7_tau_implicite/data/E36A2_delay_seed46/runs/lam2_K4/chunks/chunk_00008.npz,121541,,per-chunk raw output
3_numerics/results/7_tau_implicite/data/E36A2_delay_seed46/runs/lam2_K4/chunks/chunk_00004.npz,121064,,per-chunk raw output
3_numerics/results/7_tau_implicite/data/E36A2_delay_seed43/runs/lam4_K8/chunks/chunk_00000.npz,120216,,per-chunk raw output
4_campaigns/numerical_workplan/runs/N5A/boundary_N2000_P100_s42_tau1.2_lam0.304.npz,119553,,"raw campaign output, kept in the local archive"
4_campaigns/numerical_workplan/runs/N5A/boundary_N2000_P100_s45_tau1.2_lam0.334.npz,119448,,"raw campaign output, kept in the local archive"
4_campaigns/numerical_workplan/runs/N5A/boundary_N2000_P100_s43_tau0.5_lam0.324.npz,119386,,"raw campaign output, kept in the local archive"
3_numerics/results/7_tau_implicite/data/E36A2_delay_seed46/runs/lam2_K11/chunks/chunk_00017.npz,119379,,per-chunk raw output
3_numerics/results/7_tau_implicite/data/E36A2_delay_seed46/runs/lam4_K8/chunks/chunk_00007.npz,119062,,per-chunk raw output
3_numerics/results/7_tau_implicite/data/E36A2_delay_seed43/runs/lam4_K4/chunks/chunk_00006.npz,118730,,per-chunk raw output
3_numerics/results/7_tau_implicite/data/E36A2_delay_seed44/runs/lam4_K4/chunks/chunk_00000.npz,118266,,per-chunk raw output
4_campaigns/numerical_workplan/runs/N5A/boundary_N2000_P100_s42_tau0.5_lam0.304.npz,118135,,"raw campaign output, kept in the local archive"
4_campaigns/numerical_workplan/runs/N5A/boundary_N2000_P100_s45_tau0.5_lam0.334.npz,117930,,"raw campaign output, kept in the local archive"
4_campaigns/numerical_workplan/runs/N5A/boundary_N2000_P100_s44_tau1.3_lam0.316.npz,117725,,"raw campaign output, kept in the local archive"
3_numerics/results/7_tau_implicite/data/E36A2_delay_seed42/runs/lam1_K4/chunks/chunk_00003.npz,117401,,per-chunk raw output
3_numerics/results/7_tau_implicite/data/E36A2_delay_seed43/runs/lam2_K4/chunks/chunk_00000.npz,117335,,per-chunk raw output
4_campaigns/numerical_workplan/runs/N5A/boundary_N2000_P100_s42_tau1_lam0.304.npz,117220,,"raw campaign output, kept in the local archive"
3_numerics/results/7_tau_implicite/data/E36A2_delay_seed42/runs/lam2_K4/chunks/chunk_00003.npz,117139,,per-chunk raw output
3_numerics/results/7_tau_implicite/data/E36A2_delay_seed42/runs/lam2_K4/chunks/chunk_00008.npz,116920,,per-chunk raw output
3_numerics/results/7_tau_implicite/data/E36A2_delay_seed42/runs/lam4_K4/chunks/chunk_00006.npz,116895,,per-chunk raw output
3_numerics/results/7_tau_implicite/data/E36A2_delay_seed42/runs/lam1_K11/chunks/chunk_00027.npz,116573,,per-chunk raw output
3_numerics/results/7_tau_implicite/data/E36A2_delay_seed46/runs/lam4_K4/chunks/chunk_00006.npz,116544,,per-chunk raw output
4_campaigns/numerical_workplan/runs/N6/lyapunov_N2000_P100_s45_lam0p310_dt0p005_geometry.npz,116503,,"raw campaign output, kept in the local archive"
4_campaigns/numerical_workplan/runs/N5A/boundary_N2000_P100_s44_tau1_lam0.340.npz,116168,,"raw campaign output, kept in the local archive"
4_campaigns/numerical_workplan/runs/N6/lyapunov_N2000_P100_s42_lam0p320_dt0p01_geometry.npz,116004,,"raw campaign output, kept in the local archive"
3_numerics/results/7_tau_implicite/data/E36A2_delay_seed44/runs/lam1_K11/chunks/chunk_00026.npz,115774,,per-chunk raw output
4_campaigns/numerical_workplan/runs/N7/markov_0p2_N120_P6_s42_lam0.500.npz,115710,,"raw campaign output, kept in the local archive"
4_campaigns/numerical_workplan/runs/N6/lyapunov_N2000_P100_s46_lam0p300_dt0p01_geometry.npz,115595,,"raw campaign output, kept in the local archive"
4_campaigns/numerical_workplan/runs/N6/lyapunov_N2000_P100_s44_lam0p325_dt0p01_geometry.npz,115455,,"raw campaign output, kept in the local archive"
3_numerics/results/7_tau_implicite/data/E36A2_delay_seed44/runs/lam4_K4/chunks/chunk_00007.npz,115352,,per-chunk raw output
4_campaigns/numerical_workplan/runs/N6/lyapunov_N2000_P100_s43_lam0p325_dt0p01_geometry.npz,115229,,"raw campaign output, kept in the local archive"
4_campaigns/numerical_workplan/runs/N6/lyapunov_N2000_P100_s46_lam0p310_dt0p01_geometry.npz,115069,,"raw campaign output, kept in the local archive"
4_campaigns/numerical_workplan/runs/N6/lyapunov_N2000_P100_s45_lam0p325_dt0p01_geometry.npz,115055,,"raw campaign output, kept in the local archive"
3_numerics/results/7_tau_implicite/data/E36A2_delay_seed43/runs/lam4_K4/chunks/chunk_00003.npz,114926,,per-chunk raw output
4_campaigns/numerical_workplan/runs/N6/lyapunov_N2000_P100_s46_lam0p320_dt0p01_geometry.npz,114926,,"raw campaign output, kept in the local archive"
4_campaigns/numerical_workplan/runs/N6/lyapunov_N2000_P100_s46_lam0p325_dt0p01_geometry.npz,114787,,"raw campaign output, kept in the local archive"
4_campaigns/numerical_workplan/runs/N6/lyapunov_N2000_P100_s46_lam0p290_dt0p01_geometry.npz,114750,,"raw campaign output, kept in the local archive"
3_numerics/results/7_tau_implicite/data/E36A2_delay_seed45/runs/lam4_K4/chunks/chunk_00009.npz,114748,,per-chunk raw output
4_campaigns/numerical_workplan/runs/N5A/boundary_N2000_P100_s44_tau10_lam0.306.npz,114573,,"raw campaign output, kept in the local archive"
4_campaigns/numerical_workplan/runs/N6/lyapunov_N2000_P100_s44_lam0p310_dt0p01_geometry.npz,114547,,"raw campaign output, kept in the local archive"
4_campaigns/numerical_workplan/runs/N6/lyapunov_N2000_P100_s46_lam0p310_dt0p005_geometry.npz,114533,,"raw campaign output, kept in the local archive"
4_campaigns/numerical_workplan/runs/N6/lyapunov_N2000_P100_s45_lam0p290_dt0p01_geometry.npz,114518,,"raw campaign output, kept in the local archive"
4_campaigns/numerical_workplan/runs/N7/markov_0p0_N120_P6_s42_lam0.500.npz,114504,,"raw campaign output, kept in the local archive"
4_campaigns/numerical_workplan/runs/N6/lyapunov_N2000_P100_s42_lam0p325_dt0p005_geometry.npz,114421,,"raw campaign output, kept in the local archive"
4_campaigns/numerical_workplan/runs/N6/lyapunov_N2000_P100_s45_lam0p320_dt0p01_geometry.npz,114396,,"raw campaign output, kept in the local archive"
4_campaigns/numerical_workplan/runs/N6/lyapunov_N2000_P100_s42_lam0p320_dt0p005_geometry.npz,114378,,"raw campaign output, kept in the local archive"
4_campaigns/numerical_workplan/runs/N5A/boundary_N2000_P100_s46_tau10_lam0.310.npz,114344,,"raw campaign output, kept in the local archive"
4_campaigns/numerical_workplan/runs/N6/lyapunov_N2000_P100_s42_lam0p325_dt0p01_geometry.npz,114317,,"raw campaign output, kept in the local archive"
4_campaigns/numerical_workplan/runs/N6/lyapunov_N2000_P100_s45_lam0p300_dt0p01_geometry.npz,114304,,"raw campaign output, kept in the local archive"
4_campaigns/numerical_workplan/runs/N6/lyapunov_N2000_P100_s42_lam0p290_dt0p005_geometry.npz,114117,,"raw campaign output, kept in the local archive"
4_campaigns/numerical_workplan/runs/N6/lyapunov_N2000_P100_s43_lam0p310_dt0p01_geometry.npz,114004,,"raw campaign output, kept in the local archive"
4_campaigns/numerical_workplan/runs/N5A/boundary_N2000_P100_s46_tau1.3_lam0.302.npz,113842,,"raw campaign output, kept in the local archive"
3_numerics/results/7_tau_implicite/data/E36A2_delay_seed46/runs/lam2_K4/chunks/chunk_00003.npz,113814,,per-chunk raw output
4_campaigns/numerical_workplan/runs/N6/lyapunov_N2000_P100_s45_lam0p310_dt0p01_geometry.npz,113639,,"raw campaign output, kept in the local archive"
4_campaigns/numerical_workplan/runs/N6/lyapunov_N2000_P100_s43_lam0p320_dt0p01_geometry.npz,113633,,"raw campaign output, kept in the local archive"
4_campaigns/numerical_workplan/runs/N6/lyapunov_N2000_P100_s44_lam0p310_dt0p005_geometry.npz,113412,,"raw campaign output, kept in the local archive"
4_campaigns/numerical_workplan/runs/N6/lyapunov_N2000_P100_s42_lam0p310_dt0p01_geometry.npz,113394,,"raw campaign output, kept in the local archive"
4_campaigns/numerical_workplan/runs/N6/lyapunov_N2000_P100_s43_lam0p290_dt0p01_geometry.npz,113394,,"raw campaign output, kept in the local archive"
4_campaigns/numerical_workplan/runs/N6/lyapunov_N2000_P100_s44_lam0p320_dt0p01_geometry.npz,113302,,"raw campaign output, kept in the local archive"
4_campaigns/numerical_workplan/runs/N6/lyapunov_N2000_P100_s43_lam0p310_dt0p005_geometry.npz,113285,,"raw campaign output, kept in the local archive"
4_campaigns/numerical_workplan/runs/N6/lyapunov_N2000_P100_s42_lam0p300_dt0p005_geometry.npz,113214,,"raw campaign output, kept in the local archive"
4_campaigns/numerical_workplan/runs/N5A/boundary_N2000_P100_s42_tau10_lam0.310.npz,113050,,"raw campaign output, kept in the local archive"
4_campaigns/numerical_workplan/runs/N6/lyapunov_N2000_P100_s43_lam0p300_dt0p01_geometry.npz,112920,,"raw campaign output, kept in the local archive"
4_campaigns/numerical_workplan/runs/N6/lyapunov_N2000_P100_s42_lam0p310_dt0p005_geometry.npz,112855,,"raw campaign output, kept in the local archive"
4_campaigns/numerical_workplan/runs/N6/lyapunov_N2000_P100_s42_lam0p290_dt0p01_geometry.npz,112844,,"raw campaign output, kept in the local archive"
4_campaigns/numerical_workplan/runs/N6/lyapunov_N2000_P100_s44_lam0p300_dt0p01_geometry.npz,112743,,"raw campaign output, kept in the local archive"
4_campaigns/numerical_workplan/runs/N6/lyapunov_N2000_P100_s44_lam0p290_dt0p01_geometry.npz,112742,,"raw campaign output, kept in the local archive"
4_campaigns/numerical_workplan/runs/N6/lyapunov_N2000_P100_s42_lam0p300_dt0p01_geometry.npz,112640,,"raw campaign output, kept in the local archive"
4_campaigns/numerical_workplan/runs/N5A/boundary_N2000_P100_s42_tau0.5_lam0.348.npz,112632,,"raw campaign output, kept in the local archive"
4_campaigns/numerical_workplan/runs/N5A/boundary_N2000_P100_s44_tau1_lam0.318.npz,112582,,"raw campaign output, kept in the local archive"
3_numerics/results/7_tau_implicite/data/E36A2_delay_seed46/runs/lam4_K4/chunks/chunk_00003.npz,112420,,per-chunk raw output
4_campaigns/numerical_workplan/runs/N5A/boundary_N2000_P100_s43_tau0.5_lam0.326.npz,112395,,"raw campaign output, kept in the local archive"
4_campaigns/numerical_workplan/runs/N5A/boundary_N2000_P100_s44_tau10_lam0.318.npz,112173,,"raw campaign output, kept in the local archive"
4_campaigns/numerical_workplan/runs/N7/markov_0p2_N120_P6_s42_lam0.900.npz,112115,,"raw campaign output, kept in the local archive"
3_numerics/results/7_tau_implicite/data/E36A2_delay_seed45/runs/lam4_K11/chunks/chunk_00013.npz,111837,,per-chunk raw output
4_campaigns/numerical_workplan/runs/N5A/boundary_N2000_P100_s46_tau1.3_lam0.308.npz,111806,,"raw campaign output, kept in the local archive"
4_campaigns/numerical_workplan/runs/N7/markov_0p0_N120_P6_s42_lam0.900.npz,111636,,"raw campaign output, kept in the local archive"
3_numerics/results/7_tau_implicite/data/E36A2_delay_seed46/runs/lam2_K4/chunks/chunk_00007.npz,111304,,per-chunk raw output
3_numerics/results/7_tau_implicite/data/E36A2_delay_seed43/runs/lam2_K4/chunks/chunk_00007.npz,111231,,per-chunk raw output
4_campaigns/numerical_workplan/runs/N5A/boundary_N2000_P100_s42_tau1.3_lam0.346.npz,110748,,"raw campaign output, kept in the local archive"
4_campaigns/numerical_workplan/runs/N5A/boundary_N2000_P100_s46_tau1.2_lam0.304.npz,109509,,"raw campaign output, kept in the local archive"
4_campaigns/numerical_workplan/runs/N5A/boundary_N2000_P100_s42_tau0.5_lam0.310.npz,109066,,"raw campaign output, kept in the local archive"
4_campaigns/numerical_workplan/runs/N5A/boundary_N2000_P100_s42_tau10_lam0.314.npz,107825,,"raw campaign output, kept in the local archive"
4_campaigns/numerical_workplan/runs/N5A/boundary_N2000_P100_s46_tau1_lam0.304.npz,107657,,"raw campaign output, kept in the local archive"
4_campaigns/numerical_workplan/runs/N5A/boundary_N2000_P100_s42_tau1.3_lam0.312.npz,107400,,"raw campaign output, kept in the local archive"
4_campaigns/numerical_workplan/runs/N5A/boundary_N2000_P100_s42_tau10_lam0.312.npz,107147,,"raw campaign output, kept in the local archive"
4_campaigns/numerical_workplan/runs/N5A/boundary_N2000_P100_s42_tau5_lam0.304.npz,106284,,"raw campaign output, kept in the local archive"
4_campaigns/numerical_workplan/runs/N5A/boundary_N2000_P100_s44_tau1.3_lam0.314.npz,105937,,"raw campaign output, kept in the local archive"
4_campaigns/numerical_workplan/runs/N5A/boundary_N2000_P100_s46_tau1.3_lam0.304.npz,105617,,"raw campaign output, kept in the local archive"
4_campaigns/numerical_workplan/runs/N5A/boundary_N2000_P100_s46_tau1.3_lam0.306.npz,105401,,"raw campaign output, kept in the local archive"
4_campaigns/numerical_workplan/runs/N5A/boundary_N2000_P100_s45_tau10_lam0.308.npz,104404,,"raw campaign output, kept in the local archive"
4_campaigns/numerical_workplan/runs/N5A/boundary_N2000_P100_s44_tau1.3_lam0.308.npz,103393,,"raw campaign output, kept in the local archive"
3_numerics/results/7_tau_implicite/data/E36A2_delay_seed46/runs/lam4_K8/chunks/chunk_00009.npz,103215,,per-chunk raw output
4_campaigns/numerical_workplan/runs/N5A/boundary_N2000_P100_s42_tau5_lam0.300.npz,102837,,"raw campaign output, kept in the local archive"
4_campaigns/numerical_workplan/runs/N5A/boundary_N2000_P100_s44_tau10_lam0.304.npz,101294,,"raw campaign output, kept in the local archive"
4_campaigns/numerical_workplan/runs/N5A/boundary_N2000_P100_s44_tau1_lam0.342.npz,100714,,"raw campaign output, kept in the local archive"
3_numerics/results/7_tau_implicite/data/E36A2_delay_seed44/runs/lam4_K8/chunks/chunk_00009.npz,100156,,per-chunk raw output
4_campaigns/numerical_workplan/runs/N5A/boundary_N2000_P100_s44_tau1.3_lam0.312.npz,98608,,"raw campaign output, kept in the local archive"
4_campaigns/numerical_workplan/runs/N5A/boundary_N2000_P100_s42_tau10_lam0.316.npz,98506,,"raw campaign output, kept in the local archive"
4_campaigns/numerical_workplan/runs/N5A/boundary_N2000_P100_s42_tau1.2_lam0.306.npz,97446,,"raw campaign output, kept in the local archive"
4_campaigns/numerical_workplan/runs/N5A/boundary_N2000_P100_s42_tau10_lam0.318.npz,96997,,"raw campaign output, kept in the local archive"
4_campaigns/numerical_workplan/runs/N5A/boundary_N2000_P100_s44_tau1.3_lam0.310.npz,96308,,"raw campaign output, kept in the local archive"
4_campaigns/numerical_workplan/runs/N6/lyapunov_N120_P6_s42_lam0p310_dt0p01.npz,96029,,"raw campaign output, kept in the local archive"
3_numerics/results/7_tau_implicite/data/E36A2_delay_seed43/runs/lam4_K8/chunks/chunk_00009.npz,95913,,per-chunk raw output
4_campaigns/numerical_workplan/runs/N5A/boundary_N2000_P100_s46_tau10_lam0.308.npz,95730,,"raw campaign output, kept in the local archive"
4_campaigns/numerical_workplan/runs/N5A/boundary_N2000_P100_s44_tau1_lam0.344.npz,94892,,"raw campaign output, kept in the local archive"
3_numerics/results/7_tau_implicite/data/E36A2_delay_seed45/runs/lam2_K4/chunks/chunk_00009.npz,92693,,per-chunk raw output
3_numerics/results/7_tau_implicite/data/E36A2_delay_seed42/runs/lam4_K8/chunks/chunk_00009.npz,92661,,per-chunk raw output
4_campaigns/numerical_workplan/runs/N5A/boundary_N2000_P100_s42_tau1.3_lam0.340.npz,92041,,"raw campaign output, kept in the local archive"
3_numerics/results/7_tau_implicite/data/E36A2_delay_seed45/runs/lam4_K8/chunks/chunk_00009.npz,91830,,per-chunk raw output
4_campaigns/numerical_workplan/runs/N5A/boundary_N2000_P100_s46_tau1_lam0.316.npz,91783,,"raw campaign output, kept in the local archive"
4_campaigns/numerical_workplan/runs/N5A/boundary_N2000_P100_s44_tau10_lam0.320.npz,91683,,"raw campaign output, kept in the local archive"
3_numerics/results/7_tau_implicite/data/E36A2_delay_seed46/runs/lam1_K4/chunks/chunk_00009.npz,91497,,per-chunk raw output
4_campaigns/numerical_workplan/runs/N5A/boundary_N2000_P100_s44_tau10_lam0.302.npz,91445,,"raw campaign output, kept in the local archive"
4_campaigns/numerical_workplan/runs/N5A/boundary_N2000_P100_s46_tau5_lam0.318.npz,90489,,"raw campaign output, kept in the local archive"
4_campaigns/numerical_workplan/runs/N5A/boundary_N2000_P100_s44_tau1_lam0.346.npz,90223,,"raw campaign output, kept in the local archive"
4_campaigns/numerical_workplan/runs/N5A/boundary_N2000_P100_s44_tau1_lam0.348.npz,89743,,"raw campaign output, kept in the local archive"
4_campaigns/numerical_workplan/runs/N5A/boundary_N2000_P100_s44_tau10_lam0.300.npz,89734,,"raw campaign output, kept in the local archive"
3_numerics/results/7_tau_implicite/data/E36A2_delay_seed45/runs/lam1_K4/chunks/chunk_00009.npz,88822,,per-chunk raw output
4_campaigns/numerical_workplan/runs/N5A/boundary_N2000_P100_s44_tau1_lam0.350.npz,88421,,"raw campaign output, kept in the local archive"
3_numerics/results/7_tau_implicite/data/E36A2_delay_seed43/runs/lam2_K11/chunks/chunk_00017.npz,88415,,per-chunk raw output
4_campaigns/numerical_workplan/runs/N5A/boundary_N2000_P100_s42_tau1.3_lam0.304.npz,87790,,"raw campaign output, kept in the local archive"
3_numerics/results/7_tau_implicite/data/E36A2_delay_seed43/runs/lam4_K4/chunks/chunk_00009.npz,87687,,per-chunk raw output
3_numerics/results/7_tau_implicite/data/E36A2_delay_seed46/runs/lam1_K11/chunks/chunk_00027.npz,87130,,per-chunk raw output
3_numerics/results/7_tau_implicite/data/E36A2_delay_seed42/runs/lam1_K4/chunks/chunk_00009.npz,86734,,per-chunk raw output
3_numerics/results/7_tau_implicite/data/E36A2_delay_seed44/runs/lam1_K4/chunks/chunk_00009.npz,86150,,per-chunk raw output
4_campaigns/numerical_workplan/runs/N5A/boundary_N2000_P100_s42_tau1.3_lam0.332.npz,84757,,"raw campaign output, kept in the local archive"
4_campaigns/numerical_workplan/runs/N5A/boundary_N2000_P100_s43_tau2_lam0.346.npz,84672,,"raw campaign output, kept in the local archive"
4_campaigns/numerical_workplan/runs/N5A/boundary_N2000_P100_s44_tau1_lam0.352.npz,84439,,"raw campaign output, kept in the local archive"
3_numerics/results/7_tau_implicite/data/E36A2_delay_seed44/runs/lam2_K11/chunks/chunk_00017.npz,84296,,per-chunk raw output
4_campaigns/numerical_workplan/runs/N5A/boundary_N2000_P100_s45_tau10_lam0.306.npz,83730,,"raw campaign output, kept in the local archive"
4_campaigns/numerical_workplan/runs/N5A/boundary_N2000_P100_s42_tau5_lam0.312.npz,83688,,"raw campaign output, kept in the local archive"
3_numerics/results/7_tau_implicite/data/E36A2_delay_seed42/runs/lam2_K8/chunks/chunk_00012.npz,82802,,per-chunk raw output
3_numerics/results/7_tau_implicite/data/E36A2_delay_seed46/runs/lam2_K4/chunks/chunk_00009.npz,82627,,per-chunk raw output
4_campaigns/numerical_workplan/runs/N5A/boundary_N2000_P100_s46_tau2_lam0.312.npz,81913,,"raw campaign output, kept in the local archive"
4_campaigns/numerical_workplan/runs/N5A/boundary_N2000_P100_s44_tau5_lam0.336.npz,81270,,"raw campaign output, kept in the local archive"
4_campaigns/numerical_workplan/runs/N5A/boundary_N2000_P100_s43_tau5_lam0.312.npz,80985,,"raw campaign output, kept in the local archive"
4_campaigns/numerical_workplan/runs/N5A/boundary_N2000_P100_s42_tau1.3_lam0.310.npz,80630,,"raw campaign output, kept in the local archive"
4_campaigns/numerical_workplan/runs/N5A/boundary_N2000_P100_s42_tau5_lam0.310.npz,80314,,"raw campaign output, kept in the local archive"
4_campaigns/numerical_workplan/runs/N5A/boundary_N2000_P100_s45_tau10_lam0.300.npz,80160,,"raw campaign output, kept in the local archive"
3_numerics/results/7_tau_implicite/data/E36A2_delay_seed43/runs/lam1_K4/chunks/chunk_00009.npz,79815,,per-chunk raw output
4_campaigns/numerical_workplan/runs/N5A/boundary_N2000_P100_s44_tau0.5_lam0.348.npz,79321,,"raw campaign output, kept in the local archive"
4_campaigns/numerical_workplan/runs/N5A/boundary_N2000_P100_s46_tau1_lam0.318.npz,78801,,"raw campaign output, kept in the local archive"
4_campaigns/numerical_workplan/runs/N5A/boundary_N2000_P100_s46_tau10_lam0.306.npz,78609,,"raw campaign output, kept in the local archive"
4_campaigns/numerical_workplan/runs/N5A/boundary_N2000_P100_s44_tau10_lam0.334.npz,78428,,"raw campaign output, kept in the local archive"
4_campaigns/numerical_workplan/runs/N5A/boundary_N2000_P100_s44_tau10_lam0.322.npz,78361,,"raw campaign output, kept in the local archive"
4_campaigns/numerical_workplan/runs/N5A/boundary_N2000_P100_s42_tau1.3_lam0.334.npz,77266,,"raw campaign output, kept in the local archive"
3_numerics/results/7_tau_implicite/data/E36A2_delay_seed44/runs/lam4_K4/chunks/chunk_00009.npz,77188,,per-chunk raw output
3_numerics/results/7_tau_implicite/data/E36A2_delay_seed42/runs/lam2_K4/chunks/chunk_00009.npz,76506,,per-chunk raw output
4_campaigns/numerical_workplan/runs/N5A/boundary_N2000_P100_s46_tau1_lam0.320.npz,76466,,"raw campaign output, kept in the local archive"
4_campaigns/numerical_workplan/runs/N5A/boundary_N2000_P100_s46_tau2_lam0.314.npz,76426,,"raw campaign output, kept in the local archive"
3_numerics/results/7_tau_implicite/data/E36A2_delay_seed46/runs/lam4_K4/chunks/chunk_00009.npz,76100,,per-chunk raw output
4_campaigns/numerical_workplan/runs/N5A/boundary_N2000_P100_s46_tau1_lam0.314.npz,75976,,"raw campaign output, kept in the local archive"
4_campaigns/numerical_workplan/runs/N5A/boundary_N2000_P100_s43_tau1_lam0.346.npz,75932,,"raw campaign output, kept in the local archive"
3_numerics/results/7_tau_implicite/data/E36A2_delay_seed42/runs/lam4_K4/chunks/chunk_00009.npz,75516,,per-chunk raw output
3_numerics/results/7_tau_implicite/data/E36A2_delay_seed44/runs/lam2_K4/chunks/chunk_00009.npz,74501,,per-chunk raw output
3_numerics/results/7_tau_implicite/data/E36A2_delay_seed46/runs/lam2_K8/chunks/chunk_00012.npz,73778,,per-chunk raw output
4_campaigns/numerical_workplan/runs/N5A/boundary_N2000_P100_s42_tau1.3_lam0.306.npz,73181,,"raw campaign output, kept in the local archive"
4_campaigns/numerical_workplan/runs/N5A/boundary_N2000_P100_s42_tau5_lam0.302.npz,73078,,"raw campaign output, kept in the local archive"
4_campaigns/numerical_workplan/runs/N5A/boundary_N2000_P100_s42_tau1.3_lam0.338.npz,72882,,"raw campaign output, kept in the local archive"
4_campaigns/numerical_workplan/runs/N5A/boundary_N2000_P100_s46_tau2_lam0.316.npz,72819,,"raw campaign output, kept in the local archive"
4_campaigns/numerical_workplan/runs/N5A/coherence_N120_P6_s42_tau3_dt0.01.npz,72627,,"raw campaign output, kept in the local archive"
4_campaigns/numerical_workplan/runs/N5A/boundary_N2000_P100_s42_tau1.3_lam0.336.npz,72605,,"raw campaign output, kept in the local archive"
4_campaigns/numerical_workplan/runs/N5A/boundary_N2000_P100_s45_tau5_lam0.312.npz,72125,,"raw campaign output, kept in the local archive"
4_campaigns/numerical_workplan/runs/N5A/boundary_N2000_P100_s46_tau2_lam0.318.npz,71957,,"raw campaign output, kept in the local archive"
4_campaigns/numerical_workplan/runs/N5A/boundary_N2000_P100_s42_tau1_lam0.302.npz,71864,,"raw campaign output, kept in the local archive"
4_campaigns/numerical_workplan/runs/N5A/boundary_N2000_P100_s46_tau1.2_lam0.306.npz,71682,,"raw campaign output, kept in the local archive"
4_campaigns/numerical_workplan/runs/N5A/boundary_N2000_P100_s42_tau1.3_lam0.308.npz,71137,,"raw campaign output, kept in the local archive"
4_campaigns/numerical_workplan/runs/N5A/boundary_N2000_P100_s45_tau10_lam0.304.npz,70619,,"raw campaign output, kept in the local archive"
4_campaigns/numerical_workplan/runs/N5A/boundary_N2000_P100_s46_tau1_lam0.306.npz,70353,,"raw campaign output, kept in the local archive"
3_numerics/results/7_tau_implicite/data/E36A2_delay_seed43/runs/lam2_K4/chunks/chunk_00009.npz,70216,,per-chunk raw output
4_campaigns/numerical_workplan/runs/N5A/boundary_N2000_P100_s44_tau0.5_lam0.358.npz,69887,,"raw campaign output, kept in the local archive"
4_campaigns/numerical_workplan/runs/N5A/boundary_N2000_P100_s43_tau2_lam0.348.npz,69032,,"raw campaign output, kept in the local archive"
4_campaigns/numerical_workplan/runs/N5A/coherence_N120_P6_s42_tau1.3_dt0.005.npz,69022,,"raw campaign output, kept in the local archive"
4_campaigns/numerical_workplan/runs/N5A/boundary_N2000_P100_s44_tau5_lam0.312.npz,68545,,"raw campaign output, kept in the local archive"
4_campaigns/numerical_workplan/runs/N5A/boundary_N2000_P100_s44_tau10_lam0.332.npz,68458,,"raw campaign output, kept in the local archive"
4_campaigns/numerical_workplan/runs/N5A/boundary_N2000_P100_s46_tau10_lam0.304.npz,68302,,"raw campaign output, kept in the local archive"
3_numerics/results/7_tau_implicite/data/E36A2_delay_seed42/runs/lam1_K8/chunks/chunk_00019.npz,67975,,per-chunk raw output
4_campaigns/numerical_workplan/runs/N7/gp_0p05_N120_P6_s42_lam0.900.npz,67775,,"raw campaign output, kept in the local archive"
4_campaigns/numerical_workplan/runs/N7/gp_0p1_N120_P6_s42_lam0.900.npz,67775,,"raw campaign output, kept in the local archive"
4_campaigns/numerical_workplan/runs/N5A/boundary_N2000_P100_s44_tau10_lam0.324.npz,67645,,"raw campaign output, kept in the local archive"
4_campaigns/numerical_workplan/runs/N5A/boundary_N2000_P100_s45_tau10_lam0.302.npz,67036,,"raw campaign output, kept in the local archive"
4_campaigns/numerical_workplan/runs/N5A/boundary_N2000_P100_s46_tau1_lam0.312.npz,66740,,"raw campaign output, kept in the local archive"
4_campaigns/numerical_workplan/runs/N5A/boundary_N2000_P100_s46_tau5_lam0.316.npz,66205,,"raw campaign output, kept in the local archive"
4_campaigns/numerical_workplan/runs/N5A/boundary_N2000_P100_s44_tau5_lam0.314.npz,64343,,"raw campaign output, kept in the local archive"
4_campaigns/numerical_workplan/runs/N5A/boundary_N2000_P100_s43_tau5_lam0.314.npz,62170,,"raw campaign output, kept in the local archive"
4_campaigns/numerical_workplan/runs/N5A/boundary_N2000_P100_s42_tau5_lam0.306.npz,62144,,"raw campaign output, kept in the local archive"
4_campaigns/numerical_workplan/runs/N5A/boundary_N2000_P100_s44_tau5_lam0.310.npz,61528,,"raw campaign output, kept in the local archive"
4_campaigns/numerical_workplan/runs/N5A/boundary_N2000_P100_s44_tau10_lam0.330.npz,61316,,"raw campaign output, kept in the local archive"
4_campaigns/numerical_workplan/runs/N8/trajectory_N120_a0p05_lam0p40_s42.npz,61293,,"raw campaign output, kept in the local archive"
4_campaigns/numerical_workplan/runs/N5A/boundary_N2000_P100_s44_tau10_lam0.326.npz,60550,,"raw campaign output, kept in the local archive"
4_campaigns/numerical_workplan/runs/N8/trajectory_N120_a0p05_lam0p90_s42.npz,60003,,"raw campaign output, kept in the local archive"
4_campaigns/numerical_workplan/runs/N5A/boundary_N2000_P100_s46_tau10_lam0.302.npz,59540,,"raw campaign output, kept in the local archive"
4_campaigns/numerical_workplan/runs/N5A/boundary_N2000_P100_s44_tau10_lam0.328.npz,58902,,"raw campaign output, kept in the local archive"
4_campaigns/numerical_workplan/runs/N5A/boundary_N2000_P100_s44_tau0.5_lam0.350.npz,58742,,"raw campaign output, kept in the local archive"
4_campaigns/numerical_workplan/runs/N5A/boundary_N2000_P100_s46_tau1_lam0.310.npz,58732,,"raw campaign output, kept in the local archive"
4_campaigns/numerical_workplan/runs/N5A/boundary_N2000_P100_s43_tau1_lam0.348.npz,58424,,"raw campaign output, kept in the local archive"
4_campaigns/numerical_workplan/runs/N5A/boundary_N2000_P100_s46_tau1_lam0.308.npz,57871,,"raw campaign output, kept in the local archive"
4_campaigns/numerical_workplan/runs/N5A/boundary_N2000_P100_s42_tau5_lam0.308.npz,57324,,"raw campaign output, kept in the local archive"
4_campaigns/numerical_workplan/runs/N5A/coherence_N120_P6_s42_tau1.3_dt0.01.npz,57138,,"raw campaign output, kept in the local archive"
4_campaigns/numerical_workplan/runs/N5A/boundary_N2000_P100_s44_tau0.5_lam0.356.npz,57004,,"raw campaign output, kept in the local archive"
4_campaigns/numerical_workplan/runs/N5A/boundary_N2000_P100_s42_tau5_lam0.318.npz,56962,,"raw campaign output, kept in the local archive"
4_campaigns/numerical_workplan/runs/N5A/boundary_N2000_P100_s46_tau5_lam0.314.npz,55993,,"raw campaign output, kept in the local archive"
3_numerics/results/7_tau_implicite/data/E36A2_delay_seed45/runs/lam2_K11/chunks/chunk_00017.npz,55273,,per-chunk raw output
4_campaigns/numerical_workplan/runs/N5A/boundary_N2000_P100_s42_tau5_lam0.314.npz,54985,,"raw campaign output, kept in the local archive"
4_campaigns/numerical_workplan/runs/N5A/boundary_N2000_P100_s46_tau10_lam0.300.npz,54580,,"raw campaign output, kept in the local archive"
4_campaigns/numerical_workplan/runs/N5A/boundary_N2000_P100_s42_tau1_lam0.300.npz,54522,,"raw campaign output, kept in the local archive"
4_campaigns/numerical_workplan/runs/N5A/boundary_N2000_P100_s46_tau5_lam0.312.npz,54472,,"raw campaign output, kept in the local archive"
4_campaigns/numerical_workplan/runs/N5A/boundary_N2000_P100_s42_tau5_lam0.316.npz,54281,,"raw campaign output, kept in the local archive"
4_campaigns/numerical_workplan/runs/N5A/boundary_N2000_P100_s44_tau5_lam0.308.npz,53614,,"raw campaign output, kept in the local archive"
4_campaigns/numerical_workplan/runs/N5A/boundary_N2000_P100_s44_tau0.5_lam0.352.npz,52969,,"raw campaign output, kept in the local archive"
4_campaigns/numerical_workplan/runs/N5A/boundary_N2000_P100_s44_tau0.5_lam0.354.npz,52283,,"raw campaign output, kept in the local archive"
3_numerics/results/7_tau_implicite/data/E36A2_delay_seed44/runs/lam2_K8/chunks/chunk_00012.npz,52243,,per-chunk raw output
4_campaigns/numerical_workplan/runs/N5A/boundary_N2000_P100_s46_tau5_lam0.310.npz,50743,,"raw campaign output, kept in the local archive"
3_numerics/results/7_tau_implicite/data/E36A2_delay_seed43/runs/lam2_K8/chunks/chunk_00012.npz,49793,,per-chunk raw output
4_campaigns/numerical_workplan/runs/N5A/boundary_N2000_P100_s44_tau5_lam0.316.npz,49343,,"raw campaign output, kept in the local archive"
4_campaigns/numerical_workplan/runs/N5A/boundary_N2000_P100_s45_tau5_lam0.310.npz,49268,,"raw campaign output, kept in the local archive"
4_campaigns/numerical_workplan/runs/N5A/coherence_N120_P6_s42_tau0.5_dt0.01.npz,46731,,"raw campaign output, kept in the local archive"
4_campaigns/numerical_workplan/runs/N5A/boundary_N2000_P100_s44_tau3_lam0.322_lyap.npz,46149,,"raw campaign output, kept in the local archive"
4_campaigns/numerical_workplan/runs/N5A/boundary_N2000_P100_s44_tau3_lam0.320_lyap.npz,46144,,"raw campaign output, kept in the local archive"
4_campaigns/numerical_workplan/runs/N5A/boundary_N2000_P100_s44_tau5_lam0.334.npz,45524,,"raw campaign output, kept in the local archive"
4_campaigns/numerical_workplan/runs/N5A/boundary_N2000_P100_s44_tau5_lam0.306.npz,45205,,"raw campaign output, kept in the local archive"
4_campaigns/numerical_workplan/runs/N5A/boundary_N2000_P100_s44_tau1_lam0.358_lyap.npz,44713,,"raw campaign output, kept in the local archive"
4_campaigns/numerical_workplan/runs/N5A/boundary_N2000_P100_s45_tau1_lam0.360_lyap.npz,44529,,"raw campaign output, kept in the local archive"
4_campaigns/numerical_workplan/runs/N5A/boundary_N2000_P100_s45_tau1_lam0.358_lyap.npz,44475,,"raw campaign output, kept in the local archive"
4_campaigns/numerical_workplan/runs/N5A/boundary_N2000_P100_s43_tau1_lam0.360_lyap.npz,43781,,"raw campaign output, kept in the local archive"
4_campaigns/numerical_workplan/runs/N5A/boundary_N2000_P100_s43_tau1_lam0.358_lyap.npz,43771,,"raw campaign output, kept in the local archive"
4_campaigns/numerical_workplan/runs/N5A/boundary_N2000_P100_s44_tau5_lam0.318.npz,43446,,"raw campaign output, kept in the local archive"
4_campaigns/numerical_workplan/runs/N5A/boundary_N2000_P100_s44_tau0.5_lam0.358_lyap.npz,41266,,"raw campaign output, kept in the local archive"
4_campaigns/numerical_workplan/runs/N5A/boundary_N2000_P100_s44_tau0.5_lam0.360_lyap.npz,40988,,"raw campaign output, kept in the local archive"
4_campaigns/numerical_workplan/runs/N5A/boundary_N2000_P100_s44_tau5_lam0.304.npz,40982,,"raw campaign output, kept in the local archive"
4_campaigns/numerical_workplan/runs/N5A/boundary_N2000_P100_s46_tau5_lam0.308.npz,39910,,"raw campaign output, kept in the local archive"
4_campaigns/numerical_workplan/runs/N5A/boundary_N2000_P100_s45_tau5_lam0.308.npz,39720,,"raw campaign output, kept in the local archive"
4_campaigns/numerical_workplan/runs/N5A/boundary_N2000_P100_s44_tau5_lam0.302.npz,37726,,"raw campaign output, kept in the local archive"
4_campaigns/numerical_workplan/runs/N5A/boundary_N2000_P100_s44_tau5_lam0.300.npz,36802,,"raw campaign output, kept in the local archive"
4_campaigns/numerical_workplan/runs/N5A/boundary_N2000_P100_s44_tau5_lam0.320.npz,36163,,"raw campaign output, kept in the local archive"
4_campaigns/numerical_workplan/runs/N5A/boundary_N2000_P100_s44_tau5_lam0.332.npz,36043,,"raw campaign output, kept in the local archive"
4_campaigns/numerical_workplan/runs/N1_AUDIT/points/N2000_P100_s48_ascending_lam0p33256104_dt0p005_tours5.npz,35897,,"raw campaign output, kept in the local archive"
4_campaigns/numerical_workplan/runs/N5A/boundary_N2000_P100_s45_tau5_lam0.306.npz,34601,,"raw campaign output, kept in the local archive"
4_campaigns/numerical_workplan/runs/N5A/boundary_N2000_P100_s44_tau5_lam0.322.npz,34109,,"raw campaign output, kept in the local archive"
4_campaigns/numerical_workplan/runs/N5A/boundary_N2000_P100_s46_tau5_lam0.306.npz,33635,,"raw campaign output, kept in the local archive"
4_campaigns/numerical_workplan/runs/N5A/boundary_N2000_P100_s45_tau5_lam0.304.npz,31724,,"raw campaign output, kept in the local archive"
4_campaigns/numerical_workplan/runs/N5A/boundary_N2000_P100_s44_tau5_lam0.330.npz,30230,,"raw campaign output, kept in the local archive"
4_campaigns/numerical_workplan/runs/N5A/boundary_N2000_P100_s45_tau5_lam0.302.npz,28894,,"raw campaign output, kept in the local archive"
4_campaigns/numerical_workplan/runs/N5A/boundary_N2000_P100_s46_tau5_lam0.304.npz,28834,,"raw campaign output, kept in the local archive"
4_campaigns/numerical_workplan/runs/N5A/boundary_N2000_P100_s44_tau5_lam0.326.npz,28567,,"raw campaign output, kept in the local archive"
4_campaigns/numerical_workplan/runs/N5A/boundary_N2000_P100_s44_tau5_lam0.324.npz,28518,,"raw campaign output, kept in the local archive"
4_campaigns/numerical_workplan/runs/N5A/boundary_N2000_P100_s44_tau5_lam0.328.npz,27767,,"raw campaign output, kept in the local archive"
4_campaigns/numerical_workplan/runs/N5A/boundary_N2000_P100_s45_tau5_lam0.300.npz,27072,,"raw campaign output, kept in the local archive"
4_campaigns/numerical_workplan/runs/N5A/boundary_N2000_P100_s46_tau5_lam0.302.npz,26863,,"raw campaign output, kept in the local archive"
3_numerics/results/7_tau_implicite/data/E36A2_delay_seed43/runs/lam1_K11/chunks/chunk_00027.npz,25563,,per-chunk raw output
4_campaigns/numerical_workplan/runs/N1_AUDIT/points/N2000_P100_s48_descending_lam0p32786088_dt0p005_tours5.npz,25254,,"raw campaign output, kept in the local archive"
4_campaigns/numerical_workplan/runs/N5A/boundary_N2000_P100_s46_tau5_lam0.300.npz,24931,,"raw campaign output, kept in the local archive"
4_campaigns/numerical_workplan/runs/N10/lyap_smoke.npz,24059,,"raw campaign output, kept in the local archive"
4_campaigns/numerical_workplan/runs/N5A/boundary_N120_P6_s42_tau1.3_lam0.360.npz,22100,,"raw campaign output, kept in the local archive"
4_campaigns/numerical_workplan/runs/N5B/memory_static_N2000_P140_s42.npz,21288,,"raw campaign output, kept in the local archive"
4_campaigns/numerical_workplan/runs/N5B/memory_static_N2000_P140_s45.npz,21277,,"raw campaign output, kept in the local archive"
4_campaigns/numerical_workplan/runs/N5B/memory_static_N2000_P140_s43.npz,21267,,"raw campaign output, kept in the local archive"
4_campaigns/numerical_workplan/runs/N5B/archive_smoke_legacy_20260729/memory_static_N2000_P140_s42.npz,21266,,"raw campaign output, kept in the local archive"
4_campaigns/numerical_workplan/runs/N5B/memory_static_N2000_P140_s42_smoke.npz,21266,,"raw campaign output, kept in the local archive"
4_campaigns/numerical_workplan/runs/N5B/memory_static_N2000_P140_s44.npz,21265,,"raw campaign output, kept in the local archive"
4_campaigns/numerical_workplan/runs/N5B/memory_static_N2000_P140_s46.npz,21263,,"raw campaign output, kept in the local archive"
3_numerics/results/7_tau_implicite/data/E36A2_delay_seed46/runs/lam1_K8/chunks/chunk_00019.npz,20915,,per-chunk raw output
4_campaigns/numerical_workplan/runs/bench/static_one_motif_N2000.npz,20478,,"raw campaign output, kept in the local archive"
3_numerics/results/7_tau_implicite/data/E36A2_delay_seed45/runs/lam2_K8/chunks/chunk_00012.npz,17475,,per-chunk raw output
4_campaigns/numerical_workplan/runs/N2/arclength_N120_P6_s42_mu0.npz,13428,,"raw campaign output, kept in the local archive"
4_campaigns/numerical_workplan/runs/N7/markov_0p0_N120_P6_s42_lam0.100.npz,12432,,"raw campaign output, kept in the local archive"
4_campaigns/numerical_workplan/runs/N5A/boundary_N120_P6_s42_tau1.3_lam0.330.npz,12357,,"raw campaign output, kept in the local archive"
4_campaigns/numerical_workplan/runs/N7/markov_0p2_N120_P6_s42_lam0.100.npz,12132,,"raw campaign output, kept in the local archive"
4_campaigns/numerical_workplan/runs/N5A/boundary_N120_P6_s42_tau1.3_lam0.300.npz,12065,,"raw campaign output, kept in the local archive"
4_campaigns/numerical_workplan/runs/N7/gp_0p05_N120_P6_s42_lam0.500.npz,11858,,"raw campaign output, kept in the local archive"
4_campaigns/numerical_workplan/runs/N7/gp_0p1_N120_P6_s42_lam0.500.npz,11858,,"raw campaign output, kept in the local archive"
4_campaigns/numerical_workplan/runs/N7/gp_0p05_N120_P6_s42_lam0.050.npz,9731,,"raw campaign output, kept in the local archive"
4_campaigns/numerical_workplan/runs/N7/gp_0p1_N120_P6_s42_lam0.050.npz,9731,,"raw campaign output, kept in the local archive"
4_campaigns/numerical_workplan/runs/N7/static_markov_0p0_N120_P6_s42.npz,6823,,"raw campaign output, kept in the local archive"
4_campaigns/numerical_workplan/runs/N7/static_markov_0p2_N120_P6_s42.npz,6793,,"raw campaign output, kept in the local archive"
4_campaigns/numerical_workplan/runs/N1_AUDIT/branch_audit_N2000_P100_s57.npz,6280,,"raw campaign output, kept in the local archive"
4_campaigns/numerical_workplan/runs/N1_AUDIT/branch_audit_N2000_P100_s46.npz,6276,,"raw campaign output, kept in the local archive"
4_campaigns/numerical_workplan/runs/N1_AUDIT/branch_audit_N2000_P100_s50.npz,6276,,"raw campaign output, kept in the local archive"
4_campaigns/numerical_workplan/runs/N1_AUDIT/branch_audit_N2000_P100_s44.npz,6275,,"raw campaign output, kept in the local archive"
4_campaigns/numerical_workplan/runs/N1_AUDIT/branch_audit_N2000_P100_s43.npz,6272,,"raw campaign output, kept in the local archive"
4_campaigns/numerical_workplan/runs/N1_AUDIT/branch_audit_N2000_P100_s47.npz,6271,,"raw campaign output, kept in the local archive"
4_campaigns/numerical_workplan/runs/N1_AUDIT/branch_audit_N2000_P100_s53.npz,6271,,"raw campaign output, kept in the local archive"
4_campaigns/numerical_workplan/runs/N1_AUDIT/branch_audit_N2000_P100_s58.npz,6270,,"raw campaign output, kept in the local archive"
4_campaigns/numerical_workplan/runs/N1_AUDIT/branch_audit_N2000_P100_s48.npz,6269,,"raw campaign output, kept in the local archive"
4_campaigns/numerical_workplan/runs/N1_AUDIT/branch_audit_N2000_P100_s49.npz,6268,,"raw campaign output, kept in the local archive"
4_campaigns/numerical_workplan/runs/N1_AUDIT/branch_audit_N2000_P100_s55.npz,6268,,"raw campaign output, kept in the local archive"
4_campaigns/numerical_workplan/runs/N1_AUDIT/branch_audit_N2000_P100_s56.npz,6268,,"raw campaign output, kept in the local archive"
4_campaigns/numerical_workplan/runs/N1_AUDIT/branch_audit_N2000_P100_s61.npz,6268,,"raw campaign output, kept in the local archive"
4_campaigns/numerical_workplan/runs/N1_AUDIT/branch_audit_N2000_P100_s52.npz,6267,,"raw campaign output, kept in the local archive"
4_campaigns/numerical_workplan/runs/N1_AUDIT/branch_audit_N2000_P100_s60.npz,6267,,"raw campaign output, kept in the local archive"
4_campaigns/numerical_workplan/runs/N1_AUDIT/branch_audit_N2000_P100_s45.npz,6265,,"raw campaign output, kept in the local archive"
4_campaigns/numerical_workplan/runs/N1_AUDIT/branch_audit_N2000_P100_s51.npz,6265,,"raw campaign output, kept in the local archive"
4_campaigns/numerical_workplan/runs/N1_AUDIT/branch_audit_N2000_P100_s42.npz,6263,,"raw campaign output, kept in the local archive"
4_campaigns/numerical_workplan/runs/N1_AUDIT/branch_audit_N2000_P100_s54.npz,6263,,"raw campaign output, kept in the local archive"
4_campaigns/numerical_workplan/runs/N1_AUDIT/branch_audit_N2000_P100_s59.npz,6261,,"raw campaign output, kept in the local archive"
4_campaigns/numerical_workplan/runs/N5B/memory_static_N200_P14_s45.npz,5549,,"raw campaign output, kept in the local archive"
4_campaigns/numerical_workplan/runs/N5B/memory_static_N200_P14_s46.npz,5546,,"raw campaign output, kept in the local archive"
4_campaigns/numerical_workplan/runs/N9/stationarity_N120_a0p050_lam0p3100_s42_dt0p02.npz,5189,,"raw campaign output, kept in the local archive"
4_campaigns/numerical_workplan/runs/N10/threshold_smoke.npz,5162,,"raw campaign output, kept in the local archive"
4_campaigns/numerical_workplan/runs/N5B/memory_static_N120_P8_s42.npz,4613,,"raw campaign output, kept in the local archive"
4_campaigns/numerical_workplan/runs/N1/static_N120_P6_seed42.npz,4466,,"raw campaign output, kept in the local archive"
4_campaigns/numerical_workplan/runs/N7/static_gp_0p05_N120_P6_s42.npz,4330,,"raw campaign output, kept in the local archive"
4_campaigns/numerical_workplan/runs/N7/static_gp_0p1_N120_P6_s42.npz,4330,,"raw campaign output, kept in the local archive"
4_campaigns/numerical_workplan/runs/N5B/memory_static_N200_P14_s42.npz,3787,,"raw campaign output, kept in the local archive"
4_campaigns/numerical_workplan/runs/N5B/memory_static_N200_P14_s43.npz,3787,,"raw campaign output, kept in the local archive"
4_campaigns/numerical_workplan/runs/N5B/memory_static_N200_P14_s44.npz,3787,,"raw campaign output, kept in the local archive"
4_campaigns/numerical_workplan/runs/N6/lyapunov_N120_P6_s42_lam0p310_dt0p01_geometry.npz,2015,,"raw campaign output, kept in the local archive"
